Date,Start time,Stop time,spectral evidence,spectrum time,Comments,Author,GHOST / both,MISS_folder_exists,SONY_folder_exists,files_found,miss_folder_path,sony_folder_path,miss_files_found,sony_files_found,sample_files,time_filter_used,miss_files_list,sony_files_list
2016-12-08,?,?,?,12:45:52,? = unfinished logging business :-),Noora,?,False,False,0,\\birkeland.unis.no\KHO\MISS-1\2016\12\08,\\birkeland.unis.no\KHO\Sony\2016\12\08\Images,0,0,,spectrum time: 12:45:52 (±1 min),[],[]
2017-01-08,08:35,08:55:25,no MISS,,fat one at 8:41:20 & 8:54:14,Tim,both,False,False,0,\\birkeland.unis.no\KHO\MISS-1\2017\01\08,\\birkeland.unis.no\KHO\Sony\2017\01\08\Images,0,0,,range: 08:35:00 - 08:55:25,[],[]
2017-01-08,09:14,09:37:40,no MISS,,"fat ones at 9:15:41, 9:17:43, 9:27:39, 9:32:39",Tim,both,False,False,0,\\birkeland.unis.no\KHO\MISS-1\2017\01\08,\\birkeland.unis.no\KHO\Sony\2017\01\08\Images,0,0,,range: 09:14:00 - 09:37:40,[],[]
2017-11-07,05:49,06:11:15,no MISS,,"fat one at 6:10:14, moonlit",Tim,both,False,False,0,\\birkeland.unis.no\KHO\MISS-1\2017\11\07,\\birkeland.unis.no\KHO\Sony\2017\11\07\Images,0,0,,range: 05:49:00 - 06:11:15,[],[]
2018-03-10,?,?,? ,01:06:55,,Noora,?,False,False,0,\\birkeland.unis.no\KHO\MISS-1\2018\03\10,\\birkeland.unis.no\KHO\Sony\2018\03\10\Images,0,0,,spectrum time: 01:06:55 (±1 min),[],[]
2019-01-12,?,?,?,00:50:08,,Noora,?,False,False,0,\\birkeland.unis.no\KHO\MISS-1\2019\01\12,\\birkeland.unis.no\KHO\Sony\2019\01\12\Images,0,0,,spectrum time: 00:50:08 (±1 min),[],[]
2020-01-01,?,?,?,22:16:00,some clouds but worth cheking,Noora,?,False,False,0,\\birkeland.unis.no\KHO\MISS-1\2020\01\01,\\birkeland.unis.no\KHO\Sony\2020\01\01\Images,0,0,,spectrum time: 22:16:00 (±1 min),[],[]
2020-01-03,08:30,09:50,MISS/HiTIES,09:31:00,"fat one, published",Noora,both,False,False,0,\\birkeland.unis.no\KHO\MISS-1\2020\01\03,\\birkeland.unis.no\KHO\Sony\2020\01\03\Images,0,0,,spectrum time: 09:31:00 (±1 min),[],[]
2020-02-28,03:05:00,03:20:00,HiTIES?/MISS @ 03:19,03:19:00,"semi-fat one, also at 03:49:39?",Noora,both,True,False,3,\\birkeland.unis.no\KHO\MISS-1\2020\02\28,\\birkeland.unis.no\KHO\Sony\2020\02\28\Images,3,0,"MISS-20200228-031800.pgm, MISS-20200228-031900.pgm, MISS-20200228-032000.pgm",spectrum time: 03:19:00 (±1 min),"['MISS-20200228-031800.pgm', 'MISS-20200228-031900.pgm', 'MISS-20200228-032000.pgm']",[]
2020-10-12,?,? ,no HiTIES,18:27:09,STEVE-like,Noora,?,False,False,0,\\birkeland.unis.no\KHO\MISS-1\2020\10\12,\\birkeland.unis.no\KHO\Sony\2020\10\12\Images,0,0,,spectrum time: 18:27:09 (±1 min),[],[]
2020-12-17,?,?,no HiTIES,15:46:31,STEVE-like,Noora,?,True,False,2,\\birkeland.unis.no\KHO\MISS-1\2020\12\17,\\birkeland.unis.no\KHO\Sony\2020\12\17\Images,2,0,"MISS-20201217-154600.pgm, MISS-20201217-154700.pgm",spectrum time: 15:46:31 (±1 min),"['MISS-20201217-154600.pgm', 'MISS-20201217-154700.pgm']",[]
2021-01-25,06:45,06:55,no MISS,,STEVE-like skinny,Tim,both,False,True,49,\\birkeland.unis.no\KHO\MISS-1\2021\01\25,\\birkeland.unis.no\KHO\Sony\2021\01\25\Images,0,49,"LYR-Sony-250121_064507.jpg, LYR-Sony-250121_064520.jpg, LYR-Sony-250121_064531.jpg ... (49 total)",range: 06:45:00 - 06:55:00,[],"['LYR-Sony-250121_064507.jpg', 'LYR-Sony-250121_064520.jpg', 'LYR-Sony-250121_064531.jpg', 'LYR-Sony-250121_064544.jpg', 'LYR-Sony-250121_064556.jpg', 'LYR-Sony-250121_064608.jpg', 'LYR-Sony-250121_064620.jpg', 'LYR-Sony-250121_064632.jpg', 'LYR-Sony-250121_064644.jpg', 'LYR-Sony-250121_064656.jpg', 'LYR-Sony-250121_064708.jpg', 'LYR-Sony-250121_064720.jpg', 'LYR-Sony-250121_064732.jpg', 'LYR-Sony-250121_064744.jpg', 'LYR-Sony-250121_064756.jpg', 'LYR-Sony-250121_064809.jpg', 'LYR-Sony-250121_064821.jpg', 'LYR-Sony-250121_064833.jpg', 'LYR-Sony-250121_064845.jpg', 'LYR-Sony-250121_064857.jpg', 'LYR-Sony-250121_064910.jpg', 'LYR-Sony-250121_064922.jpg', 'LYR-Sony-250121_064934.jpg', 'LYR-Sony-250121_064946.jpg', 'LYR-Sony-250121_064959.jpg', 'LYR-Sony-250121_065011.jpg', 'LYR-Sony-250121_065023.jpg', 'LYR-Sony-250121_065035.jpg', 'LYR-Sony-250121_065047.jpg', 'LYR-Sony-250121_065059.jpg', 'LYR-Sony-250121_065112.jpg', 'LYR-Sony-250121_065124.jpg', 'LYR-Sony-250121_065135.jpg', 'LYR-Sony-250121_065147.jpg', 'LYR-Sony-250121_065159.jpg', 'LYR-Sony-250121_065211.jpg', 'LYR-Sony-250121_065223.jpg', 'LYR-Sony-250121_065235.jpg', 'LYR-Sony-250121_065247.jpg', 'LYR-Sony-250121_065300.jpg', 'LYR-Sony-250121_065312.jpg', 'LYR-Sony-250121_065324.jpg', 'LYR-Sony-250121_065336.jpg', 'LYR-Sony-250121_065348.jpg', 'LYR-Sony-250121_065401.jpg', 'LYR-Sony-250121_065413.jpg', 'LYR-Sony-250121_065425.jpg', 'LYR-Sony-250121_065437.jpg', 'LYR-Sony-250121_065449.jpg']"
2021-01-25,07:08,07:14,no MISS,,"fat blobb, another one at 7:37",Tim,both,False,True,29,\\birkeland.unis.no\KHO\MISS-1\2021\01\25,\\birkeland.unis.no\KHO\Sony\2021\01\25\Images,0,29,"LYR-Sony-250121_070811.jpg, LYR-Sony-250121_070823.jpg, LYR-Sony-250121_070836.jpg ... (29 total)",range: 07:08:00 - 07:14:00,[],"['LYR-Sony-250121_070811.jpg', 'LYR-Sony-250121_070823.jpg', 'LYR-Sony-250121_070836.jpg', 'LYR-Sony-250121_070847.jpg', 'LYR-Sony-250121_070900.jpg', 'LYR-Sony-250121_070912.jpg', 'LYR-Sony-250121_070924.jpg', 'LYR-Sony-250121_070936.jpg', 'LYR-Sony-250121_070948.jpg', 'LYR-Sony-250121_071000.jpg', 'LYR-Sony-250121_071013.jpg', 'LYR-Sony-250121_071025.jpg', 'LYR-Sony-250121_071037.jpg', 'LYR-Sony-250121_071049.jpg', 'LYR-Sony-250121_071101.jpg', 'LYR-Sony-250121_071113.jpg', 'LYR-Sony-250121_071125.jpg', 'LYR-Sony-250121_071138.jpg', 'LYR-Sony-250121_071150.jpg', 'LYR-Sony-250121_071202.jpg', 'LYR-Sony-250121_071214.jpg', 'LYR-Sony-250121_071226.jpg', 'LYR-Sony-250121_071238.jpg', 'LYR-Sony-250121_071250.jpg', 'LYR-Sony-250121_071302.jpg', 'LYR-Sony-250121_071314.jpg', 'LYR-Sony-250121_071326.jpg', 'LYR-Sony-250121_071339.jpg', 'LYR-Sony-250121_071351.jpg']"
2021-02-09,05:25,,,?,STEVE-like,Noora,,False,True,5839,\\birkeland.unis.no\KHO\MISS-1\2021\02\09,\\birkeland.unis.no\KHO\Sony\2021\02\09\Images,0,5839,"LYR-Sony-090221_000005.jpg, LYR-Sony-090221_000016.jpg, LYR-Sony-090221_000028.jpg ... (5839 total)",from: 05:25:00,[],"['LYR-Sony-090221_000005.jpg', 'LYR-Sony-090221_000016.jpg', 'LYR-Sony-090221_000028.jpg', 'LYR-Sony-090221_000040.jpg', 'LYR-Sony-090221_000051.jpg', 'LYR-Sony-090221_000102.jpg', 'LYR-Sony-090221_000113.jpg', 'LYR-Sony-090221_000125.jpg', 'LYR-Sony-090221_000136.jpg', 'LYR-Sony-090221_000147.jpg', 'LYR-Sony-090221_000159.jpg', 'LYR-Sony-090221_000210.jpg', 'LYR-Sony-090221_000222.jpg', 'LYR-Sony-090221_000233.jpg', 'LYR-Sony-090221_000245.jpg', 'LYR-Sony-090221_000256.jpg', 'LYR-Sony-090221_000307.jpg', 'LYR-Sony-090221_000319.jpg', 'LYR-Sony-090221_000331.jpg', 'LYR-Sony-090221_000342.jpg', 'LYR-Sony-090221_000354.jpg', 'LYR-Sony-090221_000405.jpg', 'LYR-Sony-090221_000417.jpg', 'LYR-Sony-090221_000428.jpg', 'LYR-Sony-090221_000440.jpg', 'LYR-Sony-090221_000451.jpg', 'LYR-Sony-090221_000503.jpg', 'LYR-Sony-090221_000514.jpg', 'LYR-Sony-090221_000526.jpg', 'LYR-Sony-090221_000537.jpg', 'LYR-Sony-090221_000548.jpg', 'LYR-Sony-090221_000600.jpg', 'LYR-Sony-090221_000611.jpg', 'LYR-Sony-090221_000622.jpg', 'LYR-Sony-090221_000634.jpg', 'LYR-Sony-090221_000645.jpg', 'LYR-Sony-090221_000657.jpg', 'LYR-Sony-090221_000708.jpg', 'LYR-Sony-090221_000719.jpg', 'LYR-Sony-090221_000731.jpg', 'LYR-Sony-090221_000742.jpg', 'LYR-Sony-090221_000753.jpg', 'LYR-Sony-090221_000805.jpg', 'LYR-Sony-090221_000816.jpg', 'LYR-Sony-090221_000828.jpg', 'LYR-Sony-090221_000839.jpg', 'LYR-Sony-090221_000850.jpg', 'LYR-Sony-090221_000902.jpg', 'LYR-Sony-090221_000913.jpg', 'LYR-Sony-090221_000925.jpg', 'LYR-Sony-090221_000936.jpg', 'LYR-Sony-090221_000948.jpg', 'LYR-Sony-090221_000959.jpg', 'LYR-Sony-090221_001011.jpg', 'LYR-Sony-090221_001022.jpg', 'LYR-Sony-090221_001034.jpg', 'LYR-Sony-090221_001045.jpg', 'LYR-Sony-090221_001057.jpg', 'LYR-Sony-090221_001108.jpg', 'LYR-Sony-090221_001120.jpg', 'LYR-Sony-090221_001132.jpg', 'LYR-Sony-090221_001143.jpg', 'LYR-Sony-090221_001154.jpg', 'LYR-Sony-090221_001206.jpg', 'LYR-Sony-090221_001217.jpg', 'LYR-Sony-090221_001229.jpg', 'LYR-Sony-090221_001240.jpg', 'LYR-Sony-090221_001252.jpg', 'LYR-Sony-090221_001303.jpg', 'LYR-Sony-090221_001315.jpg', 'LYR-Sony-090221_001326.jpg', 'LYR-Sony-090221_001338.jpg', 'LYR-Sony-090221_001349.jpg', 'LYR-Sony-090221_001401.jpg', 'LYR-Sony-090221_001412.jpg', 'LYR-Sony-090221_001423.jpg', 'LYR-Sony-090221_001435.jpg', 'LYR-Sony-090221_001446.jpg', 'LYR-Sony-090221_001458.jpg', 'LYR-Sony-090221_001510.jpg', 'LYR-Sony-090221_001521.jpg', 'LYR-Sony-090221_001533.jpg', 'LYR-Sony-090221_001544.jpg', 'LYR-Sony-090221_001556.jpg', 'LYR-Sony-090221_001607.jpg', 'LYR-Sony-090221_001619.jpg', 'LYR-Sony-090221_001630.jpg', 'LYR-Sony-090221_001641.jpg', 'LYR-Sony-090221_001652.jpg', 'LYR-Sony-090221_001704.jpg', 'LYR-Sony-090221_001715.jpg', 'LYR-Sony-090221_001727.jpg', 'LYR-Sony-090221_001738.jpg', 'LYR-Sony-090221_001749.jpg', 'LYR-Sony-090221_001801.jpg', 'LYR-Sony-090221_001812.jpg', 'LYR-Sony-090221_001824.jpg', 'LYR-Sony-090221_001836.jpg', 'LYR-Sony-090221_001847.jpg', 'LYR-Sony-090221_001859.jpg', 'LYR-Sony-090221_001911.jpg', 'LYR-Sony-090221_001923.jpg', 'LYR-Sony-090221_001934.jpg', 'LYR-Sony-090221_001946.jpg', 'LYR-Sony-090221_001957.jpg', 'LYR-Sony-090221_002008.jpg', 'LYR-Sony-090221_002020.jpg', 'LYR-Sony-090221_002032.jpg', 'LYR-Sony-090221_002043.jpg', 'LYR-Sony-090221_002055.jpg', 'LYR-Sony-090221_002106.jpg', 'LYR-Sony-090221_002118.jpg', 'LYR-Sony-090221_002129.jpg', 'LYR-Sony-090221_002141.jpg', 'LYR-Sony-090221_002153.jpg', 'LYR-Sony-090221_002204.jpg', 'LYR-Sony-090221_002216.jpg', 'LYR-Sony-090221_002228.jpg', 'LYR-Sony-090221_002239.jpg', 'LYR-Sony-090221_002251.jpg', 'LYR-Sony-090221_002303.jpg', 'LYR-Sony-090221_002314.jpg', 'LYR-Sony-090221_002325.jpg', 'LYR-Sony-090221_002337.jpg', 'LYR-Sony-090221_002349.jpg', 'LYR-Sony-090221_002400.jpg', 'LYR-Sony-090221_002411.jpg', 'LYR-Sony-090221_002423.jpg', 'LYR-Sony-090221_002435.jpg', 'LYR-Sony-090221_002446.jpg', 'LYR-Sony-090221_002457.jpg', 'LYR-Sony-090221_002509.jpg', 'LYR-Sony-090221_002520.jpg', 'LYR-Sony-090221_002532.jpg', 'LYR-Sony-090221_002544.jpg', 'LYR-Sony-090221_002555.jpg', 'LYR-Sony-090221_002606.jpg', 'LYR-Sony-090221_002618.jpg', 'LYR-Sony-090221_002630.jpg', 'LYR-Sony-090221_002641.jpg', 'LYR-Sony-090221_002652.jpg', 'LYR-Sony-090221_002704.jpg', 'LYR-Sony-090221_002715.jpg', 'LYR-Sony-090221_002727.jpg', 'LYR-Sony-090221_002739.jpg', 'LYR-Sony-090221_002750.jpg', 'LYR-Sony-090221_002802.jpg', 'LYR-Sony-090221_002813.jpg', 'LYR-Sony-090221_002825.jpg', 'LYR-Sony-090221_002836.jpg', 'LYR-Sony-090221_002848.jpg', 'LYR-Sony-090221_002859.jpg', 'LYR-Sony-090221_002910.jpg', 'LYR-Sony-090221_002922.jpg', 'LYR-Sony-090221_002933.jpg', 'LYR-Sony-090221_002945.jpg', 'LYR-Sony-090221_002957.jpg', 'LYR-Sony-090221_003008.jpg', 'LYR-Sony-090221_003019.jpg', 'LYR-Sony-090221_003031.jpg', 'LYR-Sony-090221_003043.jpg', 'LYR-Sony-090221_003054.jpg', 'LYR-Sony-090221_003105.jpg', 'LYR-Sony-090221_003117.jpg', 'LYR-Sony-090221_003128.jpg', 'LYR-Sony-090221_003140.jpg', 'LYR-Sony-090221_003152.jpg', 'LYR-Sony-090221_003203.jpg', 'LYR-Sony-090221_003215.jpg', 'LYR-Sony-090221_003226.jpg', 'LYR-Sony-090221_003238.jpg', 'LYR-Sony-090221_003250.jpg', 'LYR-Sony-090221_003301.jpg', 'LYR-Sony-090221_003312.jpg', 'LYR-Sony-090221_003324.jpg', 'LYR-Sony-090221_003335.jpg', 'LYR-Sony-090221_003347.jpg', 'LYR-Sony-090221_003358.jpg', 'LYR-Sony-090221_003410.jpg', 'LYR-Sony-090221_003421.jpg', 'LYR-Sony-090221_003433.jpg', 'LYR-Sony-090221_003444.jpg', 'LYR-Sony-090221_003456.jpg', 'LYR-Sony-090221_003507.jpg', 'LYR-Sony-090221_003519.jpg', 'LYR-Sony-090221_003530.jpg', 'LYR-Sony-090221_003542.jpg', 'LYR-Sony-090221_003554.jpg', 'LYR-Sony-090221_003605.jpg', 'LYR-Sony-090221_003617.jpg', 'LYR-Sony-090221_003628.jpg', 'LYR-Sony-090221_003640.jpg', 'LYR-Sony-090221_003651.jpg', 'LYR-Sony-090221_003703.jpg', 'LYR-Sony-090221_003714.jpg', 'LYR-Sony-090221_003726.jpg', 'LYR-Sony-090221_003737.jpg', 'LYR-Sony-090221_003749.jpg', 'LYR-Sony-090221_003800.jpg', 'LYR-Sony-090221_003812.jpg', 'LYR-Sony-090221_003823.jpg', 'LYR-Sony-090221_003835.jpg', 'LYR-Sony-090221_003846.jpg', 'LYR-Sony-090221_003858.jpg', 'LYR-Sony-090221_003909.jpg', 'LYR-Sony-090221_003921.jpg', 'LYR-Sony-090221_003932.jpg', 'LYR-Sony-090221_003944.jpg', 'LYR-Sony-090221_003955.jpg', 'LYR-Sony-090221_004007.jpg', 'LYR-Sony-090221_004019.jpg', 'LYR-Sony-090221_004030.jpg', 'LYR-Sony-090221_004042.jpg', 'LYR-Sony-090221_004053.jpg', 'LYR-Sony-090221_004105.jpg', 'LYR-Sony-090221_004116.jpg', 'LYR-Sony-090221_004127.jpg', 'LYR-Sony-090221_004139.jpg', 'LYR-Sony-090221_004150.jpg', 'LYR-Sony-090221_004201.jpg', 'LYR-Sony-090221_004213.jpg', 'LYR-Sony-090221_004224.jpg', 'LYR-Sony-090221_004235.jpg', 'LYR-Sony-090221_004247.jpg', 'LYR-Sony-090221_004258.jpg', 'LYR-Sony-090221_004310.jpg', 'LYR-Sony-090221_004322.jpg', 'LYR-Sony-090221_004333.jpg', 'LYR-Sony-090221_004345.jpg', 'LYR-Sony-090221_004357.jpg', 'LYR-Sony-090221_004408.jpg', 'LYR-Sony-090221_004419.jpg', 'LYR-Sony-090221_004431.jpg', 'LYR-Sony-090221_004442.jpg', 'LYR-Sony-090221_004454.jpg', 'LYR-Sony-090221_004506.jpg', 'LYR-Sony-090221_004517.jpg', 'LYR-Sony-090221_004529.jpg', 'LYR-Sony-090221_004540.jpg', 'LYR-Sony-090221_004552.jpg', 'LYR-Sony-090221_004603.jpg', 'LYR-Sony-090221_004615.jpg', 'LYR-Sony-090221_004627.jpg', 'LYR-Sony-090221_004638.jpg', 'LYR-Sony-090221_004649.jpg', 'LYR-Sony-090221_004700.jpg', 'LYR-Sony-090221_004712.jpg', 'LYR-Sony-090221_004723.jpg', 'LYR-Sony-090221_004735.jpg', 'LYR-Sony-090221_004747.jpg', 'LYR-Sony-090221_004758.jpg', 'LYR-Sony-090221_004809.jpg', 'LYR-Sony-090221_004821.jpg', 'LYR-Sony-090221_004832.jpg', 'LYR-Sony-090221_004844.jpg', 'LYR-Sony-090221_004855.jpg', 'LYR-Sony-090221_004906.jpg', 'LYR-Sony-090221_004918.jpg', 'LYR-Sony-090221_004929.jpg', 'LYR-Sony-090221_004941.jpg', 'LYR-Sony-090221_004952.jpg', 'LYR-Sony-090221_005004.jpg', 'LYR-Sony-090221_005016.jpg', 'LYR-Sony-090221_005027.jpg', 'LYR-Sony-090221_005038.jpg', 'LYR-Sony-090221_005050.jpg', 'LYR-Sony-090221_005101.jpg', 'LYR-Sony-090221_005113.jpg', 'LYR-Sony-090221_005124.jpg', 'LYR-Sony-090221_005135.jpg', 'LYR-Sony-090221_005147.jpg', 'LYR-Sony-090221_005158.jpg', 'LYR-Sony-090221_005210.jpg', 'LYR-Sony-090221_005221.jpg', 'LYR-Sony-090221_005233.jpg', 'LYR-Sony-090221_005244.jpg', 'LYR-Sony-090221_005256.jpg', 'LYR-Sony-090221_005307.jpg', 'LYR-Sony-090221_005318.jpg', 'LYR-Sony-090221_005330.jpg', 'LYR-Sony-090221_005341.jpg', 'LYR-Sony-090221_005352.jpg', 'LYR-Sony-090221_005404.jpg', 'LYR-Sony-090221_005415.jpg', 'LYR-Sony-090221_005427.jpg', 'LYR-Sony-090221_005438.jpg', 'LYR-Sony-090221_005450.jpg', 'LYR-Sony-090221_005501.jpg', 'LYR-Sony-090221_005513.jpg', 'LYR-Sony-090221_005524.jpg', 'LYR-Sony-090221_005536.jpg', 'LYR-Sony-090221_005547.jpg', 'LYR-Sony-090221_005559.jpg', 'LYR-Sony-090221_005611.jpg', 'LYR-Sony-090221_005622.jpg', 'LYR-Sony-090221_005633.jpg', 'LYR-Sony-090221_005645.jpg', 'LYR-Sony-090221_005657.jpg', 'LYR-Sony-090221_005708.jpg', 'LYR-Sony-090221_005720.jpg', 'LYR-Sony-090221_005731.jpg', 'LYR-Sony-090221_005743.jpg', 'LYR-Sony-090221_005754.jpg', 'LYR-Sony-090221_005807.jpg', 'LYR-Sony-090221_005818.jpg', 'LYR-Sony-090221_005829.jpg', 'LYR-Sony-090221_005841.jpg', 'LYR-Sony-090221_005852.jpg', 'LYR-Sony-090221_005904.jpg', 'LYR-Sony-090221_005915.jpg', 'LYR-Sony-090221_005927.jpg', 'LYR-Sony-090221_005938.jpg', 'LYR-Sony-090221_005950.jpg', 'LYR-Sony-090221_010001.jpg', 'LYR-Sony-090221_010013.jpg', 'LYR-Sony-090221_010024.jpg', 'LYR-Sony-090221_010036.jpg', 'LYR-Sony-090221_010047.jpg', 'LYR-Sony-090221_010059.jpg', 'LYR-Sony-090221_010110.jpg', 'LYR-Sony-090221_010122.jpg', 'LYR-Sony-090221_010134.jpg', 'LYR-Sony-090221_010145.jpg', 'LYR-Sony-090221_010157.jpg', 'LYR-Sony-090221_010209.jpg', 'LYR-Sony-090221_010220.jpg', 'LYR-Sony-090221_010232.jpg', 'LYR-Sony-090221_010243.jpg', 'LYR-Sony-090221_010255.jpg', 'LYR-Sony-090221_010306.jpg', 'LYR-Sony-090221_010319.jpg', 'LYR-Sony-090221_010330.jpg', 'LYR-Sony-090221_010342.jpg', 'LYR-Sony-090221_010353.jpg', 'LYR-Sony-090221_010405.jpg', 'LYR-Sony-090221_010416.jpg', 'LYR-Sony-090221_010428.jpg', 'LYR-Sony-090221_010439.jpg', 'LYR-Sony-090221_010451.jpg', 'LYR-Sony-090221_010503.jpg', 'LYR-Sony-090221_010515.jpg', 'LYR-Sony-090221_010527.jpg', 'LYR-Sony-090221_010538.jpg', 'LYR-Sony-090221_010550.jpg', 'LYR-Sony-090221_010602.jpg', 'LYR-Sony-090221_010613.jpg', 'LYR-Sony-090221_010625.jpg', 'LYR-Sony-090221_010636.jpg', 'LYR-Sony-090221_010648.jpg', 'LYR-Sony-090221_010659.jpg', 'LYR-Sony-090221_010710.jpg', 'LYR-Sony-090221_010722.jpg', 'LYR-Sony-090221_010734.jpg', 'LYR-Sony-090221_010745.jpg', 'LYR-Sony-090221_010757.jpg', 'LYR-Sony-090221_010809.jpg', 'LYR-Sony-090221_010820.jpg', 'LYR-Sony-090221_010831.jpg', 'LYR-Sony-090221_010843.jpg', 'LYR-Sony-090221_010854.jpg', 'LYR-Sony-090221_010906.jpg', 'LYR-Sony-090221_010918.jpg', 'LYR-Sony-090221_010929.jpg', 'LYR-Sony-090221_010941.jpg', 'LYR-Sony-090221_010953.jpg', 'LYR-Sony-090221_011004.jpg', 'LYR-Sony-090221_011016.jpg', 'LYR-Sony-090221_011028.jpg', 'LYR-Sony-090221_011039.jpg', 'LYR-Sony-090221_011050.jpg', 'LYR-Sony-090221_011102.jpg', 'LYR-Sony-090221_011114.jpg', 'LYR-Sony-090221_011125.jpg', 'LYR-Sony-090221_011136.jpg', 'LYR-Sony-090221_011148.jpg', 'LYR-Sony-090221_011159.jpg', 'LYR-Sony-090221_011211.jpg', 'LYR-Sony-090221_011222.jpg', 'LYR-Sony-090221_011234.jpg', 'LYR-Sony-090221_011245.jpg', 'LYR-Sony-090221_011257.jpg', 'LYR-Sony-090221_011308.jpg', 'LYR-Sony-090221_011320.jpg', 'LYR-Sony-090221_011332.jpg', 'LYR-Sony-090221_011344.jpg', 'LYR-Sony-090221_011355.jpg', 'LYR-Sony-090221_011407.jpg', 'LYR-Sony-090221_011419.jpg', 'LYR-Sony-090221_011430.jpg', 'LYR-Sony-090221_011442.jpg', 'LYR-Sony-090221_011454.jpg', 'LYR-Sony-090221_011505.jpg', 'LYR-Sony-090221_011517.jpg', 'LYR-Sony-090221_011528.jpg', 'LYR-Sony-090221_011540.jpg', 'LYR-Sony-090221_011552.jpg', 'LYR-Sony-090221_011603.jpg', 'LYR-Sony-090221_011614.jpg', 'LYR-Sony-090221_011626.jpg', 'LYR-Sony-090221_011637.jpg', 'LYR-Sony-090221_011649.jpg', 'LYR-Sony-090221_011700.jpg', 'LYR-Sony-090221_011712.jpg', 'LYR-Sony-090221_011724.jpg', 'LYR-Sony-090221_011735.jpg', 'LYR-Sony-090221_011747.jpg', 'LYR-Sony-090221_011758.jpg', 'LYR-Sony-090221_011810.jpg', 'LYR-Sony-090221_011822.jpg', 'LYR-Sony-090221_011833.jpg', 'LYR-Sony-090221_011845.jpg', 'LYR-Sony-090221_011857.jpg', 'LYR-Sony-090221_011908.jpg', 'LYR-Sony-090221_011920.jpg', 'LYR-Sony-090221_011931.jpg', 'LYR-Sony-090221_011943.jpg', 'LYR-Sony-090221_011954.jpg', 'LYR-Sony-090221_012006.jpg', 'LYR-Sony-090221_012018.jpg', 'LYR-Sony-090221_012029.jpg', 'LYR-Sony-090221_012041.jpg', 'LYR-Sony-090221_012052.jpg', 'LYR-Sony-090221_012104.jpg', 'LYR-Sony-090221_012115.jpg', 'LYR-Sony-090221_012127.jpg', 'LYR-Sony-090221_012138.jpg', 'LYR-Sony-090221_012150.jpg', 'LYR-Sony-090221_012202.jpg', 'LYR-Sony-090221_012214.jpg', 'LYR-Sony-090221_012225.jpg', 'LYR-Sony-090221_012237.jpg', 'LYR-Sony-090221_012248.jpg', 'LYR-Sony-090221_012300.jpg', 'LYR-Sony-090221_012312.jpg', 'LYR-Sony-090221_012324.jpg', 'LYR-Sony-090221_012335.jpg', 'LYR-Sony-090221_012347.jpg', 'LYR-Sony-090221_012359.jpg', 'LYR-Sony-090221_012410.jpg', 'LYR-Sony-090221_012421.jpg', 'LYR-Sony-090221_012433.jpg', 'LYR-Sony-090221_012445.jpg', 'LYR-Sony-090221_012456.jpg', 'LYR-Sony-090221_012508.jpg', 'LYR-Sony-090221_012520.jpg', 'LYR-Sony-090221_012531.jpg', 'LYR-Sony-090221_012543.jpg', 'LYR-Sony-090221_012554.jpg', 'LYR-Sony-090221_012606.jpg', 'LYR-Sony-090221_012617.jpg', 'LYR-Sony-090221_012628.jpg', 'LYR-Sony-090221_012640.jpg', 'LYR-Sony-090221_012651.jpg', 'LYR-Sony-090221_012703.jpg', 'LYR-Sony-090221_012715.jpg', 'LYR-Sony-090221_012726.jpg', 'LYR-Sony-090221_012738.jpg', 'LYR-Sony-090221_012750.jpg', 'LYR-Sony-090221_012801.jpg', 'LYR-Sony-090221_012813.jpg', 'LYR-Sony-090221_012825.jpg', 'LYR-Sony-090221_012836.jpg', 'LYR-Sony-090221_012848.jpg', 'LYR-Sony-090221_012859.jpg', 'LYR-Sony-090221_012911.jpg', 'LYR-Sony-090221_012922.jpg', 'LYR-Sony-090221_012934.jpg', 'LYR-Sony-090221_012945.jpg', 'LYR-Sony-090221_012957.jpg', 'LYR-Sony-090221_013009.jpg', 'LYR-Sony-090221_013020.jpg', 'LYR-Sony-090221_013031.jpg', 'LYR-Sony-090221_013043.jpg', 'LYR-Sony-090221_013055.jpg', 'LYR-Sony-090221_013106.jpg', 'LYR-Sony-090221_013117.jpg', 'LYR-Sony-090221_013129.jpg', 'LYR-Sony-090221_013141.jpg', 'LYR-Sony-090221_013152.jpg', 'LYR-Sony-090221_013204.jpg', 'LYR-Sony-090221_013215.jpg', 'LYR-Sony-090221_013226.jpg', 'LYR-Sony-090221_013238.jpg', 'LYR-Sony-090221_013250.jpg', 'LYR-Sony-090221_013301.jpg', 'LYR-Sony-090221_013312.jpg', 'LYR-Sony-090221_013324.jpg', 'LYR-Sony-090221_013335.jpg', 'LYR-Sony-090221_013347.jpg', 'LYR-Sony-090221_013358.jpg', 'LYR-Sony-090221_013410.jpg', 'LYR-Sony-090221_013421.jpg', 'LYR-Sony-090221_013433.jpg', 'LYR-Sony-090221_013445.jpg', 'LYR-Sony-090221_013456.jpg', 'LYR-Sony-090221_013508.jpg', 'LYR-Sony-090221_013519.jpg', 'LYR-Sony-090221_013531.jpg', 'LYR-Sony-090221_013543.jpg', 'LYR-Sony-090221_013554.jpg', 'LYR-Sony-090221_013606.jpg', 'LYR-Sony-090221_013617.jpg', 'LYR-Sony-090221_013629.jpg', 'LYR-Sony-090221_013640.jpg', 'LYR-Sony-090221_013652.jpg', 'LYR-Sony-090221_013704.jpg', 'LYR-Sony-090221_013715.jpg', 'LYR-Sony-090221_013726.jpg', 'LYR-Sony-090221_013738.jpg', 'LYR-Sony-090221_013750.jpg', 'LYR-Sony-090221_013801.jpg', 'LYR-Sony-090221_013813.jpg', 'LYR-Sony-090221_013824.jpg', 'LYR-Sony-090221_013836.jpg', 'LYR-Sony-090221_013848.jpg', 'LYR-Sony-090221_013859.jpg', 'LYR-Sony-090221_013911.jpg', 'LYR-Sony-090221_013922.jpg', 'LYR-Sony-090221_013934.jpg', 'LYR-Sony-090221_013946.jpg', 'LYR-Sony-090221_013957.jpg', 'LYR-Sony-090221_014009.jpg', 'LYR-Sony-090221_014020.jpg', 'LYR-Sony-090221_014032.jpg', 'LYR-Sony-090221_014043.jpg', 'LYR-Sony-090221_014055.jpg', 'LYR-Sony-090221_014106.jpg', 'LYR-Sony-090221_014118.jpg', 'LYR-Sony-090221_014130.jpg', 'LYR-Sony-090221_014141.jpg', 'LYR-Sony-090221_014153.jpg', 'LYR-Sony-090221_014205.jpg', 'LYR-Sony-090221_014216.jpg', 'LYR-Sony-090221_014227.jpg', 'LYR-Sony-090221_014239.jpg', 'LYR-Sony-090221_014251.jpg', 'LYR-Sony-090221_014303.jpg', 'LYR-Sony-090221_014314.jpg', 'LYR-Sony-090221_014326.jpg', 'LYR-Sony-090221_014337.jpg', 'LYR-Sony-090221_014349.jpg', 'LYR-Sony-090221_014400.jpg', 'LYR-Sony-090221_014412.jpg', 'LYR-Sony-090221_014424.jpg', 'LYR-Sony-090221_014435.jpg', 'LYR-Sony-090221_014447.jpg', 'LYR-Sony-090221_014458.jpg', 'LYR-Sony-090221_014510.jpg', 'LYR-Sony-090221_014522.jpg', 'LYR-Sony-090221_014534.jpg', 'LYR-Sony-090221_014545.jpg', 'LYR-Sony-090221_014557.jpg', 'LYR-Sony-090221_014608.jpg', 'LYR-Sony-090221_014620.jpg', 'LYR-Sony-090221_014632.jpg', 'LYR-Sony-090221_014643.jpg', 'LYR-Sony-090221_014655.jpg', 'LYR-Sony-090221_014707.jpg', 'LYR-Sony-090221_014718.jpg', 'LYR-Sony-090221_014730.jpg', 'LYR-Sony-090221_014742.jpg', 'LYR-Sony-090221_014754.jpg', 'LYR-Sony-090221_014805.jpg', 'LYR-Sony-090221_014817.jpg', 'LYR-Sony-090221_014829.jpg', 'LYR-Sony-090221_014840.jpg', 'LYR-Sony-090221_014852.jpg', 'LYR-Sony-090221_014904.jpg', 'LYR-Sony-090221_014916.jpg', 'LYR-Sony-090221_014927.jpg', 'LYR-Sony-090221_014939.jpg', 'LYR-Sony-090221_014951.jpg', 'LYR-Sony-090221_015002.jpg', 'LYR-Sony-090221_015014.jpg', 'LYR-Sony-090221_015026.jpg', 'LYR-Sony-090221_015037.jpg', 'LYR-Sony-090221_015049.jpg', 'LYR-Sony-090221_015101.jpg', 'LYR-Sony-090221_015113.jpg', 'LYR-Sony-090221_015124.jpg', 'LYR-Sony-090221_015136.jpg', 'LYR-Sony-090221_015148.jpg', 'LYR-Sony-090221_015159.jpg', 'LYR-Sony-090221_015211.jpg', 'LYR-Sony-090221_015223.jpg', 'LYR-Sony-090221_015235.jpg', 'LYR-Sony-090221_015247.jpg', 'LYR-Sony-090221_015259.jpg', 'LYR-Sony-090221_015311.jpg', 'LYR-Sony-090221_015322.jpg', 'LYR-Sony-090221_015334.jpg', 'LYR-Sony-090221_015346.jpg', 'LYR-Sony-090221_015357.jpg', 'LYR-Sony-090221_015409.jpg', 'LYR-Sony-090221_015421.jpg', 'LYR-Sony-090221_015432.jpg', 'LYR-Sony-090221_015444.jpg', 'LYR-Sony-090221_015456.jpg', 'LYR-Sony-090221_015507.jpg', 'LYR-Sony-090221_015519.jpg', 'LYR-Sony-090221_015531.jpg', 'LYR-Sony-090221_015542.jpg', 'LYR-Sony-090221_015554.jpg', 'LYR-Sony-090221_015605.jpg', 'LYR-Sony-090221_015617.jpg', 'LYR-Sony-090221_015629.jpg', 'LYR-Sony-090221_015640.jpg', 'LYR-Sony-090221_015652.jpg', 'LYR-Sony-090221_015704.jpg', 'LYR-Sony-090221_015715.jpg', 'LYR-Sony-090221_015727.jpg', 'LYR-Sony-090221_015739.jpg', 'LYR-Sony-090221_015750.jpg', 'LYR-Sony-090221_015802.jpg', 'LYR-Sony-090221_015813.jpg', 'LYR-Sony-090221_015825.jpg', 'LYR-Sony-090221_015837.jpg', 'LYR-Sony-090221_015848.jpg', 'LYR-Sony-090221_015900.jpg', 'LYR-Sony-090221_015912.jpg', 'LYR-Sony-090221_015923.jpg', 'LYR-Sony-090221_015935.jpg', 'LYR-Sony-090221_015946.jpg', 'LYR-Sony-090221_015958.jpg', 'LYR-Sony-090221_020010.jpg', 'LYR-Sony-090221_020021.jpg', 'LYR-Sony-090221_020033.jpg', 'LYR-Sony-090221_020045.jpg', 'LYR-Sony-090221_020057.jpg', 'LYR-Sony-090221_020109.jpg', 'LYR-Sony-090221_020121.jpg', 'LYR-Sony-090221_020133.jpg', 'LYR-Sony-090221_020144.jpg', 'LYR-Sony-090221_020156.jpg', 'LYR-Sony-090221_020208.jpg', 'LYR-Sony-090221_020219.jpg', 'LYR-Sony-090221_020231.jpg', 'LYR-Sony-090221_020242.jpg', 'LYR-Sony-090221_020254.jpg', 'LYR-Sony-090221_020306.jpg', 'LYR-Sony-090221_020317.jpg', 'LYR-Sony-090221_020329.jpg', 'LYR-Sony-090221_020340.jpg', 'LYR-Sony-090221_020352.jpg', 'LYR-Sony-090221_020404.jpg', 'LYR-Sony-090221_020415.jpg', 'LYR-Sony-090221_020427.jpg', 'LYR-Sony-090221_020438.jpg', 'LYR-Sony-090221_020450.jpg', 'LYR-Sony-090221_020501.jpg', 'LYR-Sony-090221_020513.jpg', 'LYR-Sony-090221_020525.jpg', 'LYR-Sony-090221_020536.jpg', 'LYR-Sony-090221_020548.jpg', 'LYR-Sony-090221_020600.jpg', 'LYR-Sony-090221_020611.jpg', 'LYR-Sony-090221_020623.jpg', 'LYR-Sony-090221_020634.jpg', 'LYR-Sony-090221_020646.jpg', 'LYR-Sony-090221_020658.jpg', 'LYR-Sony-090221_020709.jpg', 'LYR-Sony-090221_020721.jpg', 'LYR-Sony-090221_020732.jpg', 'LYR-Sony-090221_020744.jpg', 'LYR-Sony-090221_020756.jpg', 'LYR-Sony-090221_020808.jpg', 'LYR-Sony-090221_020819.jpg', 'LYR-Sony-090221_020831.jpg', 'LYR-Sony-090221_020843.jpg', 'LYR-Sony-090221_020855.jpg', 'LYR-Sony-090221_020906.jpg', 'LYR-Sony-090221_020918.jpg', 'LYR-Sony-090221_020929.jpg', 'LYR-Sony-090221_020941.jpg', 'LYR-Sony-090221_020952.jpg', 'LYR-Sony-090221_021004.jpg', 'LYR-Sony-090221_021015.jpg', 'LYR-Sony-090221_021027.jpg', 'LYR-Sony-090221_021038.jpg', 'LYR-Sony-090221_021050.jpg', 'LYR-Sony-090221_021102.jpg', 'LYR-Sony-090221_021113.jpg', 'LYR-Sony-090221_021125.jpg', 'LYR-Sony-090221_021136.jpg', 'LYR-Sony-090221_021148.jpg', 'LYR-Sony-090221_021159.jpg', 'LYR-Sony-090221_021211.jpg', 'LYR-Sony-090221_021222.jpg', 'LYR-Sony-090221_021234.jpg', 'LYR-Sony-090221_021246.jpg', 'LYR-Sony-090221_021257.jpg', 'LYR-Sony-090221_021309.jpg', 'LYR-Sony-090221_021320.jpg', 'LYR-Sony-090221_021332.jpg', 'LYR-Sony-090221_021344.jpg', 'LYR-Sony-090221_021355.jpg', 'LYR-Sony-090221_021407.jpg', 'LYR-Sony-090221_021419.jpg', 'LYR-Sony-090221_021430.jpg', 'LYR-Sony-090221_021441.jpg', 'LYR-Sony-090221_021453.jpg', 'LYR-Sony-090221_021505.jpg', 'LYR-Sony-090221_021517.jpg', 'LYR-Sony-090221_021528.jpg', 'LYR-Sony-090221_021540.jpg', 'LYR-Sony-090221_021552.jpg', 'LYR-Sony-090221_021604.jpg', 'LYR-Sony-090221_021615.jpg', 'LYR-Sony-090221_021626.jpg', 'LYR-Sony-090221_021638.jpg', 'LYR-Sony-090221_021650.jpg', 'LYR-Sony-090221_021702.jpg', 'LYR-Sony-090221_021713.jpg', 'LYR-Sony-090221_021725.jpg', 'LYR-Sony-090221_021736.jpg', 'LYR-Sony-090221_021748.jpg', 'LYR-Sony-090221_021800.jpg', 'LYR-Sony-090221_021811.jpg', 'LYR-Sony-090221_021823.jpg', 'LYR-Sony-090221_021835.jpg', 'LYR-Sony-090221_021846.jpg', 'LYR-Sony-090221_021858.jpg', 'LYR-Sony-090221_021910.jpg', 'LYR-Sony-090221_021921.jpg', 'LYR-Sony-090221_021933.jpg', 'LYR-Sony-090221_021944.jpg', 'LYR-Sony-090221_021956.jpg', 'LYR-Sony-090221_022008.jpg', 'LYR-Sony-090221_022019.jpg', 'LYR-Sony-090221_022031.jpg', 'LYR-Sony-090221_022043.jpg', 'LYR-Sony-090221_022054.jpg', 'LYR-Sony-090221_022106.jpg', 'LYR-Sony-090221_022117.jpg', 'LYR-Sony-090221_022129.jpg', 'LYR-Sony-090221_022141.jpg', 'LYR-Sony-090221_022152.jpg', 'LYR-Sony-090221_022204.jpg', 'LYR-Sony-090221_022216.jpg', 'LYR-Sony-090221_022228.jpg', 'LYR-Sony-090221_022239.jpg', 'LYR-Sony-090221_022251.jpg', 'LYR-Sony-090221_022302.jpg', 'LYR-Sony-090221_022314.jpg', 'LYR-Sony-090221_022326.jpg', 'LYR-Sony-090221_022337.jpg', 'LYR-Sony-090221_022349.jpg', 'LYR-Sony-090221_022400.jpg', 'LYR-Sony-090221_022412.jpg', 'LYR-Sony-090221_022424.jpg', 'LYR-Sony-090221_022435.jpg', 'LYR-Sony-090221_022447.jpg', 'LYR-Sony-090221_022458.jpg', 'LYR-Sony-090221_022510.jpg', 'LYR-Sony-090221_022522.jpg', 'LYR-Sony-090221_022533.jpg', 'LYR-Sony-090221_022545.jpg', 'LYR-Sony-090221_022557.jpg', 'LYR-Sony-090221_022608.jpg', 'LYR-Sony-090221_022620.jpg', 'LYR-Sony-090221_022632.jpg', 'LYR-Sony-090221_022643.jpg', 'LYR-Sony-090221_022655.jpg', 'LYR-Sony-090221_022707.jpg', 'LYR-Sony-090221_022719.jpg', 'LYR-Sony-090221_022731.jpg', 'LYR-Sony-090221_022742.jpg', 'LYR-Sony-090221_022754.jpg', 'LYR-Sony-090221_022806.jpg', 'LYR-Sony-090221_022817.jpg', 'LYR-Sony-090221_022829.jpg', 'LYR-Sony-090221_022840.jpg', 'LYR-Sony-090221_022852.jpg', 'LYR-Sony-090221_022904.jpg', 'LYR-Sony-090221_022915.jpg', 'LYR-Sony-090221_022926.jpg', 'LYR-Sony-090221_022938.jpg', 'LYR-Sony-090221_022950.jpg', 'LYR-Sony-090221_023001.jpg', 'LYR-Sony-090221_023013.jpg', 'LYR-Sony-090221_023024.jpg', 'LYR-Sony-090221_023035.jpg', 'LYR-Sony-090221_023047.jpg', 'LYR-Sony-090221_023059.jpg', 'LYR-Sony-090221_023110.jpg', 'LYR-Sony-090221_023123.jpg', 'LYR-Sony-090221_023134.jpg', 'LYR-Sony-090221_023146.jpg', 'LYR-Sony-090221_023157.jpg', 'LYR-Sony-090221_023209.jpg', 'LYR-Sony-090221_023221.jpg', 'LYR-Sony-090221_023232.jpg', 'LYR-Sony-090221_023244.jpg', 'LYR-Sony-090221_023256.jpg', 'LYR-Sony-090221_023307.jpg', 'LYR-Sony-090221_023319.jpg', 'LYR-Sony-090221_023331.jpg', 'LYR-Sony-090221_023342.jpg', 'LYR-Sony-090221_023354.jpg', 'LYR-Sony-090221_023405.jpg', 'LYR-Sony-090221_023417.jpg', 'LYR-Sony-090221_023429.jpg', 'LYR-Sony-090221_023440.jpg', 'LYR-Sony-090221_023452.jpg', 'LYR-Sony-090221_023503.jpg', 'LYR-Sony-090221_023515.jpg', 'LYR-Sony-090221_023526.jpg', 'LYR-Sony-090221_023538.jpg', 'LYR-Sony-090221_023549.jpg', 'LYR-Sony-090221_023601.jpg', 'LYR-Sony-090221_023613.jpg', 'LYR-Sony-090221_023624.jpg', 'LYR-Sony-090221_023636.jpg', 'LYR-Sony-090221_023647.jpg', 'LYR-Sony-090221_023659.jpg', 'LYR-Sony-090221_023710.jpg', 'LYR-Sony-090221_023722.jpg', 'LYR-Sony-090221_023734.jpg', 'LYR-Sony-090221_023745.jpg', 'LYR-Sony-090221_023757.jpg', 'LYR-Sony-090221_023808.jpg', 'LYR-Sony-090221_023820.jpg', 'LYR-Sony-090221_023831.jpg', 'LYR-Sony-090221_023843.jpg', 'LYR-Sony-090221_023855.jpg', 'LYR-Sony-090221_023906.jpg', 'LYR-Sony-090221_023918.jpg', 'LYR-Sony-090221_023929.jpg', 'LYR-Sony-090221_023941.jpg', 'LYR-Sony-090221_023952.jpg', 'LYR-Sony-090221_024003.jpg', 'LYR-Sony-090221_024015.jpg', 'LYR-Sony-090221_024027.jpg', 'LYR-Sony-090221_024039.jpg', 'LYR-Sony-090221_024051.jpg', 'LYR-Sony-090221_024102.jpg', 'LYR-Sony-090221_024114.jpg', 'LYR-Sony-090221_024125.jpg', 'LYR-Sony-090221_024137.jpg', 'LYR-Sony-090221_024148.jpg', 'LYR-Sony-090221_024200.jpg', 'LYR-Sony-090221_024212.jpg', 'LYR-Sony-090221_024223.jpg', 'LYR-Sony-090221_024235.jpg', 'LYR-Sony-090221_024246.jpg', 'LYR-Sony-090221_024258.jpg', 'LYR-Sony-090221_024310.jpg', 'LYR-Sony-090221_024321.jpg', 'LYR-Sony-090221_024333.jpg', 'LYR-Sony-090221_024345.jpg', 'LYR-Sony-090221_024356.jpg', 'LYR-Sony-090221_024408.jpg', 'LYR-Sony-090221_024419.jpg', 'LYR-Sony-090221_024431.jpg', 'LYR-Sony-090221_024443.jpg', 'LYR-Sony-090221_024455.jpg', 'LYR-Sony-090221_024506.jpg', 'LYR-Sony-090221_024518.jpg', 'LYR-Sony-090221_024530.jpg', 'LYR-Sony-090221_024541.jpg', 'LYR-Sony-090221_024553.jpg', 'LYR-Sony-090221_024604.jpg', 'LYR-Sony-090221_024616.jpg', 'LYR-Sony-090221_024628.jpg', 'LYR-Sony-090221_024639.jpg', 'LYR-Sony-090221_024651.jpg', 'LYR-Sony-090221_024702.jpg', 'LYR-Sony-090221_024714.jpg', 'LYR-Sony-090221_024725.jpg', 'LYR-Sony-090221_024737.jpg', 'LYR-Sony-090221_024749.jpg', 'LYR-Sony-090221_024801.jpg', 'LYR-Sony-090221_024813.jpg', 'LYR-Sony-090221_024824.jpg', 'LYR-Sony-090221_024836.jpg', 'LYR-Sony-090221_024847.jpg', 'LYR-Sony-090221_024859.jpg', 'LYR-Sony-090221_024910.jpg', 'LYR-Sony-090221_024922.jpg', 'LYR-Sony-090221_024933.jpg', 'LYR-Sony-090221_024945.jpg', 'LYR-Sony-090221_024957.jpg', 'LYR-Sony-090221_025008.jpg', 'LYR-Sony-090221_025020.jpg', 'LYR-Sony-090221_025032.jpg', 'LYR-Sony-090221_025043.jpg', 'LYR-Sony-090221_025055.jpg', 'LYR-Sony-090221_025107.jpg', 'LYR-Sony-090221_025118.jpg', 'LYR-Sony-090221_025130.jpg', 'LYR-Sony-090221_025141.jpg', 'LYR-Sony-090221_025153.jpg', 'LYR-Sony-090221_025205.jpg', 'LYR-Sony-090221_025216.jpg', 'LYR-Sony-090221_025228.jpg', 'LYR-Sony-090221_025240.jpg', 'LYR-Sony-090221_025251.jpg', 'LYR-Sony-090221_025303.jpg', 'LYR-Sony-090221_025315.jpg', 'LYR-Sony-090221_025326.jpg', 'LYR-Sony-090221_025337.jpg', 'LYR-Sony-090221_025349.jpg', 'LYR-Sony-090221_025401.jpg', 'LYR-Sony-090221_025412.jpg', 'LYR-Sony-090221_025424.jpg', 'LYR-Sony-090221_025435.jpg', 'LYR-Sony-090221_025447.jpg', 'LYR-Sony-090221_025459.jpg', 'LYR-Sony-090221_025510.jpg', 'LYR-Sony-090221_025522.jpg', 'LYR-Sony-090221_025534.jpg', 'LYR-Sony-090221_025545.jpg', 'LYR-Sony-090221_025557.jpg', 'LYR-Sony-090221_025608.jpg', 'LYR-Sony-090221_025620.jpg', 'LYR-Sony-090221_025631.jpg', 'LYR-Sony-090221_025643.jpg', 'LYR-Sony-090221_025654.jpg', 'LYR-Sony-090221_025706.jpg', 'LYR-Sony-090221_025718.jpg', 'LYR-Sony-090221_025729.jpg', 'LYR-Sony-090221_025741.jpg', 'LYR-Sony-090221_025752.jpg', 'LYR-Sony-090221_025804.jpg', 'LYR-Sony-090221_025815.jpg', 'LYR-Sony-090221_025827.jpg', 'LYR-Sony-090221_025838.jpg', 'LYR-Sony-090221_025850.jpg', 'LYR-Sony-090221_025901.jpg', 'LYR-Sony-090221_025913.jpg', 'LYR-Sony-090221_025925.jpg', 'LYR-Sony-090221_025936.jpg', 'LYR-Sony-090221_025948.jpg', 'LYR-Sony-090221_030000.jpg', 'LYR-Sony-090221_030011.jpg', 'LYR-Sony-090221_030023.jpg', 'LYR-Sony-090221_030035.jpg', 'LYR-Sony-090221_030046.jpg', 'LYR-Sony-090221_030058.jpg', 'LYR-Sony-090221_030110.jpg', 'LYR-Sony-090221_030121.jpg', 'LYR-Sony-090221_030133.jpg', 'LYR-Sony-090221_030145.jpg', 'LYR-Sony-090221_030157.jpg', 'LYR-Sony-090221_030208.jpg', 'LYR-Sony-090221_030219.jpg', 'LYR-Sony-090221_030231.jpg', 'LYR-Sony-090221_030242.jpg', 'LYR-Sony-090221_030254.jpg', 'LYR-Sony-090221_030306.jpg', 'LYR-Sony-090221_030318.jpg', 'LYR-Sony-090221_030330.jpg', 'LYR-Sony-090221_030341.jpg', 'LYR-Sony-090221_030353.jpg', 'LYR-Sony-090221_030404.jpg', 'LYR-Sony-090221_030416.jpg', 'LYR-Sony-090221_030427.jpg', 'LYR-Sony-090221_030439.jpg', 'LYR-Sony-090221_030451.jpg', 'LYR-Sony-090221_030503.jpg', 'LYR-Sony-090221_030514.jpg', 'LYR-Sony-090221_030526.jpg', 'LYR-Sony-090221_030538.jpg', 'LYR-Sony-090221_030549.jpg', 'LYR-Sony-090221_030601.jpg', 'LYR-Sony-090221_030612.jpg', 'LYR-Sony-090221_030624.jpg', 'LYR-Sony-090221_030636.jpg', 'LYR-Sony-090221_030647.jpg', 'LYR-Sony-090221_030659.jpg', 'LYR-Sony-090221_030711.jpg', 'LYR-Sony-090221_030722.jpg', 'LYR-Sony-090221_030734.jpg', 'LYR-Sony-090221_030745.jpg', 'LYR-Sony-090221_030757.jpg', 'LYR-Sony-090221_030808.jpg', 'LYR-Sony-090221_030820.jpg', 'LYR-Sony-090221_030831.jpg', 'LYR-Sony-090221_030843.jpg', 'LYR-Sony-090221_030855.jpg', 'LYR-Sony-090221_030906.jpg', 'LYR-Sony-090221_030918.jpg', 'LYR-Sony-090221_030929.jpg', 'LYR-Sony-090221_030941.jpg', 'LYR-Sony-090221_030953.jpg', 'LYR-Sony-090221_031004.jpg', 'LYR-Sony-090221_031016.jpg', 'LYR-Sony-090221_031028.jpg', 'LYR-Sony-090221_031039.jpg', 'LYR-Sony-090221_031051.jpg', 'LYR-Sony-090221_031103.jpg', 'LYR-Sony-090221_031114.jpg', 'LYR-Sony-090221_031126.jpg', 'LYR-Sony-090221_031138.jpg', 'LYR-Sony-090221_031149.jpg', 'LYR-Sony-090221_031201.jpg', 'LYR-Sony-090221_031213.jpg', 'LYR-Sony-090221_031224.jpg', 'LYR-Sony-090221_031236.jpg', 'LYR-Sony-090221_031248.jpg', 'LYR-Sony-090221_031259.jpg', 'LYR-Sony-090221_031311.jpg', 'LYR-Sony-090221_031323.jpg', 'LYR-Sony-090221_031334.jpg', 'LYR-Sony-090221_031346.jpg', 'LYR-Sony-090221_031358.jpg', 'LYR-Sony-090221_031409.jpg', 'LYR-Sony-090221_031421.jpg', 'LYR-Sony-090221_031432.jpg', 'LYR-Sony-090221_031444.jpg', 'LYR-Sony-090221_031455.jpg', 'LYR-Sony-090221_031507.jpg', 'LYR-Sony-090221_031519.jpg', 'LYR-Sony-090221_031531.jpg', 'LYR-Sony-090221_031543.jpg', 'LYR-Sony-090221_031554.jpg', 'LYR-Sony-090221_031606.jpg', 'LYR-Sony-090221_031618.jpg', 'LYR-Sony-090221_031629.jpg', 'LYR-Sony-090221_031641.jpg', 'LYR-Sony-090221_031652.jpg', 'LYR-Sony-090221_031704.jpg', 'LYR-Sony-090221_031715.jpg', 'LYR-Sony-090221_031727.jpg', 'LYR-Sony-090221_031738.jpg', 'LYR-Sony-090221_031750.jpg', 'LYR-Sony-090221_031801.jpg', 'LYR-Sony-090221_031813.jpg', 'LYR-Sony-090221_031824.jpg', 'LYR-Sony-090221_031836.jpg', 'LYR-Sony-090221_031848.jpg', 'LYR-Sony-090221_031859.jpg', 'LYR-Sony-090221_031911.jpg', 'LYR-Sony-090221_031923.jpg', 'LYR-Sony-090221_031934.jpg', 'LYR-Sony-090221_031946.jpg', 'LYR-Sony-090221_031958.jpg', 'LYR-Sony-090221_032009.jpg', 'LYR-Sony-090221_032021.jpg', 'LYR-Sony-090221_032032.jpg', 'LYR-Sony-090221_032044.jpg', 'LYR-Sony-090221_032055.jpg', 'LYR-Sony-090221_032107.jpg', 'LYR-Sony-090221_032118.jpg', 'LYR-Sony-090221_032130.jpg', 'LYR-Sony-090221_032142.jpg', 'LYR-Sony-090221_032153.jpg', 'LYR-Sony-090221_032205.jpg', 'LYR-Sony-090221_032216.jpg', 'LYR-Sony-090221_032228.jpg', 'LYR-Sony-090221_032240.jpg', 'LYR-Sony-090221_032251.jpg', 'LYR-Sony-090221_032303.jpg', 'LYR-Sony-090221_032315.jpg', 'LYR-Sony-090221_032326.jpg', 'LYR-Sony-090221_032338.jpg', 'LYR-Sony-090221_032350.jpg', 'LYR-Sony-090221_032401.jpg', 'LYR-Sony-090221_032413.jpg', 'LYR-Sony-090221_032425.jpg', 'LYR-Sony-090221_032437.jpg', 'LYR-Sony-090221_032448.jpg', 'LYR-Sony-090221_032500.jpg', 'LYR-Sony-090221_032511.jpg', 'LYR-Sony-090221_032523.jpg', 'LYR-Sony-090221_032534.jpg', 'LYR-Sony-090221_032546.jpg', 'LYR-Sony-090221_032558.jpg', 'LYR-Sony-090221_032610.jpg', 'LYR-Sony-090221_032621.jpg', 'LYR-Sony-090221_032632.jpg', 'LYR-Sony-090221_032644.jpg', 'LYR-Sony-090221_032656.jpg', 'LYR-Sony-090221_032708.jpg', 'LYR-Sony-090221_032719.jpg', 'LYR-Sony-090221_032731.jpg', 'LYR-Sony-090221_032743.jpg', 'LYR-Sony-090221_032754.jpg', 'LYR-Sony-090221_032806.jpg', 'LYR-Sony-090221_032817.jpg', 'LYR-Sony-090221_032829.jpg', 'LYR-Sony-090221_032841.jpg', 'LYR-Sony-090221_032853.jpg', 'LYR-Sony-090221_032904.jpg', 'LYR-Sony-090221_032916.jpg', 'LYR-Sony-090221_032927.jpg', 'LYR-Sony-090221_032939.jpg', 'LYR-Sony-090221_032951.jpg', 'LYR-Sony-090221_033002.jpg', 'LYR-Sony-090221_033014.jpg', 'LYR-Sony-090221_033025.jpg', 'LYR-Sony-090221_033037.jpg', 'LYR-Sony-090221_033049.jpg', 'LYR-Sony-090221_033101.jpg', 'LYR-Sony-090221_033112.jpg', 'LYR-Sony-090221_033124.jpg', 'LYR-Sony-090221_033135.jpg', 'LYR-Sony-090221_033147.jpg', 'LYR-Sony-090221_033159.jpg', 'LYR-Sony-090221_033210.jpg', 'LYR-Sony-090221_033222.jpg', 'LYR-Sony-090221_033234.jpg', 'LYR-Sony-090221_033246.jpg', 'LYR-Sony-090221_033257.jpg', 'LYR-Sony-090221_033309.jpg', 'LYR-Sony-090221_033320.jpg', 'LYR-Sony-090221_033332.jpg', 'LYR-Sony-090221_033344.jpg', 'LYR-Sony-090221_033356.jpg', 'LYR-Sony-090221_033407.jpg', 'LYR-Sony-090221_033419.jpg', 'LYR-Sony-090221_033431.jpg', 'LYR-Sony-090221_033442.jpg', 'LYR-Sony-090221_033454.jpg', 'LYR-Sony-090221_033506.jpg', 'LYR-Sony-090221_033517.jpg', 'LYR-Sony-090221_033529.jpg', 'LYR-Sony-090221_033540.jpg', 'LYR-Sony-090221_033552.jpg', 'LYR-Sony-090221_033604.jpg', 'LYR-Sony-090221_033615.jpg', 'LYR-Sony-090221_033627.jpg', 'LYR-Sony-090221_033638.jpg', 'LYR-Sony-090221_033650.jpg', 'LYR-Sony-090221_033701.jpg', 'LYR-Sony-090221_033713.jpg', 'LYR-Sony-090221_033724.jpg', 'LYR-Sony-090221_033736.jpg', 'LYR-Sony-090221_033747.jpg', 'LYR-Sony-090221_033759.jpg', 'LYR-Sony-090221_033811.jpg', 'LYR-Sony-090221_033823.jpg', 'LYR-Sony-090221_033834.jpg', 'LYR-Sony-090221_033846.jpg', 'LYR-Sony-090221_033857.jpg', 'LYR-Sony-090221_033909.jpg', 'LYR-Sony-090221_033920.jpg', 'LYR-Sony-090221_033932.jpg', 'LYR-Sony-090221_033944.jpg', 'LYR-Sony-090221_033955.jpg', 'LYR-Sony-090221_034007.jpg', 'LYR-Sony-090221_034019.jpg', 'LYR-Sony-090221_034030.jpg', 'LYR-Sony-090221_034041.jpg', 'LYR-Sony-090221_034053.jpg', 'LYR-Sony-090221_034105.jpg', 'LYR-Sony-090221_034116.jpg', 'LYR-Sony-090221_034127.jpg', 'LYR-Sony-090221_034139.jpg', 'LYR-Sony-090221_034150.jpg', 'LYR-Sony-090221_034202.jpg', 'LYR-Sony-090221_034213.jpg', 'LYR-Sony-090221_034225.jpg', 'LYR-Sony-090221_034236.jpg', 'LYR-Sony-090221_034248.jpg', 'LYR-Sony-090221_034300.jpg', 'LYR-Sony-090221_034311.jpg', 'LYR-Sony-090221_034323.jpg', 'LYR-Sony-090221_034335.jpg', 'LYR-Sony-090221_034346.jpg', 'LYR-Sony-090221_034358.jpg', 'LYR-Sony-090221_034409.jpg', 'LYR-Sony-090221_034421.jpg', 'LYR-Sony-090221_034432.jpg', 'LYR-Sony-090221_034444.jpg', 'LYR-Sony-090221_034456.jpg', 'LYR-Sony-090221_034507.jpg', 'LYR-Sony-090221_034519.jpg', 'LYR-Sony-090221_034530.jpg', 'LYR-Sony-090221_034542.jpg', 'LYR-Sony-090221_034553.jpg', 'LYR-Sony-090221_034605.jpg', 'LYR-Sony-090221_034617.jpg', 'LYR-Sony-090221_034628.jpg', 'LYR-Sony-090221_034640.jpg', 'LYR-Sony-090221_034651.jpg', 'LYR-Sony-090221_034702.jpg', 'LYR-Sony-090221_034714.jpg', 'LYR-Sony-090221_034726.jpg', 'LYR-Sony-090221_034737.jpg', 'LYR-Sony-090221_034749.jpg', 'LYR-Sony-090221_034800.jpg', 'LYR-Sony-090221_034812.jpg', 'LYR-Sony-090221_034823.jpg', 'LYR-Sony-090221_034835.jpg', 'LYR-Sony-090221_034847.jpg', 'LYR-Sony-090221_034858.jpg', 'LYR-Sony-090221_034910.jpg', 'LYR-Sony-090221_034922.jpg', 'LYR-Sony-090221_034933.jpg', 'LYR-Sony-090221_034944.jpg', 'LYR-Sony-090221_034956.jpg', 'LYR-Sony-090221_035007.jpg', 'LYR-Sony-090221_035019.jpg', 'LYR-Sony-090221_035031.jpg', 'LYR-Sony-090221_035042.jpg', 'LYR-Sony-090221_035054.jpg', 'LYR-Sony-090221_035106.jpg', 'LYR-Sony-090221_035117.jpg', 'LYR-Sony-090221_035129.jpg', 'LYR-Sony-090221_035141.jpg', 'LYR-Sony-090221_035152.jpg', 'LYR-Sony-090221_035204.jpg', 'LYR-Sony-090221_035215.jpg', 'LYR-Sony-090221_035227.jpg', 'LYR-Sony-090221_035238.jpg', 'LYR-Sony-090221_035250.jpg', 'LYR-Sony-090221_035302.jpg', 'LYR-Sony-090221_035314.jpg', 'LYR-Sony-090221_035325.jpg', 'LYR-Sony-090221_035337.jpg', 'LYR-Sony-090221_035349.jpg', 'LYR-Sony-090221_035400.jpg', 'LYR-Sony-090221_035412.jpg', 'LYR-Sony-090221_035424.jpg', 'LYR-Sony-090221_035435.jpg', 'LYR-Sony-090221_035447.jpg', 'LYR-Sony-090221_035458.jpg', 'LYR-Sony-090221_035510.jpg', 'LYR-Sony-090221_035522.jpg', 'LYR-Sony-090221_035534.jpg', 'LYR-Sony-090221_035545.jpg', 'LYR-Sony-090221_035557.jpg', 'LYR-Sony-090221_035608.jpg', 'LYR-Sony-090221_035620.jpg', 'LYR-Sony-090221_035632.jpg', 'LYR-Sony-090221_035644.jpg', 'LYR-Sony-090221_035655.jpg', 'LYR-Sony-090221_035707.jpg', 'LYR-Sony-090221_035719.jpg', 'LYR-Sony-090221_035730.jpg', 'LYR-Sony-090221_035742.jpg', 'LYR-Sony-090221_035754.jpg', 'LYR-Sony-090221_035806.jpg', 'LYR-Sony-090221_035817.jpg', 'LYR-Sony-090221_035829.jpg', 'LYR-Sony-090221_035841.jpg', 'LYR-Sony-090221_035852.jpg', 'LYR-Sony-090221_035904.jpg', 'LYR-Sony-090221_035916.jpg', 'LYR-Sony-090221_035927.jpg', 'LYR-Sony-090221_035939.jpg', 'LYR-Sony-090221_035950.jpg', 'LYR-Sony-090221_040002.jpg', 'LYR-Sony-090221_040013.jpg', 'LYR-Sony-090221_040025.jpg', 'LYR-Sony-090221_040036.jpg', 'LYR-Sony-090221_040048.jpg', 'LYR-Sony-090221_040100.jpg', 'LYR-Sony-090221_040111.jpg', 'LYR-Sony-090221_040123.jpg', 'LYR-Sony-090221_040135.jpg', 'LYR-Sony-090221_040146.jpg', 'LYR-Sony-090221_040158.jpg', 'LYR-Sony-090221_040210.jpg', 'LYR-Sony-090221_040221.jpg', 'LYR-Sony-090221_040233.jpg', 'LYR-Sony-090221_040245.jpg', 'LYR-Sony-090221_040256.jpg', 'LYR-Sony-090221_040308.jpg', 'LYR-Sony-090221_040320.jpg', 'LYR-Sony-090221_040331.jpg', 'LYR-Sony-090221_040343.jpg', 'LYR-Sony-090221_040355.jpg', 'LYR-Sony-090221_040407.jpg', 'LYR-Sony-090221_040418.jpg', 'LYR-Sony-090221_040430.jpg', 'LYR-Sony-090221_040441.jpg', 'LYR-Sony-090221_040453.jpg', 'LYR-Sony-090221_040505.jpg', 'LYR-Sony-090221_040517.jpg', 'LYR-Sony-090221_040528.jpg', 'LYR-Sony-090221_040540.jpg', 'LYR-Sony-090221_040551.jpg', 'LYR-Sony-090221_040603.jpg', 'LYR-Sony-090221_040615.jpg', 'LYR-Sony-090221_040626.jpg', 'LYR-Sony-090221_040638.jpg', 'LYR-Sony-090221_040650.jpg', 'LYR-Sony-090221_040702.jpg', 'LYR-Sony-090221_040713.jpg', 'LYR-Sony-090221_040725.jpg', 'LYR-Sony-090221_040736.jpg', 'LYR-Sony-090221_040748.jpg', 'LYR-Sony-090221_040759.jpg', 'LYR-Sony-090221_040811.jpg', 'LYR-Sony-090221_040822.jpg', 'LYR-Sony-090221_040834.jpg', 'LYR-Sony-090221_040845.jpg', 'LYR-Sony-090221_040857.jpg', 'LYR-Sony-090221_040908.jpg', 'LYR-Sony-090221_040920.jpg', 'LYR-Sony-090221_040932.jpg', 'LYR-Sony-090221_040943.jpg', 'LYR-Sony-090221_040955.jpg', 'LYR-Sony-090221_041007.jpg', 'LYR-Sony-090221_041018.jpg', 'LYR-Sony-090221_041030.jpg', 'LYR-Sony-090221_041041.jpg', 'LYR-Sony-090221_041053.jpg', 'LYR-Sony-090221_041105.jpg', 'LYR-Sony-090221_041117.jpg', 'LYR-Sony-090221_041128.jpg', 'LYR-Sony-090221_041140.jpg', 'LYR-Sony-090221_041152.jpg', 'LYR-Sony-090221_041203.jpg', 'LYR-Sony-090221_041215.jpg', 'LYR-Sony-090221_041226.jpg', 'LYR-Sony-090221_041238.jpg', 'LYR-Sony-090221_041249.jpg', 'LYR-Sony-090221_041301.jpg', 'LYR-Sony-090221_041312.jpg', 'LYR-Sony-090221_041324.jpg', 'LYR-Sony-090221_041336.jpg', 'LYR-Sony-090221_041348.jpg', 'LYR-Sony-090221_041359.jpg', 'LYR-Sony-090221_041411.jpg', 'LYR-Sony-090221_041423.jpg', 'LYR-Sony-090221_041434.jpg', 'LYR-Sony-090221_041446.jpg', 'LYR-Sony-090221_041458.jpg', 'LYR-Sony-090221_041509.jpg', 'LYR-Sony-090221_041521.jpg', 'LYR-Sony-090221_041533.jpg', 'LYR-Sony-090221_041544.jpg', 'LYR-Sony-090221_041556.jpg', 'LYR-Sony-090221_041608.jpg', 'LYR-Sony-090221_041619.jpg', 'LYR-Sony-090221_041631.jpg', 'LYR-Sony-090221_041643.jpg', 'LYR-Sony-090221_041654.jpg', 'LYR-Sony-090221_041706.jpg', 'LYR-Sony-090221_041718.jpg', 'LYR-Sony-090221_041729.jpg', 'LYR-Sony-090221_041741.jpg', 'LYR-Sony-090221_041753.jpg', 'LYR-Sony-090221_041804.jpg', 'LYR-Sony-090221_041816.jpg', 'LYR-Sony-090221_041828.jpg', 'LYR-Sony-090221_041839.jpg', 'LYR-Sony-090221_041851.jpg', 'LYR-Sony-090221_041903.jpg', 'LYR-Sony-090221_041914.jpg', 'LYR-Sony-090221_041926.jpg', 'LYR-Sony-090221_041938.jpg', 'LYR-Sony-090221_041949.jpg', 'LYR-Sony-090221_042001.jpg', 'LYR-Sony-090221_042013.jpg', 'LYR-Sony-090221_042024.jpg', 'LYR-Sony-090221_042036.jpg', 'LYR-Sony-090221_042048.jpg', 'LYR-Sony-090221_042059.jpg', 'LYR-Sony-090221_042111.jpg', 'LYR-Sony-090221_042122.jpg', 'LYR-Sony-090221_042134.jpg', 'LYR-Sony-090221_042146.jpg', 'LYR-Sony-090221_042157.jpg', 'LYR-Sony-090221_042208.jpg', 'LYR-Sony-090221_042220.jpg', 'LYR-Sony-090221_042232.jpg', 'LYR-Sony-090221_042243.jpg', 'LYR-Sony-090221_042255.jpg', 'LYR-Sony-090221_042306.jpg', 'LYR-Sony-090221_042317.jpg', 'LYR-Sony-090221_042329.jpg', 'LYR-Sony-090221_042341.jpg', 'LYR-Sony-090221_042353.jpg', 'LYR-Sony-090221_042404.jpg', 'LYR-Sony-090221_042416.jpg', 'LYR-Sony-090221_042428.jpg', 'LYR-Sony-090221_042439.jpg', 'LYR-Sony-090221_042451.jpg', 'LYR-Sony-090221_042502.jpg', 'LYR-Sony-090221_042514.jpg', 'LYR-Sony-090221_042525.jpg', 'LYR-Sony-090221_042537.jpg', 'LYR-Sony-090221_042549.jpg', 'LYR-Sony-090221_042600.jpg', 'LYR-Sony-090221_042612.jpg', 'LYR-Sony-090221_042624.jpg', 'LYR-Sony-090221_042636.jpg', 'LYR-Sony-090221_042647.jpg', 'LYR-Sony-090221_042659.jpg', 'LYR-Sony-090221_042711.jpg', 'LYR-Sony-090221_042722.jpg', 'LYR-Sony-090221_042734.jpg', 'LYR-Sony-090221_042745.jpg', 'LYR-Sony-090221_042757.jpg', 'LYR-Sony-090221_042809.jpg', 'LYR-Sony-090221_042820.jpg', 'LYR-Sony-090221_042832.jpg', 'LYR-Sony-090221_042844.jpg', 'LYR-Sony-090221_042856.jpg', 'LYR-Sony-090221_042908.jpg', 'LYR-Sony-090221_042920.jpg', 'LYR-Sony-090221_042931.jpg', 'LYR-Sony-090221_042943.jpg', 'LYR-Sony-090221_042954.jpg', 'LYR-Sony-090221_043006.jpg', 'LYR-Sony-090221_043017.jpg', 'LYR-Sony-090221_043029.jpg', 'LYR-Sony-090221_043040.jpg', 'LYR-Sony-090221_043052.jpg', 'LYR-Sony-090221_043103.jpg', 'LYR-Sony-090221_043115.jpg', 'LYR-Sony-090221_043127.jpg', 'LYR-Sony-090221_043138.jpg', 'LYR-Sony-090221_043150.jpg', 'LYR-Sony-090221_043202.jpg', 'LYR-Sony-090221_043214.jpg', 'LYR-Sony-090221_043225.jpg', 'LYR-Sony-090221_043236.jpg', 'LYR-Sony-090221_043248.jpg', 'LYR-Sony-090221_043300.jpg', 'LYR-Sony-090221_043311.jpg', 'LYR-Sony-090221_043323.jpg', 'LYR-Sony-090221_043334.jpg', 'LYR-Sony-090221_043346.jpg', 'LYR-Sony-090221_043358.jpg', 'LYR-Sony-090221_043410.jpg', 'LYR-Sony-090221_043421.jpg', 'LYR-Sony-090221_043433.jpg', 'LYR-Sony-090221_043445.jpg', 'LYR-Sony-090221_043456.jpg', 'LYR-Sony-090221_043508.jpg', 'LYR-Sony-090221_043520.jpg', 'LYR-Sony-090221_043532.jpg', 'LYR-Sony-090221_043544.jpg', 'LYR-Sony-090221_043555.jpg', 'LYR-Sony-090221_043607.jpg', 'LYR-Sony-090221_043619.jpg', 'LYR-Sony-090221_043630.jpg', 'LYR-Sony-090221_043642.jpg', 'LYR-Sony-090221_043654.jpg', 'LYR-Sony-090221_043705.jpg', 'LYR-Sony-090221_043717.jpg', 'LYR-Sony-090221_043729.jpg', 'LYR-Sony-090221_043740.jpg', 'LYR-Sony-090221_043752.jpg', 'LYR-Sony-090221_043803.jpg', 'LYR-Sony-090221_043815.jpg', 'LYR-Sony-090221_043826.jpg', 'LYR-Sony-090221_043838.jpg', 'LYR-Sony-090221_043849.jpg', 'LYR-Sony-090221_043901.jpg', 'LYR-Sony-090221_043912.jpg', 'LYR-Sony-090221_043924.jpg', 'LYR-Sony-090221_043936.jpg', 'LYR-Sony-090221_043947.jpg', 'LYR-Sony-090221_043959.jpg', 'LYR-Sony-090221_044011.jpg', 'LYR-Sony-090221_044023.jpg', 'LYR-Sony-090221_044035.jpg', 'LYR-Sony-090221_044047.jpg', 'LYR-Sony-090221_044058.jpg', 'LYR-Sony-090221_044110.jpg', 'LYR-Sony-090221_044122.jpg', 'LYR-Sony-090221_044133.jpg', 'LYR-Sony-090221_044145.jpg', 'LYR-Sony-090221_044156.jpg', 'LYR-Sony-090221_044208.jpg', 'LYR-Sony-090221_044219.jpg', 'LYR-Sony-090221_044231.jpg', 'LYR-Sony-090221_044242.jpg', 'LYR-Sony-090221_044254.jpg', 'LYR-Sony-090221_044305.jpg', 'LYR-Sony-090221_044317.jpg', 'LYR-Sony-090221_044329.jpg', 'LYR-Sony-090221_044340.jpg', 'LYR-Sony-090221_044352.jpg', 'LYR-Sony-090221_044404.jpg', 'LYR-Sony-090221_044416.jpg', 'LYR-Sony-090221_044428.jpg', 'LYR-Sony-090221_044439.jpg', 'LYR-Sony-090221_044451.jpg', 'LYR-Sony-090221_044503.jpg', 'LYR-Sony-090221_044514.jpg', 'LYR-Sony-090221_044526.jpg', 'LYR-Sony-090221_044538.jpg', 'LYR-Sony-090221_044549.jpg', 'LYR-Sony-090221_044601.jpg', 'LYR-Sony-090221_044612.jpg', 'LYR-Sony-090221_044624.jpg', 'LYR-Sony-090221_044636.jpg', 'LYR-Sony-090221_044647.jpg', 'LYR-Sony-090221_044659.jpg', 'LYR-Sony-090221_044710.jpg', 'LYR-Sony-090221_044722.jpg', 'LYR-Sony-090221_044734.jpg', 'LYR-Sony-090221_044746.jpg', 'LYR-Sony-090221_044757.jpg', 'LYR-Sony-090221_044809.jpg', 'LYR-Sony-090221_044821.jpg', 'LYR-Sony-090221_044832.jpg', 'LYR-Sony-090221_044844.jpg', 'LYR-Sony-090221_044855.jpg', 'LYR-Sony-090221_044907.jpg', 'LYR-Sony-090221_044919.jpg', 'LYR-Sony-090221_044931.jpg', 'LYR-Sony-090221_044942.jpg', 'LYR-Sony-090221_044954.jpg', 'LYR-Sony-090221_045005.jpg', 'LYR-Sony-090221_045017.jpg', 'LYR-Sony-090221_045028.jpg', 'LYR-Sony-090221_045040.jpg', 'LYR-Sony-090221_045052.jpg', 'LYR-Sony-090221_045103.jpg', 'LYR-Sony-090221_045115.jpg', 'LYR-Sony-090221_045127.jpg', 'LYR-Sony-090221_045138.jpg', 'LYR-Sony-090221_045150.jpg', 'LYR-Sony-090221_045202.jpg', 'LYR-Sony-090221_045213.jpg', 'LYR-Sony-090221_045225.jpg', 'LYR-Sony-090221_045236.jpg', 'LYR-Sony-090221_045248.jpg', 'LYR-Sony-090221_045259.jpg', 'LYR-Sony-090221_045311.jpg', 'LYR-Sony-090221_045323.jpg', 'LYR-Sony-090221_045334.jpg', 'LYR-Sony-090221_045346.jpg', 'LYR-Sony-090221_045358.jpg', 'LYR-Sony-090221_045410.jpg', 'LYR-Sony-090221_045422.jpg', 'LYR-Sony-090221_045433.jpg', 'LYR-Sony-090221_045445.jpg', 'LYR-Sony-090221_045457.jpg', 'LYR-Sony-090221_045508.jpg', 'LYR-Sony-090221_045520.jpg', 'LYR-Sony-090221_045532.jpg', 'LYR-Sony-090221_045544.jpg', 'LYR-Sony-090221_045555.jpg', 'LYR-Sony-090221_045607.jpg', 'LYR-Sony-090221_045618.jpg', 'LYR-Sony-090221_045630.jpg', 'LYR-Sony-090221_045642.jpg', 'LYR-Sony-090221_045653.jpg', 'LYR-Sony-090221_045705.jpg', 'LYR-Sony-090221_045717.jpg', 'LYR-Sony-090221_045728.jpg', 'LYR-Sony-090221_045740.jpg', 'LYR-Sony-090221_045751.jpg', 'LYR-Sony-090221_045803.jpg', 'LYR-Sony-090221_045815.jpg', 'LYR-Sony-090221_045827.jpg', 'LYR-Sony-090221_045839.jpg', 'LYR-Sony-090221_045851.jpg', 'LYR-Sony-090221_045902.jpg', 'LYR-Sony-090221_045914.jpg', 'LYR-Sony-090221_045925.jpg', 'LYR-Sony-090221_045937.jpg', 'LYR-Sony-090221_045949.jpg', 'LYR-Sony-090221_050000.jpg', 'LYR-Sony-090221_050012.jpg', 'LYR-Sony-090221_050023.jpg', 'LYR-Sony-090221_050035.jpg', 'LYR-Sony-090221_050046.jpg', 'LYR-Sony-090221_050058.jpg', 'LYR-Sony-090221_050110.jpg', 'LYR-Sony-090221_050122.jpg', 'LYR-Sony-090221_050134.jpg', 'LYR-Sony-090221_050145.jpg', 'LYR-Sony-090221_050157.jpg', 'LYR-Sony-090221_050208.jpg', 'LYR-Sony-090221_050220.jpg', 'LYR-Sony-090221_050231.jpg', 'LYR-Sony-090221_050243.jpg', 'LYR-Sony-090221_050255.jpg', 'LYR-Sony-090221_050306.jpg', 'LYR-Sony-090221_050318.jpg', 'LYR-Sony-090221_050329.jpg', 'LYR-Sony-090221_050341.jpg', 'LYR-Sony-090221_050353.jpg', 'LYR-Sony-090221_050405.jpg', 'LYR-Sony-090221_050417.jpg', 'LYR-Sony-090221_050429.jpg', 'LYR-Sony-090221_050440.jpg', 'LYR-Sony-090221_050452.jpg', 'LYR-Sony-090221_050503.jpg', 'LYR-Sony-090221_050515.jpg', 'LYR-Sony-090221_050527.jpg', 'LYR-Sony-090221_050538.jpg', 'LYR-Sony-090221_050550.jpg', 'LYR-Sony-090221_050602.jpg', 'LYR-Sony-090221_050614.jpg', 'LYR-Sony-090221_050626.jpg', 'LYR-Sony-090221_050638.jpg', 'LYR-Sony-090221_050650.jpg', 'LYR-Sony-090221_050702.jpg', 'LYR-Sony-090221_050713.jpg', 'LYR-Sony-090221_050725.jpg', 'LYR-Sony-090221_050737.jpg', 'LYR-Sony-090221_050749.jpg', 'LYR-Sony-090221_050800.jpg', 'LYR-Sony-090221_050812.jpg', 'LYR-Sony-090221_050823.jpg', 'LYR-Sony-090221_050835.jpg', 'LYR-Sony-090221_050847.jpg', 'LYR-Sony-090221_050859.jpg', 'LYR-Sony-090221_050910.jpg', 'LYR-Sony-090221_050922.jpg', 'LYR-Sony-090221_050933.jpg', 'LYR-Sony-090221_050945.jpg', 'LYR-Sony-090221_050957.jpg', 'LYR-Sony-090221_051008.jpg', 'LYR-Sony-090221_051020.jpg', 'LYR-Sony-090221_051031.jpg', 'LYR-Sony-090221_051043.jpg', 'LYR-Sony-090221_051055.jpg', 'LYR-Sony-090221_051107.jpg', 'LYR-Sony-090221_051118.jpg', 'LYR-Sony-090221_051130.jpg', 'LYR-Sony-090221_051142.jpg', 'LYR-Sony-090221_051153.jpg', 'LYR-Sony-090221_051205.jpg', 'LYR-Sony-090221_051217.jpg', 'LYR-Sony-090221_051229.jpg', 'LYR-Sony-090221_051240.jpg', 'LYR-Sony-090221_051252.jpg', 'LYR-Sony-090221_051303.jpg', 'LYR-Sony-090221_051315.jpg', 'LYR-Sony-090221_051327.jpg', 'LYR-Sony-090221_051338.jpg', 'LYR-Sony-090221_051350.jpg', 'LYR-Sony-090221_051402.jpg', 'LYR-Sony-090221_051413.jpg', 'LYR-Sony-090221_051425.jpg', 'LYR-Sony-090221_051436.jpg', 'LYR-Sony-090221_051448.jpg', 'LYR-Sony-090221_051500.jpg', 'LYR-Sony-090221_051511.jpg', 'LYR-Sony-090221_051523.jpg', 'LYR-Sony-090221_051535.jpg', 'LYR-Sony-090221_051547.jpg', 'LYR-Sony-090221_051558.jpg', 'LYR-Sony-090221_051610.jpg', 'LYR-Sony-090221_051622.jpg', 'LYR-Sony-090221_051633.jpg', 'LYR-Sony-090221_051645.jpg', 'LYR-Sony-090221_051657.jpg', 'LYR-Sony-090221_051708.jpg', 'LYR-Sony-090221_051720.jpg', 'LYR-Sony-090221_051731.jpg', 'LYR-Sony-090221_051743.jpg', 'LYR-Sony-090221_051754.jpg', 'LYR-Sony-090221_051806.jpg', 'LYR-Sony-090221_051818.jpg', 'LYR-Sony-090221_051830.jpg', 'LYR-Sony-090221_051841.jpg', 'LYR-Sony-090221_051853.jpg', 'LYR-Sony-090221_051905.jpg', 'LYR-Sony-090221_051917.jpg', 'LYR-Sony-090221_051928.jpg', 'LYR-Sony-090221_051940.jpg', 'LYR-Sony-090221_051952.jpg', 'LYR-Sony-090221_052003.jpg', 'LYR-Sony-090221_052015.jpg', 'LYR-Sony-090221_052027.jpg', 'LYR-Sony-090221_052039.jpg', 'LYR-Sony-090221_052050.jpg', 'LYR-Sony-090221_052102.jpg', 'LYR-Sony-090221_052114.jpg', 'LYR-Sony-090221_052125.jpg', 'LYR-Sony-090221_052137.jpg', 'LYR-Sony-090221_052148.jpg', 'LYR-Sony-090221_052200.jpg', 'LYR-Sony-090221_052212.jpg', 'LYR-Sony-090221_052224.jpg', 'LYR-Sony-090221_052235.jpg', 'LYR-Sony-090221_052247.jpg', 'LYR-Sony-090221_052259.jpg', 'LYR-Sony-090221_052311.jpg', 'LYR-Sony-090221_052322.jpg', 'LYR-Sony-090221_052334.jpg', 'LYR-Sony-090221_052346.jpg', 'LYR-Sony-090221_052357.jpg', 'LYR-Sony-090221_052409.jpg', 'LYR-Sony-090221_052421.jpg', 'LYR-Sony-090221_052433.jpg', 'LYR-Sony-090221_052444.jpg', 'LYR-Sony-090221_052456.jpg', 'LYR-Sony-090221_052507.jpg', 'LYR-Sony-090221_052519.jpg', 'LYR-Sony-090221_052531.jpg', 'LYR-Sony-090221_052542.jpg', 'LYR-Sony-090221_052554.jpg', 'LYR-Sony-090221_052606.jpg', 'LYR-Sony-090221_052617.jpg', 'LYR-Sony-090221_052629.jpg', 'LYR-Sony-090221_052641.jpg', 'LYR-Sony-090221_052653.jpg', 'LYR-Sony-090221_052704.jpg', 'LYR-Sony-090221_052716.jpg', 'LYR-Sony-090221_052728.jpg', 'LYR-Sony-090221_052740.jpg', 'LYR-Sony-090221_052751.jpg', 'LYR-Sony-090221_052803.jpg', 'LYR-Sony-090221_052815.jpg', 'LYR-Sony-090221_052826.jpg', 'LYR-Sony-090221_052838.jpg', 'LYR-Sony-090221_052850.jpg', 'LYR-Sony-090221_052902.jpg', 'LYR-Sony-090221_052913.jpg', 'LYR-Sony-090221_052925.jpg', 'LYR-Sony-090221_052937.jpg', 'LYR-Sony-090221_052948.jpg', 'LYR-Sony-090221_053000.jpg', 'LYR-Sony-090221_053012.jpg', 'LYR-Sony-090221_053024.jpg', 'LYR-Sony-090221_053036.jpg', 'LYR-Sony-090221_053047.jpg', 'LYR-Sony-090221_053059.jpg', 'LYR-Sony-090221_053111.jpg', 'LYR-Sony-090221_053122.jpg', 'LYR-Sony-090221_053134.jpg', 'LYR-Sony-090221_053146.jpg', 'LYR-Sony-090221_053157.jpg', 'LYR-Sony-090221_053209.jpg', 'LYR-Sony-090221_053221.jpg', 'LYR-Sony-090221_053233.jpg', 'LYR-Sony-090221_053244.jpg', 'LYR-Sony-090221_053256.jpg', 'LYR-Sony-090221_053308.jpg', 'LYR-Sony-090221_053320.jpg', 'LYR-Sony-090221_053332.jpg', 'LYR-Sony-090221_053343.jpg', 'LYR-Sony-090221_053355.jpg', 'LYR-Sony-090221_053407.jpg', 'LYR-Sony-090221_053419.jpg', 'LYR-Sony-090221_053431.jpg', 'LYR-Sony-090221_053442.jpg', 'LYR-Sony-090221_053454.jpg', 'LYR-Sony-090221_053506.jpg', 'LYR-Sony-090221_053517.jpg', 'LYR-Sony-090221_053529.jpg', 'LYR-Sony-090221_053540.jpg', 'LYR-Sony-090221_053552.jpg', 'LYR-Sony-090221_053604.jpg', 'LYR-Sony-090221_053616.jpg', 'LYR-Sony-090221_053627.jpg', 'LYR-Sony-090221_053639.jpg', 'LYR-Sony-090221_053650.jpg', 'LYR-Sony-090221_053702.jpg', 'LYR-Sony-090221_053714.jpg', 'LYR-Sony-090221_053726.jpg', 'LYR-Sony-090221_053738.jpg', 'LYR-Sony-090221_053749.jpg', 'LYR-Sony-090221_053801.jpg', 'LYR-Sony-090221_053813.jpg', 'LYR-Sony-090221_053825.jpg', 'LYR-Sony-090221_053837.jpg', 'LYR-Sony-090221_053848.jpg', 'LYR-Sony-090221_053900.jpg', 'LYR-Sony-090221_053912.jpg', 'LYR-Sony-090221_053923.jpg', 'LYR-Sony-090221_053935.jpg', 'LYR-Sony-090221_053947.jpg', 'LYR-Sony-090221_053959.jpg', 'LYR-Sony-090221_054011.jpg', 'LYR-Sony-090221_054022.jpg', 'LYR-Sony-090221_054034.jpg', 'LYR-Sony-090221_054046.jpg', 'LYR-Sony-090221_054057.jpg', 'LYR-Sony-090221_054109.jpg', 'LYR-Sony-090221_054120.jpg', 'LYR-Sony-090221_054132.jpg', 'LYR-Sony-090221_054144.jpg', 'LYR-Sony-090221_054156.jpg', 'LYR-Sony-090221_054207.jpg', 'LYR-Sony-090221_054219.jpg', 'LYR-Sony-090221_054231.jpg', 'LYR-Sony-090221_054242.jpg', 'LYR-Sony-090221_054254.jpg', 'LYR-Sony-090221_054306.jpg', 'LYR-Sony-090221_054317.jpg', 'LYR-Sony-090221_054330.jpg', 'LYR-Sony-090221_054341.jpg', 'LYR-Sony-090221_054353.jpg', 'LYR-Sony-090221_054405.jpg', 'LYR-Sony-090221_054417.jpg', 'LYR-Sony-090221_054428.jpg', 'LYR-Sony-090221_054441.jpg', 'LYR-Sony-090221_054453.jpg', 'LYR-Sony-090221_054504.jpg', 'LYR-Sony-090221_054516.jpg', 'LYR-Sony-090221_054528.jpg', 'LYR-Sony-090221_054540.jpg', 'LYR-Sony-090221_054552.jpg', 'LYR-Sony-090221_054603.jpg', 'LYR-Sony-090221_054615.jpg', 'LYR-Sony-090221_054627.jpg', 'LYR-Sony-090221_054639.jpg', 'LYR-Sony-090221_054651.jpg', 'LYR-Sony-090221_054703.jpg', 'LYR-Sony-090221_054714.jpg', 'LYR-Sony-090221_054726.jpg', 'LYR-Sony-090221_054738.jpg', 'LYR-Sony-090221_054750.jpg', 'LYR-Sony-090221_054802.jpg', 'LYR-Sony-090221_054814.jpg', 'LYR-Sony-090221_054825.jpg', 'LYR-Sony-090221_054837.jpg', 'LYR-Sony-090221_054849.jpg', 'LYR-Sony-090221_054901.jpg', 'LYR-Sony-090221_054913.jpg', 'LYR-Sony-090221_054925.jpg', 'LYR-Sony-090221_054936.jpg', 'LYR-Sony-090221_054948.jpg', 'LYR-Sony-090221_055000.jpg', 'LYR-Sony-090221_055012.jpg', 'LYR-Sony-090221_055024.jpg', 'LYR-Sony-090221_055036.jpg', 'LYR-Sony-090221_055048.jpg', 'LYR-Sony-090221_055100.jpg', 'LYR-Sony-090221_055112.jpg', 'LYR-Sony-090221_055124.jpg', 'LYR-Sony-090221_055135.jpg', 'LYR-Sony-090221_055147.jpg', 'LYR-Sony-090221_055159.jpg', 'LYR-Sony-090221_055211.jpg', 'LYR-Sony-090221_055223.jpg', 'LYR-Sony-090221_055235.jpg', 'LYR-Sony-090221_055246.jpg', 'LYR-Sony-090221_055258.jpg', 'LYR-Sony-090221_055310.jpg', 'LYR-Sony-090221_055322.jpg', 'LYR-Sony-090221_055334.jpg', 'LYR-Sony-090221_055345.jpg', 'LYR-Sony-090221_055357.jpg', 'LYR-Sony-090221_055409.jpg', 'LYR-Sony-090221_055421.jpg', 'LYR-Sony-090221_055433.jpg', 'LYR-Sony-090221_055445.jpg', 'LYR-Sony-090221_055457.jpg', 'LYR-Sony-090221_055509.jpg', 'LYR-Sony-090221_055520.jpg', 'LYR-Sony-090221_055532.jpg', 'LYR-Sony-090221_055544.jpg', 'LYR-Sony-090221_055556.jpg', 'LYR-Sony-090221_055608.jpg', 'LYR-Sony-090221_055620.jpg', 'LYR-Sony-090221_055632.jpg', 'LYR-Sony-090221_055643.jpg', 'LYR-Sony-090221_055655.jpg', 'LYR-Sony-090221_055707.jpg', 'LYR-Sony-090221_055719.jpg', 'LYR-Sony-090221_055731.jpg', 'LYR-Sony-090221_055743.jpg', 'LYR-Sony-090221_055755.jpg', 'LYR-Sony-090221_055807.jpg', 'LYR-Sony-090221_055819.jpg', 'LYR-Sony-090221_055831.jpg', 'LYR-Sony-090221_055843.jpg', 'LYR-Sony-090221_055855.jpg', 'LYR-Sony-090221_055907.jpg', 'LYR-Sony-090221_055918.jpg', 'LYR-Sony-090221_055930.jpg', 'LYR-Sony-090221_055942.jpg', 'LYR-Sony-090221_055954.jpg', 'LYR-Sony-090221_060006.jpg', 'LYR-Sony-090221_060017.jpg', 'LYR-Sony-090221_060029.jpg', 'LYR-Sony-090221_060041.jpg', 'LYR-Sony-090221_060053.jpg', 'LYR-Sony-090221_060105.jpg', 'LYR-Sony-090221_060118.jpg', 'LYR-Sony-090221_060130.jpg', 'LYR-Sony-090221_060141.jpg', 'LYR-Sony-090221_060154.jpg', 'LYR-Sony-090221_060206.jpg', 'LYR-Sony-090221_060217.jpg', 'LYR-Sony-090221_060229.jpg', 'LYR-Sony-090221_060241.jpg', 'LYR-Sony-090221_060253.jpg', 'LYR-Sony-090221_060305.jpg', 'LYR-Sony-090221_060317.jpg', 'LYR-Sony-090221_060328.jpg', 'LYR-Sony-090221_060341.jpg', 'LYR-Sony-090221_060353.jpg', 'LYR-Sony-090221_060405.jpg', 'LYR-Sony-090221_060417.jpg', 'LYR-Sony-090221_060429.jpg', 'LYR-Sony-090221_060440.jpg', 'LYR-Sony-090221_060453.jpg', 'LYR-Sony-090221_060504.jpg', 'LYR-Sony-090221_060516.jpg', 'LYR-Sony-090221_060528.jpg', 'LYR-Sony-090221_060540.jpg', 'LYR-Sony-090221_060553.jpg', 'LYR-Sony-090221_060604.jpg', 'LYR-Sony-090221_060617.jpg', 'LYR-Sony-090221_060629.jpg', 'LYR-Sony-090221_060641.jpg', 'LYR-Sony-090221_060653.jpg', 'LYR-Sony-090221_060705.jpg', 'LYR-Sony-090221_060717.jpg', 'LYR-Sony-090221_060729.jpg', 'LYR-Sony-090221_060741.jpg', 'LYR-Sony-090221_060753.jpg', 'LYR-Sony-090221_060805.jpg', 'LYR-Sony-090221_060817.jpg', 'LYR-Sony-090221_060829.jpg', 'LYR-Sony-090221_060841.jpg', 'LYR-Sony-090221_060853.jpg', 'LYR-Sony-090221_060905.jpg', 'LYR-Sony-090221_060917.jpg', 'LYR-Sony-090221_060929.jpg', 'LYR-Sony-090221_060941.jpg', 'LYR-Sony-090221_060953.jpg', 'LYR-Sony-090221_061005.jpg', 'LYR-Sony-090221_061017.jpg', 'LYR-Sony-090221_061029.jpg', 'LYR-Sony-090221_061041.jpg', 'LYR-Sony-090221_061053.jpg', 'LYR-Sony-090221_061105.jpg', 'LYR-Sony-090221_061117.jpg', 'LYR-Sony-090221_061129.jpg', 'LYR-Sony-090221_061141.jpg', 'LYR-Sony-090221_061153.jpg', 'LYR-Sony-090221_061205.jpg', 'LYR-Sony-090221_061217.jpg', 'LYR-Sony-090221_061229.jpg', 'LYR-Sony-090221_061241.jpg', 'LYR-Sony-090221_061254.jpg', 'LYR-Sony-090221_061306.jpg', 'LYR-Sony-090221_061318.jpg', 'LYR-Sony-090221_061330.jpg', 'LYR-Sony-090221_061342.jpg', 'LYR-Sony-090221_061354.jpg', 'LYR-Sony-090221_061406.jpg', 'LYR-Sony-090221_061418.jpg', 'LYR-Sony-090221_061430.jpg', 'LYR-Sony-090221_061443.jpg', 'LYR-Sony-090221_061455.jpg', 'LYR-Sony-090221_061507.jpg', 'LYR-Sony-090221_061519.jpg', 'LYR-Sony-090221_061531.jpg', 'LYR-Sony-090221_061543.jpg', 'LYR-Sony-090221_061555.jpg', 'LYR-Sony-090221_061607.jpg', 'LYR-Sony-090221_061620.jpg', 'LYR-Sony-090221_061632.jpg', 'LYR-Sony-090221_061644.jpg', 'LYR-Sony-090221_061656.jpg', 'LYR-Sony-090221_061708.jpg', 'LYR-Sony-090221_061720.jpg', 'LYR-Sony-090221_061732.jpg', 'LYR-Sony-090221_061744.jpg', 'LYR-Sony-090221_061756.jpg', 'LYR-Sony-090221_061808.jpg', 'LYR-Sony-090221_061820.jpg', 'LYR-Sony-090221_061832.jpg', 'LYR-Sony-090221_061844.jpg', 'LYR-Sony-090221_061856.jpg', 'LYR-Sony-090221_061909.jpg', 'LYR-Sony-090221_061920.jpg', 'LYR-Sony-090221_061932.jpg', 'LYR-Sony-090221_061944.jpg', 'LYR-Sony-090221_061957.jpg', 'LYR-Sony-090221_062009.jpg', 'LYR-Sony-090221_062021.jpg', 'LYR-Sony-090221_062033.jpg', 'LYR-Sony-090221_062045.jpg', 'LYR-Sony-090221_062057.jpg', 'LYR-Sony-090221_062109.jpg', 'LYR-Sony-090221_062121.jpg', 'LYR-Sony-090221_062133.jpg', 'LYR-Sony-090221_062145.jpg', 'LYR-Sony-090221_062157.jpg', 'LYR-Sony-090221_062209.jpg', 'LYR-Sony-090221_062221.jpg', 'LYR-Sony-090221_062233.jpg', 'LYR-Sony-090221_062245.jpg', 'LYR-Sony-090221_062257.jpg', 'LYR-Sony-090221_062309.jpg', 'LYR-Sony-090221_062321.jpg', 'LYR-Sony-090221_062333.jpg', 'LYR-Sony-090221_062345.jpg', 'LYR-Sony-090221_062357.jpg', 'LYR-Sony-090221_062409.jpg', 'LYR-Sony-090221_062421.jpg', 'LYR-Sony-090221_062433.jpg', 'LYR-Sony-090221_062445.jpg', 'LYR-Sony-090221_062457.jpg', 'LYR-Sony-090221_062509.jpg', 'LYR-Sony-090221_062522.jpg', 'LYR-Sony-090221_062534.jpg', 'LYR-Sony-090221_062546.jpg', 'LYR-Sony-090221_062558.jpg', 'LYR-Sony-090221_062610.jpg', 'LYR-Sony-090221_062622.jpg', 'LYR-Sony-090221_062635.jpg', 'LYR-Sony-090221_062647.jpg', 'LYR-Sony-090221_062659.jpg', 'LYR-Sony-090221_062711.jpg', 'LYR-Sony-090221_062723.jpg', 'LYR-Sony-090221_062735.jpg', 'LYR-Sony-090221_062747.jpg', 'LYR-Sony-090221_062759.jpg', 'LYR-Sony-090221_062811.jpg', 'LYR-Sony-090221_062823.jpg', 'LYR-Sony-090221_062835.jpg', 'LYR-Sony-090221_062847.jpg', 'LYR-Sony-090221_062859.jpg', 'LYR-Sony-090221_062911.jpg', 'LYR-Sony-090221_062923.jpg', 'LYR-Sony-090221_062935.jpg', 'LYR-Sony-090221_062947.jpg', 'LYR-Sony-090221_063000.jpg', 'LYR-Sony-090221_063012.jpg', 'LYR-Sony-090221_063024.jpg', 'LYR-Sony-090221_063036.jpg', 'LYR-Sony-090221_063048.jpg', 'LYR-Sony-090221_063059.jpg', 'LYR-Sony-090221_063112.jpg', 'LYR-Sony-090221_063123.jpg', 'LYR-Sony-090221_063135.jpg', 'LYR-Sony-090221_063147.jpg', 'LYR-Sony-090221_063159.jpg', 'LYR-Sony-090221_063211.jpg', 'LYR-Sony-090221_063223.jpg', 'LYR-Sony-090221_063235.jpg', 'LYR-Sony-090221_063247.jpg', 'LYR-Sony-090221_063259.jpg', 'LYR-Sony-090221_063311.jpg', 'LYR-Sony-090221_063324.jpg', 'LYR-Sony-090221_063336.jpg', 'LYR-Sony-090221_063348.jpg', 'LYR-Sony-090221_063400.jpg', 'LYR-Sony-090221_063412.jpg', 'LYR-Sony-090221_063423.jpg', 'LYR-Sony-090221_063435.jpg', 'LYR-Sony-090221_063447.jpg', 'LYR-Sony-090221_063500.jpg', 'LYR-Sony-090221_063512.jpg', 'LYR-Sony-090221_063524.jpg', 'LYR-Sony-090221_063536.jpg', 'LYR-Sony-090221_063549.jpg', 'LYR-Sony-090221_063601.jpg', 'LYR-Sony-090221_063613.jpg', 'LYR-Sony-090221_063626.jpg', 'LYR-Sony-090221_063637.jpg', 'LYR-Sony-090221_063649.jpg', 'LYR-Sony-090221_063701.jpg', 'LYR-Sony-090221_063713.jpg', 'LYR-Sony-090221_063725.jpg', 'LYR-Sony-090221_063737.jpg', 'LYR-Sony-090221_063749.jpg', 'LYR-Sony-090221_063801.jpg', 'LYR-Sony-090221_063813.jpg', 'LYR-Sony-090221_063825.jpg', 'LYR-Sony-090221_063837.jpg', 'LYR-Sony-090221_063849.jpg', 'LYR-Sony-090221_063901.jpg', 'LYR-Sony-090221_063913.jpg', 'LYR-Sony-090221_063925.jpg', 'LYR-Sony-090221_063937.jpg', 'LYR-Sony-090221_063949.jpg', 'LYR-Sony-090221_064001.jpg', 'LYR-Sony-090221_064013.jpg', 'LYR-Sony-090221_064025.jpg', 'LYR-Sony-090221_064037.jpg', 'LYR-Sony-090221_064050.jpg', 'LYR-Sony-090221_064101.jpg', 'LYR-Sony-090221_064113.jpg', 'LYR-Sony-090221_064125.jpg', 'LYR-Sony-090221_064137.jpg', 'LYR-Sony-090221_064149.jpg', 'LYR-Sony-090221_064201.jpg', 'LYR-Sony-090221_064213.jpg', 'LYR-Sony-090221_064225.jpg', 'LYR-Sony-090221_064237.jpg', 'LYR-Sony-090221_064249.jpg', 'LYR-Sony-090221_064300.jpg', 'LYR-Sony-090221_064312.jpg', 'LYR-Sony-090221_064324.jpg', 'LYR-Sony-090221_064336.jpg', 'LYR-Sony-090221_064348.jpg', 'LYR-Sony-090221_064400.jpg', 'LYR-Sony-090221_064412.jpg', 'LYR-Sony-090221_064424.jpg', 'LYR-Sony-090221_064435.jpg', 'LYR-Sony-090221_064447.jpg', 'LYR-Sony-090221_064500.jpg', 'LYR-Sony-090221_064511.jpg', 'LYR-Sony-090221_064523.jpg', 'LYR-Sony-090221_064535.jpg', 'LYR-Sony-090221_064546.jpg', 'LYR-Sony-090221_064558.jpg', 'LYR-Sony-090221_064610.jpg', 'LYR-Sony-090221_064622.jpg', 'LYR-Sony-090221_064634.jpg', 'LYR-Sony-090221_064646.jpg', 'LYR-Sony-090221_064658.jpg', 'LYR-Sony-090221_064710.jpg', 'LYR-Sony-090221_064721.jpg', 'LYR-Sony-090221_064733.jpg', 'LYR-Sony-090221_064746.jpg', 'LYR-Sony-090221_064757.jpg', 'LYR-Sony-090221_064809.jpg', 'LYR-Sony-090221_064821.jpg', 'LYR-Sony-090221_064832.jpg', 'LYR-Sony-090221_064845.jpg', 'LYR-Sony-090221_064856.jpg', 'LYR-Sony-090221_064908.jpg', 'LYR-Sony-090221_064920.jpg', 'LYR-Sony-090221_064932.jpg', 'LYR-Sony-090221_064944.jpg', 'LYR-Sony-090221_064955.jpg', 'LYR-Sony-090221_065007.jpg', 'LYR-Sony-090221_065019.jpg', 'LYR-Sony-090221_065031.jpg', 'LYR-Sony-090221_065042.jpg', 'LYR-Sony-090221_065054.jpg', 'LYR-Sony-090221_065106.jpg', 'LYR-Sony-090221_065118.jpg', 'LYR-Sony-090221_065130.jpg', 'LYR-Sony-090221_065141.jpg', 'LYR-Sony-090221_065154.jpg', 'LYR-Sony-090221_065205.jpg', 'LYR-Sony-090221_065217.jpg', 'LYR-Sony-090221_065229.jpg', 'LYR-Sony-090221_065241.jpg', 'LYR-Sony-090221_065252.jpg', 'LYR-Sony-090221_065304.jpg', 'LYR-Sony-090221_065316.jpg', 'LYR-Sony-090221_065328.jpg', 'LYR-Sony-090221_065339.jpg', 'LYR-Sony-090221_065351.jpg', 'LYR-Sony-090221_065403.jpg', 'LYR-Sony-090221_065414.jpg', 'LYR-Sony-090221_065426.jpg', 'LYR-Sony-090221_065437.jpg', 'LYR-Sony-090221_065449.jpg', 'LYR-Sony-090221_065501.jpg', 'LYR-Sony-090221_065512.jpg', 'LYR-Sony-090221_065524.jpg', 'LYR-Sony-090221_065536.jpg', 'LYR-Sony-090221_065547.jpg', 'LYR-Sony-090221_065559.jpg', 'LYR-Sony-090221_065610.jpg', 'LYR-Sony-090221_065622.jpg', 'LYR-Sony-090221_065634.jpg', 'LYR-Sony-090221_065645.jpg', 'LYR-Sony-090221_065657.jpg', 'LYR-Sony-090221_065709.jpg', 'LYR-Sony-090221_065721.jpg', 'LYR-Sony-090221_065732.jpg', 'LYR-Sony-090221_065800.jpg', 'LYR-Sony-090221_065829.jpg', 'LYR-Sony-090221_065859.jpg', 'LYR-Sony-090221_065928.jpg', 'LYR-Sony-090221_065958.jpg', 'LYR-Sony-090221_070027.jpg', 'LYR-Sony-090221_070056.jpg', 'LYR-Sony-090221_070126.jpg', 'LYR-Sony-090221_070155.jpg', 'LYR-Sony-090221_070225.jpg', 'LYR-Sony-090221_070254.jpg', 'LYR-Sony-090221_070324.jpg', 'LYR-Sony-090221_070353.jpg', 'LYR-Sony-090221_070422.jpg', 'LYR-Sony-090221_070452.jpg', 'LYR-Sony-090221_070522.jpg', 'LYR-Sony-090221_070551.jpg', 'LYR-Sony-090221_070621.jpg', 'LYR-Sony-090221_070650.jpg', 'LYR-Sony-090221_070719.jpg', 'LYR-Sony-090221_070749.jpg', 'LYR-Sony-090221_070819.jpg', 'LYR-Sony-090221_070848.jpg', 'LYR-Sony-090221_070917.jpg', 'LYR-Sony-090221_070947.jpg', 'LYR-Sony-090221_071017.jpg', 'LYR-Sony-090221_071046.jpg', 'LYR-Sony-090221_071116.jpg', 'LYR-Sony-090221_071145.jpg', 'LYR-Sony-090221_071214.jpg', 'LYR-Sony-090221_071244.jpg', 'LYR-Sony-090221_071313.jpg', 'LYR-Sony-090221_071343.jpg', 'LYR-Sony-090221_071412.jpg', 'LYR-Sony-090221_071442.jpg', 'LYR-Sony-090221_071511.jpg', 'LYR-Sony-090221_071540.jpg', 'LYR-Sony-090221_071610.jpg', 'LYR-Sony-090221_071639.jpg', 'LYR-Sony-090221_071709.jpg', 'LYR-Sony-090221_071738.jpg', 'LYR-Sony-090221_071808.jpg', 'LYR-Sony-090221_071837.jpg', 'LYR-Sony-090221_071907.jpg', 'LYR-Sony-090221_071936.jpg', 'LYR-Sony-090221_072006.jpg', 'LYR-Sony-090221_072035.jpg', 'LYR-Sony-090221_072105.jpg', 'LYR-Sony-090221_072135.jpg', 'LYR-Sony-090221_072204.jpg', 'LYR-Sony-090221_072234.jpg', 'LYR-Sony-090221_072304.jpg', 'LYR-Sony-090221_072334.jpg', 'LYR-Sony-090221_072403.jpg', 'LYR-Sony-090221_072433.jpg', 'LYR-Sony-090221_072502.jpg', 'LYR-Sony-090221_072532.jpg', 'LYR-Sony-090221_072601.jpg', 'LYR-Sony-090221_072631.jpg', 'LYR-Sony-090221_072701.jpg', 'LYR-Sony-090221_072730.jpg', 'LYR-Sony-090221_072759.jpg', 'LYR-Sony-090221_072829.jpg', 'LYR-Sony-090221_072859.jpg', 'LYR-Sony-090221_072929.jpg', 'LYR-Sony-090221_072959.jpg', 'LYR-Sony-090221_073029.jpg', 'LYR-Sony-090221_073059.jpg', 'LYR-Sony-090221_073128.jpg', 'LYR-Sony-090221_073158.jpg', 'LYR-Sony-090221_073228.jpg', 'LYR-Sony-090221_073257.jpg', 'LYR-Sony-090221_073327.jpg', 'LYR-Sony-090221_073357.jpg', 'LYR-Sony-090221_073426.jpg', 'LYR-Sony-090221_073455.jpg', 'LYR-Sony-090221_073525.jpg', 'LYR-Sony-090221_073555.jpg', 'LYR-Sony-090221_073625.jpg', 'LYR-Sony-090221_073654.jpg', 'LYR-Sony-090221_073724.jpg', 'LYR-Sony-090221_073753.jpg', 'LYR-Sony-090221_073823.jpg', 'LYR-Sony-090221_073853.jpg', 'LYR-Sony-090221_073923.jpg', 'LYR-Sony-090221_073952.jpg', 'LYR-Sony-090221_074022.jpg', 'LYR-Sony-090221_074051.jpg', 'LYR-Sony-090221_074121.jpg', 'LYR-Sony-090221_074151.jpg', 'LYR-Sony-090221_074220.jpg', 'LYR-Sony-090221_074250.jpg', 'LYR-Sony-090221_074319.jpg', 'LYR-Sony-090221_074349.jpg', 'LYR-Sony-090221_074418.jpg', 'LYR-Sony-090221_074447.jpg', 'LYR-Sony-090221_074517.jpg', 'LYR-Sony-090221_074546.jpg', 'LYR-Sony-090221_074616.jpg', 'LYR-Sony-090221_074646.jpg', 'LYR-Sony-090221_074715.jpg', 'LYR-Sony-090221_074745.jpg', 'LYR-Sony-090221_074815.jpg', 'LYR-Sony-090221_074845.jpg', 'LYR-Sony-090221_074914.jpg', 'LYR-Sony-090221_074944.jpg', 'LYR-Sony-090221_075014.jpg', 'LYR-Sony-090221_075043.jpg', 'LYR-Sony-090221_075113.jpg', 'LYR-Sony-090221_075142.jpg', 'LYR-Sony-090221_075212.jpg', 'LYR-Sony-090221_075241.jpg', 'LYR-Sony-090221_075311.jpg', 'LYR-Sony-090221_075340.jpg', 'LYR-Sony-090221_075410.jpg', 'LYR-Sony-090221_075440.jpg', 'LYR-Sony-090221_075509.jpg', 'LYR-Sony-090221_075539.jpg', 'LYR-Sony-090221_075609.jpg', 'LYR-Sony-090221_075639.jpg', 'LYR-Sony-090221_075708.jpg', 'LYR-Sony-090221_075738.jpg', 'LYR-Sony-090221_075808.jpg', 'LYR-Sony-090221_075838.jpg', 'LYR-Sony-090221_075907.jpg', 'LYR-Sony-090221_075936.jpg', 'LYR-Sony-090221_080006.jpg', 'LYR-Sony-090221_080036.jpg', 'LYR-Sony-090221_080105.jpg', 'LYR-Sony-090221_080135.jpg', 'LYR-Sony-090221_080204.jpg', 'LYR-Sony-090221_080234.jpg', 'LYR-Sony-090221_080303.jpg', 'LYR-Sony-090221_080333.jpg', 'LYR-Sony-090221_080403.jpg', 'LYR-Sony-090221_080432.jpg', 'LYR-Sony-090221_080502.jpg', 'LYR-Sony-090221_080532.jpg', 'LYR-Sony-090221_080601.jpg', 'LYR-Sony-090221_080630.jpg', 'LYR-Sony-090221_080659.jpg', 'LYR-Sony-090221_080729.jpg', 'LYR-Sony-090221_080748.jpg', 'LYR-Sony-090221_080818.jpg', 'LYR-Sony-090221_080847.jpg', 'LYR-Sony-090221_080917.jpg', 'LYR-Sony-090221_080946.jpg', 'LYR-Sony-090221_081016.jpg', 'LYR-Sony-090221_081045.jpg', 'LYR-Sony-090221_081115.jpg', 'LYR-Sony-090221_081144.jpg', 'LYR-Sony-090221_081214.jpg', 'LYR-Sony-090221_081244.jpg', 'LYR-Sony-090221_081314.jpg', 'LYR-Sony-090221_081343.jpg', 'LYR-Sony-090221_081413.jpg', 'LYR-Sony-090221_081442.jpg', 'LYR-Sony-090221_081512.jpg', 'LYR-Sony-090221_081541.jpg', 'LYR-Sony-090221_081611.jpg', 'LYR-Sony-090221_081641.jpg', 'LYR-Sony-090221_081710.jpg', 'LYR-Sony-090221_081740.jpg', 'LYR-Sony-090221_081809.jpg', 'LYR-Sony-090221_081839.jpg', 'LYR-Sony-090221_081908.jpg', 'LYR-Sony-090221_081937.jpg', 'LYR-Sony-090221_082007.jpg', 'LYR-Sony-090221_082037.jpg', 'LYR-Sony-090221_082106.jpg', 'LYR-Sony-090221_082135.jpg', 'LYR-Sony-090221_082205.jpg', 'LYR-Sony-090221_082234.jpg', 'LYR-Sony-090221_082304.jpg', 'LYR-Sony-090221_082333.jpg', 'LYR-Sony-090221_082403.jpg', 'LYR-Sony-090221_082433.jpg', 'LYR-Sony-090221_082503.jpg', 'LYR-Sony-090221_082532.jpg', 'LYR-Sony-090221_082602.jpg', 'LYR-Sony-090221_082631.jpg', 'LYR-Sony-090221_082701.jpg', 'LYR-Sony-090221_082731.jpg', 'LYR-Sony-090221_082800.jpg', 'LYR-Sony-090221_082829.jpg', 'LYR-Sony-090221_082859.jpg', 'LYR-Sony-090221_082928.jpg', 'LYR-Sony-090221_082958.jpg', 'LYR-Sony-090221_083027.jpg', 'LYR-Sony-090221_083057.jpg', 'LYR-Sony-090221_083126.jpg', 'LYR-Sony-090221_083156.jpg', 'LYR-Sony-090221_083225.jpg', 'LYR-Sony-090221_083255.jpg', 'LYR-Sony-090221_083325.jpg', 'LYR-Sony-090221_083354.jpg', 'LYR-Sony-090221_083424.jpg', 'LYR-Sony-090221_083453.jpg', 'LYR-Sony-090221_083523.jpg', 'LYR-Sony-090221_083552.jpg', 'LYR-Sony-090221_083622.jpg', 'LYR-Sony-090221_083651.jpg', 'LYR-Sony-090221_083721.jpg', 'LYR-Sony-090221_083750.jpg', 'LYR-Sony-090221_083820.jpg', 'LYR-Sony-090221_083849.jpg', 'LYR-Sony-090221_083919.jpg', 'LYR-Sony-090221_083948.jpg', 'LYR-Sony-090221_084017.jpg', 'LYR-Sony-090221_084047.jpg', 'LYR-Sony-090221_084116.jpg', 'LYR-Sony-090221_084146.jpg', 'LYR-Sony-090221_084216.jpg', 'LYR-Sony-090221_084245.jpg', 'LYR-Sony-090221_084315.jpg', 'LYR-Sony-090221_084344.jpg', 'LYR-Sony-090221_084414.jpg', 'LYR-Sony-090221_084443.jpg', 'LYR-Sony-090221_084513.jpg', 'LYR-Sony-090221_084542.jpg', 'LYR-Sony-090221_084612.jpg', 'LYR-Sony-090221_084641.jpg', 'LYR-Sony-090221_084710.jpg', 'LYR-Sony-090221_084740.jpg', 'LYR-Sony-090221_084809.jpg', 'LYR-Sony-090221_084839.jpg', 'LYR-Sony-090221_084909.jpg', 'LYR-Sony-090221_084938.jpg', 'LYR-Sony-090221_085008.jpg', 'LYR-Sony-090221_085037.jpg', 'LYR-Sony-090221_085107.jpg', 'LYR-Sony-090221_085136.jpg', 'LYR-Sony-090221_085205.jpg', 'LYR-Sony-090221_085235.jpg', 'LYR-Sony-090221_085305.jpg', 'LYR-Sony-090221_085334.jpg', 'LYR-Sony-090221_085403.jpg', 'LYR-Sony-090221_085433.jpg', 'LYR-Sony-090221_085503.jpg', 'LYR-Sony-090221_085532.jpg', 'LYR-Sony-090221_085601.jpg', 'LYR-Sony-090221_085630.jpg', 'LYR-Sony-090221_085700.jpg', 'LYR-Sony-090221_085729.jpg', 'LYR-Sony-090221_085758.jpg', 'LYR-Sony-090221_085828.jpg', 'LYR-Sony-090221_085857.jpg', 'LYR-Sony-090221_085926.jpg', 'LYR-Sony-090221_085956.jpg', 'LYR-Sony-090221_090026.jpg', 'LYR-Sony-090221_090055.jpg', 'LYR-Sony-090221_090125.jpg', 'LYR-Sony-090221_090204.jpg', 'LYR-Sony-090221_090234.jpg', 'LYR-Sony-090221_090304.jpg', 'LYR-Sony-090221_090333.jpg', 'LYR-Sony-090221_090403.jpg', 'LYR-Sony-090221_090433.jpg', 'LYR-Sony-090221_090502.jpg', 'LYR-Sony-090221_090532.jpg', 'LYR-Sony-090221_090601.jpg', 'LYR-Sony-090221_090630.jpg', 'LYR-Sony-090221_090700.jpg', 'LYR-Sony-090221_090730.jpg', 'LYR-Sony-090221_090759.jpg', 'LYR-Sony-090221_090829.jpg', 'LYR-Sony-090221_090859.jpg', 'LYR-Sony-090221_090928.jpg', 'LYR-Sony-090221_090958.jpg', 'LYR-Sony-090221_091027.jpg', 'LYR-Sony-090221_091057.jpg', 'LYR-Sony-090221_091126.jpg', 'LYR-Sony-090221_091156.jpg', 'LYR-Sony-090221_091226.jpg', 'LYR-Sony-090221_091256.jpg', 'LYR-Sony-090221_091325.jpg', 'LYR-Sony-090221_091354.jpg', 'LYR-Sony-090221_091424.jpg', 'LYR-Sony-090221_091454.jpg', 'LYR-Sony-090221_091523.jpg', 'LYR-Sony-090221_091553.jpg', 'LYR-Sony-090221_091622.jpg', 'LYR-Sony-090221_091651.jpg', 'LYR-Sony-090221_091721.jpg', 'LYR-Sony-090221_091751.jpg', 'LYR-Sony-090221_091820.jpg', 'LYR-Sony-090221_091850.jpg', 'LYR-Sony-090221_091919.jpg', 'LYR-Sony-090221_091949.jpg', 'LYR-Sony-090221_092018.jpg', 'LYR-Sony-090221_092048.jpg', 'LYR-Sony-090221_092118.jpg', 'LYR-Sony-090221_092147.jpg', 'LYR-Sony-090221_092216.jpg', 'LYR-Sony-090221_092245.jpg', 'LYR-Sony-090221_092315.jpg', 'LYR-Sony-090221_092345.jpg', 'LYR-Sony-090221_092415.jpg', 'LYR-Sony-090221_092445.jpg', 'LYR-Sony-090221_092514.jpg', 'LYR-Sony-090221_092543.jpg', 'LYR-Sony-090221_092613.jpg', 'LYR-Sony-090221_092642.jpg', 'LYR-Sony-090221_092712.jpg', 'LYR-Sony-090221_092741.jpg', 'LYR-Sony-090221_092811.jpg', 'LYR-Sony-090221_092841.jpg', 'LYR-Sony-090221_092910.jpg', 'LYR-Sony-090221_092940.jpg', 'LYR-Sony-090221_093009.jpg', 'LYR-Sony-090221_093039.jpg', 'LYR-Sony-090221_093109.jpg', 'LYR-Sony-090221_093139.jpg', 'LYR-Sony-090221_093208.jpg', 'LYR-Sony-090221_093237.jpg', 'LYR-Sony-090221_093307.jpg', 'LYR-Sony-090221_093337.jpg', 'LYR-Sony-090221_093406.jpg', 'LYR-Sony-090221_093436.jpg', 'LYR-Sony-090221_093505.jpg', 'LYR-Sony-090221_093535.jpg', 'LYR-Sony-090221_093605.jpg', 'LYR-Sony-090221_093634.jpg', 'LYR-Sony-090221_093703.jpg', 'LYR-Sony-090221_093733.jpg', 'LYR-Sony-090221_093802.jpg', 'LYR-Sony-090221_093831.jpg', 'LYR-Sony-090221_093900.jpg', 'LYR-Sony-090221_093930.jpg', 'LYR-Sony-090221_094000.jpg', 'LYR-Sony-090221_094030.jpg', 'LYR-Sony-090221_094059.jpg', 'LYR-Sony-090221_094129.jpg', 'LYR-Sony-090221_094158.jpg', 'LYR-Sony-090221_094228.jpg', 'LYR-Sony-090221_094258.jpg', 'LYR-Sony-090221_094327.jpg', 'LYR-Sony-090221_094357.jpg', 'LYR-Sony-090221_094426.jpg', 'LYR-Sony-090221_094456.jpg', 'LYR-Sony-090221_094525.jpg', 'LYR-Sony-090221_094555.jpg', 'LYR-Sony-090221_094624.jpg', 'LYR-Sony-090221_094654.jpg', 'LYR-Sony-090221_094723.jpg', 'LYR-Sony-090221_094752.jpg', 'LYR-Sony-090221_094822.jpg', 'LYR-Sony-090221_094851.jpg', 'LYR-Sony-090221_094921.jpg', 'LYR-Sony-090221_094951.jpg', 'LYR-Sony-090221_095020.jpg', 'LYR-Sony-090221_095050.jpg', 'LYR-Sony-090221_095120.jpg', 'LYR-Sony-090221_095149.jpg', 'LYR-Sony-090221_095219.jpg', 'LYR-Sony-090221_095248.jpg', 'LYR-Sony-090221_095318.jpg', 'LYR-Sony-090221_095347.jpg', 'LYR-Sony-090221_095417.jpg', 'LYR-Sony-090221_095447.jpg', 'LYR-Sony-090221_095517.jpg', 'LYR-Sony-090221_095546.jpg', 'LYR-Sony-090221_095616.jpg', 'LYR-Sony-090221_095646.jpg', 'LYR-Sony-090221_095716.jpg', 'LYR-Sony-090221_095745.jpg', 'LYR-Sony-090221_095814.jpg', 'LYR-Sony-090221_095844.jpg', 'LYR-Sony-090221_095914.jpg', 'LYR-Sony-090221_095943.jpg', 'LYR-Sony-090221_100013.jpg', 'LYR-Sony-090221_100042.jpg', 'LYR-Sony-090221_100112.jpg', 'LYR-Sony-090221_100142.jpg', 'LYR-Sony-090221_100211.jpg', 'LYR-Sony-090221_100241.jpg', 'LYR-Sony-090221_100311.jpg', 'LYR-Sony-090221_100340.jpg', 'LYR-Sony-090221_100410.jpg', 'LYR-Sony-090221_100440.jpg', 'LYR-Sony-090221_100509.jpg', 'LYR-Sony-090221_100539.jpg', 'LYR-Sony-090221_100609.jpg', 'LYR-Sony-090221_100638.jpg', 'LYR-Sony-090221_100708.jpg', 'LYR-Sony-090221_100738.jpg', 'LYR-Sony-090221_100807.jpg', 'LYR-Sony-090221_100836.jpg', 'LYR-Sony-090221_100906.jpg', 'LYR-Sony-090221_100936.jpg', 'LYR-Sony-090221_101006.jpg', 'LYR-Sony-090221_101036.jpg', 'LYR-Sony-090221_101105.jpg', 'LYR-Sony-090221_101135.jpg', 'LYR-Sony-090221_101205.jpg', 'LYR-Sony-090221_101235.jpg', 'LYR-Sony-090221_101304.jpg', 'LYR-Sony-090221_101334.jpg', 'LYR-Sony-090221_101403.jpg', 'LYR-Sony-090221_101432.jpg', 'LYR-Sony-090221_101502.jpg', 'LYR-Sony-090221_101532.jpg', 'LYR-Sony-090221_101601.jpg', 'LYR-Sony-090221_101630.jpg', 'LYR-Sony-090221_101700.jpg', 'LYR-Sony-090221_101730.jpg', 'LYR-Sony-090221_101800.jpg', 'LYR-Sony-090221_101829.jpg', 'LYR-Sony-090221_101859.jpg', 'LYR-Sony-090221_101928.jpg', 'LYR-Sony-090221_101958.jpg', 'LYR-Sony-090221_102027.jpg', 'LYR-Sony-090221_102057.jpg', 'LYR-Sony-090221_102127.jpg', 'LYR-Sony-090221_102157.jpg', 'LYR-Sony-090221_102226.jpg', 'LYR-Sony-090221_102256.jpg', 'LYR-Sony-090221_102326.jpg', 'LYR-Sony-090221_102355.jpg', 'LYR-Sony-090221_102425.jpg', 'LYR-Sony-090221_102454.jpg', 'LYR-Sony-090221_102524.jpg', 'LYR-Sony-090221_102553.jpg', 'LYR-Sony-090221_102623.jpg', 'LYR-Sony-090221_102652.jpg', 'LYR-Sony-090221_102721.jpg', 'LYR-Sony-090221_102751.jpg', 'LYR-Sony-090221_102821.jpg', 'LYR-Sony-090221_102850.jpg', 'LYR-Sony-090221_102920.jpg', 'LYR-Sony-090221_102949.jpg', 'LYR-Sony-090221_103019.jpg', 'LYR-Sony-090221_103048.jpg', 'LYR-Sony-090221_103118.jpg', 'LYR-Sony-090221_103147.jpg', 'LYR-Sony-090221_103217.jpg', 'LYR-Sony-090221_103246.jpg', 'LYR-Sony-090221_103316.jpg', 'LYR-Sony-090221_103345.jpg', 'LYR-Sony-090221_103414.jpg', 'LYR-Sony-090221_103444.jpg', 'LYR-Sony-090221_103513.jpg', 'LYR-Sony-090221_103543.jpg', 'LYR-Sony-090221_103613.jpg', 'LYR-Sony-090221_103643.jpg', 'LYR-Sony-090221_103713.jpg', 'LYR-Sony-090221_103742.jpg', 'LYR-Sony-090221_103811.jpg', 'LYR-Sony-090221_103841.jpg', 'LYR-Sony-090221_103910.jpg', 'LYR-Sony-090221_103940.jpg', 'LYR-Sony-090221_104010.jpg', 'LYR-Sony-090221_104039.jpg', 'LYR-Sony-090221_104109.jpg', 'LYR-Sony-090221_104139.jpg', 'LYR-Sony-090221_104208.jpg', 'LYR-Sony-090221_104238.jpg', 'LYR-Sony-090221_104307.jpg', 'LYR-Sony-090221_104337.jpg', 'LYR-Sony-090221_104406.jpg', 'LYR-Sony-090221_104436.jpg', 'LYR-Sony-090221_104506.jpg', 'LYR-Sony-090221_104536.jpg', 'LYR-Sony-090221_104605.jpg', 'LYR-Sony-090221_104635.jpg', 'LYR-Sony-090221_104704.jpg', 'LYR-Sony-090221_104734.jpg', 'LYR-Sony-090221_104804.jpg', 'LYR-Sony-090221_104834.jpg', 'LYR-Sony-090221_104904.jpg', 'LYR-Sony-090221_104933.jpg', 'LYR-Sony-090221_105003.jpg', 'LYR-Sony-090221_105033.jpg', 'LYR-Sony-090221_105102.jpg', 'LYR-Sony-090221_105132.jpg', 'LYR-Sony-090221_105202.jpg', 'LYR-Sony-090221_105232.jpg', 'LYR-Sony-090221_105301.jpg', 'LYR-Sony-090221_105331.jpg', 'LYR-Sony-090221_105400.jpg', 'LYR-Sony-090221_105429.jpg', 'LYR-Sony-090221_105458.jpg', 'LYR-Sony-090221_105528.jpg', 'LYR-Sony-090221_105557.jpg', 'LYR-Sony-090221_105627.jpg', 'LYR-Sony-090221_105657.jpg', 'LYR-Sony-090221_105726.jpg', 'LYR-Sony-090221_105756.jpg', 'LYR-Sony-090221_105826.jpg', 'LYR-Sony-090221_105856.jpg', 'LYR-Sony-090221_105925.jpg', 'LYR-Sony-090221_105955.jpg', 'LYR-Sony-090221_110024.jpg', 'LYR-Sony-090221_110054.jpg', 'LYR-Sony-090221_110123.jpg', 'LYR-Sony-090221_110152.jpg', 'LYR-Sony-090221_110222.jpg', 'LYR-Sony-090221_110251.jpg', 'LYR-Sony-090221_110321.jpg', 'LYR-Sony-090221_110351.jpg', 'LYR-Sony-090221_110421.jpg', 'LYR-Sony-090221_110451.jpg', 'LYR-Sony-090221_110520.jpg', 'LYR-Sony-090221_110550.jpg', 'LYR-Sony-090221_110620.jpg', 'LYR-Sony-090221_110649.jpg', 'LYR-Sony-090221_110718.jpg', 'LYR-Sony-090221_110748.jpg', 'LYR-Sony-090221_110817.jpg', 'LYR-Sony-090221_110847.jpg', 'LYR-Sony-090221_110917.jpg', 'LYR-Sony-090221_110947.jpg', 'LYR-Sony-090221_111016.jpg', 'LYR-Sony-090221_111046.jpg', 'LYR-Sony-090221_111115.jpg', 'LYR-Sony-090221_111145.jpg', 'LYR-Sony-090221_111215.jpg', 'LYR-Sony-090221_111244.jpg', 'LYR-Sony-090221_111314.jpg', 'LYR-Sony-090221_111343.jpg', 'LYR-Sony-090221_111413.jpg', 'LYR-Sony-090221_111443.jpg', 'LYR-Sony-090221_111512.jpg', 'LYR-Sony-090221_111542.jpg', 'LYR-Sony-090221_111611.jpg', 'LYR-Sony-090221_111641.jpg', 'LYR-Sony-090221_111711.jpg', 'LYR-Sony-090221_111740.jpg', 'LYR-Sony-090221_111810.jpg', 'LYR-Sony-090221_111839.jpg', 'LYR-Sony-090221_111909.jpg', 'LYR-Sony-090221_111939.jpg', 'LYR-Sony-090221_112008.jpg', 'LYR-Sony-090221_112038.jpg', 'LYR-Sony-090221_112107.jpg', 'LYR-Sony-090221_112137.jpg', 'LYR-Sony-090221_112207.jpg', 'LYR-Sony-090221_112236.jpg', 'LYR-Sony-090221_112305.jpg', 'LYR-Sony-090221_112335.jpg', 'LYR-Sony-090221_112404.jpg', 'LYR-Sony-090221_112434.jpg', 'LYR-Sony-090221_112504.jpg', 'LYR-Sony-090221_112533.jpg', 'LYR-Sony-090221_112603.jpg', 'LYR-Sony-090221_112633.jpg', 'LYR-Sony-090221_112702.jpg', 'LYR-Sony-090221_112732.jpg', 'LYR-Sony-090221_112801.jpg', 'LYR-Sony-090221_112831.jpg', 'LYR-Sony-090221_112901.jpg', 'LYR-Sony-090221_112930.jpg', 'LYR-Sony-090221_113000.jpg', 'LYR-Sony-090221_113029.jpg', 'LYR-Sony-090221_113058.jpg', 'LYR-Sony-090221_113128.jpg', 'LYR-Sony-090221_113158.jpg', 'LYR-Sony-090221_113227.jpg', 'LYR-Sony-090221_113256.jpg', 'LYR-Sony-090221_113326.jpg', 'LYR-Sony-090221_113355.jpg', 'LYR-Sony-090221_113425.jpg', 'LYR-Sony-090221_113454.jpg', 'LYR-Sony-090221_113524.jpg', 'LYR-Sony-090221_113553.jpg', 'LYR-Sony-090221_113623.jpg', 'LYR-Sony-090221_113652.jpg', 'LYR-Sony-090221_113722.jpg', 'LYR-Sony-090221_113751.jpg', 'LYR-Sony-090221_113821.jpg', 'LYR-Sony-090221_113850.jpg', 'LYR-Sony-090221_113920.jpg', 'LYR-Sony-090221_113950.jpg', 'LYR-Sony-090221_114019.jpg', 'LYR-Sony-090221_114049.jpg', 'LYR-Sony-090221_114119.jpg', 'LYR-Sony-090221_114148.jpg', 'LYR-Sony-090221_114218.jpg', 'LYR-Sony-090221_114247.jpg', 'LYR-Sony-090221_114317.jpg', 'LYR-Sony-090221_114346.jpg', 'LYR-Sony-090221_114416.jpg', 'LYR-Sony-090221_114445.jpg', 'LYR-Sony-090221_114515.jpg', 'LYR-Sony-090221_114544.jpg', 'LYR-Sony-090221_114614.jpg', 'LYR-Sony-090221_114644.jpg', 'LYR-Sony-090221_114713.jpg', 'LYR-Sony-090221_114742.jpg', 'LYR-Sony-090221_114812.jpg', 'LYR-Sony-090221_114841.jpg', 'LYR-Sony-090221_114911.jpg', 'LYR-Sony-090221_114940.jpg', 'LYR-Sony-090221_115010.jpg', 'LYR-Sony-090221_115039.jpg', 'LYR-Sony-090221_115109.jpg', 'LYR-Sony-090221_115138.jpg', 'LYR-Sony-090221_115208.jpg', 'LYR-Sony-090221_115237.jpg', 'LYR-Sony-090221_115307.jpg', 'LYR-Sony-090221_115336.jpg', 'LYR-Sony-090221_115406.jpg', 'LYR-Sony-090221_115436.jpg', 'LYR-Sony-090221_115505.jpg', 'LYR-Sony-090221_115535.jpg', 'LYR-Sony-090221_115604.jpg', 'LYR-Sony-090221_115634.jpg', 'LYR-Sony-090221_115704.jpg', 'LYR-Sony-090221_115734.jpg', 'LYR-Sony-090221_115803.jpg', 'LYR-Sony-090221_115832.jpg', 'LYR-Sony-090221_115902.jpg', 'LYR-Sony-090221_115931.jpg', 'LYR-Sony-090221_120001.jpg', 'LYR-Sony-090221_120030.jpg', 'LYR-Sony-090221_120100.jpg', 'LYR-Sony-090221_120129.jpg', 'LYR-Sony-090221_120159.jpg', 'LYR-Sony-090221_120229.jpg', 'LYR-Sony-090221_120258.jpg', 'LYR-Sony-090221_120327.jpg', 'LYR-Sony-090221_120357.jpg', 'LYR-Sony-090221_120427.jpg', 'LYR-Sony-090221_120456.jpg', 'LYR-Sony-090221_120526.jpg', 'LYR-Sony-090221_120556.jpg', 'LYR-Sony-090221_120625.jpg', 'LYR-Sony-090221_120655.jpg', 'LYR-Sony-090221_120724.jpg', 'LYR-Sony-090221_120753.jpg', 'LYR-Sony-090221_120823.jpg', 'LYR-Sony-090221_120852.jpg', 'LYR-Sony-090221_120922.jpg', 'LYR-Sony-090221_120951.jpg', 'LYR-Sony-090221_121021.jpg', 'LYR-Sony-090221_121051.jpg', 'LYR-Sony-090221_121120.jpg', 'LYR-Sony-090221_121149.jpg', 'LYR-Sony-090221_121218.jpg', 'LYR-Sony-090221_121248.jpg', 'LYR-Sony-090221_121318.jpg', 'LYR-Sony-090221_121347.jpg', 'LYR-Sony-090221_121416.jpg', 'LYR-Sony-090221_121446.jpg', 'LYR-Sony-090221_121516.jpg', 'LYR-Sony-090221_121545.jpg', 'LYR-Sony-090221_121615.jpg', 'LYR-Sony-090221_121645.jpg', 'LYR-Sony-090221_121714.jpg', 'LYR-Sony-090221_121743.jpg', 'LYR-Sony-090221_121813.jpg', 'LYR-Sony-090221_121842.jpg', 'LYR-Sony-090221_121912.jpg', 'LYR-Sony-090221_121942.jpg', 'LYR-Sony-090221_122012.jpg', 'LYR-Sony-090221_122041.jpg', 'LYR-Sony-090221_122110.jpg', 'LYR-Sony-090221_122140.jpg', 'LYR-Sony-090221_122209.jpg', 'LYR-Sony-090221_122238.jpg', 'LYR-Sony-090221_122308.jpg', 'LYR-Sony-090221_122337.jpg', 'LYR-Sony-090221_122407.jpg', 'LYR-Sony-090221_122437.jpg', 'LYR-Sony-090221_122506.jpg', 'LYR-Sony-090221_122536.jpg', 'LYR-Sony-090221_122605.jpg', 'LYR-Sony-090221_122635.jpg', 'LYR-Sony-090221_122704.jpg', 'LYR-Sony-090221_122733.jpg', 'LYR-Sony-090221_122803.jpg', 'LYR-Sony-090221_122832.jpg', 'LYR-Sony-090221_122902.jpg', 'LYR-Sony-090221_122931.jpg', 'LYR-Sony-090221_123000.jpg', 'LYR-Sony-090221_123030.jpg', 'LYR-Sony-090221_123059.jpg', 'LYR-Sony-090221_123129.jpg', 'LYR-Sony-090221_123158.jpg', 'LYR-Sony-090221_123228.jpg', 'LYR-Sony-090221_123257.jpg', 'LYR-Sony-090221_123326.jpg', 'LYR-Sony-090221_123356.jpg', 'LYR-Sony-090221_123425.jpg', 'LYR-Sony-090221_123455.jpg', 'LYR-Sony-090221_123524.jpg', 'LYR-Sony-090221_123554.jpg', 'LYR-Sony-090221_123624.jpg', 'LYR-Sony-090221_123654.jpg', 'LYR-Sony-090221_123723.jpg', 'LYR-Sony-090221_123752.jpg', 'LYR-Sony-090221_123822.jpg', 'LYR-Sony-090221_123852.jpg', 'LYR-Sony-090221_123922.jpg', 'LYR-Sony-090221_123951.jpg', 'LYR-Sony-090221_124021.jpg', 'LYR-Sony-090221_124051.jpg', 'LYR-Sony-090221_124121.jpg', 'LYR-Sony-090221_124150.jpg', 'LYR-Sony-090221_124220.jpg', 'LYR-Sony-090221_124250.jpg', 'LYR-Sony-090221_124319.jpg', 'LYR-Sony-090221_124349.jpg', 'LYR-Sony-090221_124418.jpg', 'LYR-Sony-090221_124448.jpg', 'LYR-Sony-090221_124517.jpg', 'LYR-Sony-090221_124547.jpg', 'LYR-Sony-090221_124616.jpg', 'LYR-Sony-090221_124646.jpg', 'LYR-Sony-090221_124716.jpg', 'LYR-Sony-090221_124745.jpg', 'LYR-Sony-090221_124815.jpg', 'LYR-Sony-090221_124845.jpg', 'LYR-Sony-090221_124914.jpg', 'LYR-Sony-090221_124944.jpg', 'LYR-Sony-090221_125014.jpg', 'LYR-Sony-090221_125043.jpg', 'LYR-Sony-090221_125113.jpg', 'LYR-Sony-090221_125143.jpg', 'LYR-Sony-090221_125212.jpg', 'LYR-Sony-090221_125242.jpg', 'LYR-Sony-090221_125312.jpg', 'LYR-Sony-090221_125342.jpg', 'LYR-Sony-090221_125411.jpg', 'LYR-Sony-090221_125441.jpg', 'LYR-Sony-090221_125510.jpg', 'LYR-Sony-090221_125540.jpg', 'LYR-Sony-090221_125609.jpg', 'LYR-Sony-090221_125639.jpg', 'LYR-Sony-090221_125708.jpg', 'LYR-Sony-090221_125737.jpg', 'LYR-Sony-090221_125807.jpg', 'LYR-Sony-090221_125837.jpg', 'LYR-Sony-090221_125906.jpg', 'LYR-Sony-090221_125936.jpg', 'LYR-Sony-090221_130005.jpg', 'LYR-Sony-090221_130035.jpg', 'LYR-Sony-090221_130104.jpg', 'LYR-Sony-090221_130134.jpg', 'LYR-Sony-090221_130203.jpg', 'LYR-Sony-090221_130233.jpg', 'LYR-Sony-090221_130302.jpg', 'LYR-Sony-090221_130332.jpg', 'LYR-Sony-090221_130401.jpg', 'LYR-Sony-090221_130430.jpg', 'LYR-Sony-090221_130500.jpg', 'LYR-Sony-090221_130529.jpg', 'LYR-Sony-090221_130559.jpg', 'LYR-Sony-090221_130629.jpg', 'LYR-Sony-090221_130658.jpg', 'LYR-Sony-090221_130728.jpg', 'LYR-Sony-090221_130758.jpg', 'LYR-Sony-090221_130828.jpg', 'LYR-Sony-090221_130857.jpg', 'LYR-Sony-090221_130927.jpg', 'LYR-Sony-090221_130957.jpg', 'LYR-Sony-090221_131027.jpg', 'LYR-Sony-090221_131056.jpg', 'LYR-Sony-090221_131125.jpg', 'LYR-Sony-090221_131155.jpg', 'LYR-Sony-090221_131225.jpg', 'LYR-Sony-090221_131254.jpg', 'LYR-Sony-090221_131324.jpg', 'LYR-Sony-090221_131353.jpg', 'LYR-Sony-090221_131423.jpg', 'LYR-Sony-090221_131452.jpg', 'LYR-Sony-090221_131521.jpg', 'LYR-Sony-090221_131550.jpg', 'LYR-Sony-090221_131619.jpg', 'LYR-Sony-090221_131649.jpg', 'LYR-Sony-090221_131718.jpg', 'LYR-Sony-090221_131748.jpg', 'LYR-Sony-090221_131818.jpg', 'LYR-Sony-090221_131847.jpg', 'LYR-Sony-090221_131917.jpg', 'LYR-Sony-090221_131946.jpg', 'LYR-Sony-090221_132016.jpg', 'LYR-Sony-090221_132037.jpg', 'LYR-Sony-090221_132106.jpg', 'LYR-Sony-090221_132135.jpg', 'LYR-Sony-090221_132205.jpg', 'LYR-Sony-090221_132234.jpg', 'LYR-Sony-090221_132304.jpg', 'LYR-Sony-090221_132333.jpg', 'LYR-Sony-090221_132402.jpg', 'LYR-Sony-090221_132431.jpg', 'LYR-Sony-090221_132500.jpg', 'LYR-Sony-090221_132530.jpg', 'LYR-Sony-090221_132559.jpg', 'LYR-Sony-090221_132629.jpg', 'LYR-Sony-090221_132658.jpg', 'LYR-Sony-090221_132727.jpg', 'LYR-Sony-090221_132756.jpg', 'LYR-Sony-090221_132826.jpg', 'LYR-Sony-090221_132855.jpg', 'LYR-Sony-090221_132925.jpg', 'LYR-Sony-090221_132954.jpg', 'LYR-Sony-090221_133024.jpg', 'LYR-Sony-090221_133053.jpg', 'LYR-Sony-090221_133122.jpg', 'LYR-Sony-090221_133152.jpg', 'LYR-Sony-090221_133221.jpg', 'LYR-Sony-090221_133250.jpg', 'LYR-Sony-090221_133319.jpg', 'LYR-Sony-090221_133348.jpg', 'LYR-Sony-090221_133417.jpg', 'LYR-Sony-090221_133446.jpg', 'LYR-Sony-090221_133515.jpg', 'LYR-Sony-090221_133544.jpg', 'LYR-Sony-090221_133613.jpg', 'LYR-Sony-090221_133643.jpg', 'LYR-Sony-090221_133712.jpg', 'LYR-Sony-090221_133741.jpg', 'LYR-Sony-090221_133811.jpg', 'LYR-Sony-090221_133840.jpg', 'LYR-Sony-090221_133909.jpg', 'LYR-Sony-090221_133938.jpg', 'LYR-Sony-090221_134008.jpg', 'LYR-Sony-090221_134037.jpg', 'LYR-Sony-090221_134106.jpg', 'LYR-Sony-090221_134135.jpg', 'LYR-Sony-090221_134204.jpg', 'LYR-Sony-090221_134233.jpg', 'LYR-Sony-090221_134303.jpg', 'LYR-Sony-090221_134332.jpg', 'LYR-Sony-090221_134401.jpg', 'LYR-Sony-090221_134431.jpg', 'LYR-Sony-090221_134500.jpg', 'LYR-Sony-090221_134529.jpg', 'LYR-Sony-090221_134558.jpg', 'LYR-Sony-090221_134628.jpg', 'LYR-Sony-090221_134657.jpg', 'LYR-Sony-090221_134726.jpg', 'LYR-Sony-090221_134755.jpg', 'LYR-Sony-090221_134825.jpg', 'LYR-Sony-090221_134854.jpg', 'LYR-Sony-090221_134923.jpg', 'LYR-Sony-090221_134952.jpg', 'LYR-Sony-090221_135021.jpg', 'LYR-Sony-090221_135051.jpg', 'LYR-Sony-090221_135120.jpg', 'LYR-Sony-090221_135150.jpg', 'LYR-Sony-090221_135219.jpg', 'LYR-Sony-090221_135248.jpg', 'LYR-Sony-090221_135317.jpg', 'LYR-Sony-090221_135346.jpg', 'LYR-Sony-090221_135416.jpg', 'LYR-Sony-090221_135445.jpg', 'LYR-Sony-090221_135514.jpg', 'LYR-Sony-090221_135544.jpg', 'LYR-Sony-090221_135613.jpg', 'LYR-Sony-090221_135643.jpg', 'LYR-Sony-090221_135712.jpg', 'LYR-Sony-090221_135741.jpg', 'LYR-Sony-090221_135811.jpg', 'LYR-Sony-090221_135840.jpg', 'LYR-Sony-090221_135909.jpg', 'LYR-Sony-090221_135939.jpg', 'LYR-Sony-090221_140008.jpg', 'LYR-Sony-090221_140038.jpg', 'LYR-Sony-090221_140107.jpg', 'LYR-Sony-090221_140136.jpg', 'LYR-Sony-090221_140205.jpg', 'LYR-Sony-090221_140235.jpg', 'LYR-Sony-090221_140305.jpg', 'LYR-Sony-090221_140334.jpg', 'LYR-Sony-090221_140403.jpg', 'LYR-Sony-090221_140433.jpg', 'LYR-Sony-090221_140502.jpg', 'LYR-Sony-090221_140531.jpg', 'LYR-Sony-090221_140601.jpg', 'LYR-Sony-090221_140630.jpg', 'LYR-Sony-090221_140700.jpg', 'LYR-Sony-090221_140730.jpg', 'LYR-Sony-090221_140759.jpg', 'LYR-Sony-090221_140828.jpg', 'LYR-Sony-090221_140858.jpg', 'LYR-Sony-090221_140927.jpg', 'LYR-Sony-090221_140956.jpg', 'LYR-Sony-090221_141026.jpg', 'LYR-Sony-090221_141055.jpg', 'LYR-Sony-090221_141125.jpg', 'LYR-Sony-090221_141154.jpg', 'LYR-Sony-090221_141223.jpg', 'LYR-Sony-090221_141253.jpg', 'LYR-Sony-090221_141322.jpg', 'LYR-Sony-090221_141351.jpg', 'LYR-Sony-090221_141421.jpg', 'LYR-Sony-090221_141457.jpg', 'LYR-Sony-090221_141527.jpg', 'LYR-Sony-090221_141557.jpg', 'LYR-Sony-090221_141627.jpg', 'LYR-Sony-090221_141657.jpg', 'LYR-Sony-090221_141726.jpg', 'LYR-Sony-090221_141756.jpg', 'LYR-Sony-090221_141825.jpg', 'LYR-Sony-090221_141855.jpg', 'LYR-Sony-090221_141924.jpg', 'LYR-Sony-090221_141954.jpg', 'LYR-Sony-090221_142024.jpg', 'LYR-Sony-090221_142053.jpg', 'LYR-Sony-090221_142123.jpg', 'LYR-Sony-090221_142152.jpg', 'LYR-Sony-090221_142222.jpg', 'LYR-Sony-090221_142252.jpg', 'LYR-Sony-090221_142322.jpg', 'LYR-Sony-090221_142351.jpg', 'LYR-Sony-090221_142420.jpg', 'LYR-Sony-090221_142449.jpg', 'LYR-Sony-090221_142519.jpg', 'LYR-Sony-090221_142548.jpg', 'LYR-Sony-090221_142618.jpg', 'LYR-Sony-090221_142648.jpg', 'LYR-Sony-090221_142718.jpg', 'LYR-Sony-090221_142747.jpg', 'LYR-Sony-090221_142817.jpg', 'LYR-Sony-090221_142847.jpg', 'LYR-Sony-090221_142917.jpg', 'LYR-Sony-090221_142946.jpg', 'LYR-Sony-090221_143015.jpg', 'LYR-Sony-090221_143045.jpg', 'LYR-Sony-090221_143115.jpg', 'LYR-Sony-090221_143145.jpg', 'LYR-Sony-090221_143214.jpg', 'LYR-Sony-090221_143244.jpg', 'LYR-Sony-090221_143313.jpg', 'LYR-Sony-090221_143343.jpg', 'LYR-Sony-090221_143413.jpg', 'LYR-Sony-090221_143443.jpg', 'LYR-Sony-090221_143512.jpg', 'LYR-Sony-090221_143542.jpg', 'LYR-Sony-090221_143611.jpg', 'LYR-Sony-090221_143641.jpg', 'LYR-Sony-090221_143710.jpg', 'LYR-Sony-090221_143740.jpg', 'LYR-Sony-090221_143810.jpg', 'LYR-Sony-090221_143839.jpg', 'LYR-Sony-090221_143908.jpg', 'LYR-Sony-090221_143937.jpg', 'LYR-Sony-090221_144006.jpg', 'LYR-Sony-090221_144035.jpg', 'LYR-Sony-090221_144104.jpg', 'LYR-Sony-090221_144134.jpg', 'LYR-Sony-090221_144203.jpg', 'LYR-Sony-090221_144232.jpg', 'LYR-Sony-090221_144302.jpg', 'LYR-Sony-090221_144332.jpg', 'LYR-Sony-090221_144402.jpg', 'LYR-Sony-090221_144431.jpg', 'LYR-Sony-090221_144501.jpg', 'LYR-Sony-090221_144530.jpg', 'LYR-Sony-090221_144600.jpg', 'LYR-Sony-090221_144629.jpg', 'LYR-Sony-090221_144659.jpg', 'LYR-Sony-090221_144729.jpg', 'LYR-Sony-090221_144758.jpg', 'LYR-Sony-090221_144827.jpg', 'LYR-Sony-090221_144857.jpg', 'LYR-Sony-090221_144927.jpg', 'LYR-Sony-090221_144957.jpg', 'LYR-Sony-090221_145026.jpg', 'LYR-Sony-090221_145056.jpg', 'LYR-Sony-090221_145125.jpg', 'LYR-Sony-090221_145154.jpg', 'LYR-Sony-090221_145223.jpg', 'LYR-Sony-090221_145253.jpg', 'LYR-Sony-090221_145323.jpg', 'LYR-Sony-090221_145352.jpg', 'LYR-Sony-090221_145421.jpg', 'LYR-Sony-090221_145451.jpg', 'LYR-Sony-090221_145520.jpg', 'LYR-Sony-090221_145549.jpg', 'LYR-Sony-090221_145618.jpg', 'LYR-Sony-090221_145648.jpg', 'LYR-Sony-090221_145717.jpg', 'LYR-Sony-090221_145746.jpg', 'LYR-Sony-090221_145816.jpg', 'LYR-Sony-090221_145845.jpg', 'LYR-Sony-090221_145914.jpg', 'LYR-Sony-090221_145944.jpg', 'LYR-Sony-090221_150013.jpg', 'LYR-Sony-090221_150042.jpg', 'LYR-Sony-090221_150112.jpg', 'LYR-Sony-090221_150141.jpg', 'LYR-Sony-090221_150210.jpg', 'LYR-Sony-090221_150240.jpg', 'LYR-Sony-090221_150309.jpg', 'LYR-Sony-090221_150339.jpg', 'LYR-Sony-090221_150408.jpg', 'LYR-Sony-090221_150438.jpg', 'LYR-Sony-090221_150507.jpg', 'LYR-Sony-090221_150537.jpg', 'LYR-Sony-090221_150606.jpg', 'LYR-Sony-090221_150636.jpg', 'LYR-Sony-090221_150705.jpg', 'LYR-Sony-090221_150734.jpg', 'LYR-Sony-090221_150804.jpg', 'LYR-Sony-090221_150834.jpg', 'LYR-Sony-090221_150904.jpg', 'LYR-Sony-090221_150933.jpg', 'LYR-Sony-090221_151002.jpg', 'LYR-Sony-090221_151032.jpg', 'LYR-Sony-090221_151102.jpg', 'LYR-Sony-090221_151131.jpg', 'LYR-Sony-090221_151201.jpg', 'LYR-Sony-090221_151231.jpg', 'LYR-Sony-090221_151300.jpg', 'LYR-Sony-090221_151329.jpg', 'LYR-Sony-090221_151358.jpg', 'LYR-Sony-090221_151428.jpg', 'LYR-Sony-090221_151458.jpg', 'LYR-Sony-090221_151528.jpg', 'LYR-Sony-090221_151557.jpg', 'LYR-Sony-090221_151627.jpg', 'LYR-Sony-090221_151656.jpg', 'LYR-Sony-090221_151725.jpg', 'LYR-Sony-090221_151754.jpg', 'LYR-Sony-090221_151824.jpg', 'LYR-Sony-090221_151853.jpg', 'LYR-Sony-090221_151923.jpg', 'LYR-Sony-090221_151953.jpg', 'LYR-Sony-090221_152023.jpg', 'LYR-Sony-090221_152052.jpg', 'LYR-Sony-090221_152122.jpg', 'LYR-Sony-090221_152152.jpg', 'LYR-Sony-090221_152221.jpg', 'LYR-Sony-090221_152251.jpg', 'LYR-Sony-090221_152321.jpg', 'LYR-Sony-090221_152350.jpg', 'LYR-Sony-090221_152420.jpg', 'LYR-Sony-090221_152450.jpg', 'LYR-Sony-090221_152511.jpg', 'LYR-Sony-090221_152523.jpg', 'LYR-Sony-090221_152535.jpg', 'LYR-Sony-090221_152546.jpg', 'LYR-Sony-090221_152558.jpg', 'LYR-Sony-090221_152610.jpg', 'LYR-Sony-090221_152621.jpg', 'LYR-Sony-090221_152633.jpg', 'LYR-Sony-090221_152645.jpg', 'LYR-Sony-090221_152657.jpg', 'LYR-Sony-090221_152708.jpg', 'LYR-Sony-090221_152720.jpg', 'LYR-Sony-090221_152732.jpg', 'LYR-Sony-090221_152743.jpg', 'LYR-Sony-090221_152755.jpg', 'LYR-Sony-090221_152806.jpg', 'LYR-Sony-090221_152818.jpg', 'LYR-Sony-090221_152830.jpg', 'LYR-Sony-090221_152842.jpg', 'LYR-Sony-090221_152854.jpg', 'LYR-Sony-090221_152905.jpg', 'LYR-Sony-090221_152917.jpg', 'LYR-Sony-090221_152929.jpg', 'LYR-Sony-090221_152940.jpg', 'LYR-Sony-090221_152952.jpg', 'LYR-Sony-090221_153004.jpg', 'LYR-Sony-090221_153016.jpg', 'LYR-Sony-090221_153027.jpg', 'LYR-Sony-090221_153039.jpg', 'LYR-Sony-090221_153051.jpg', 'LYR-Sony-090221_153102.jpg', 'LYR-Sony-090221_153114.jpg', 'LYR-Sony-090221_153126.jpg', 'LYR-Sony-090221_153138.jpg', 'LYR-Sony-090221_153149.jpg', 'LYR-Sony-090221_153201.jpg', 'LYR-Sony-090221_153213.jpg', 'LYR-Sony-090221_153224.jpg', 'LYR-Sony-090221_153236.jpg', 'LYR-Sony-090221_153248.jpg', 'LYR-Sony-090221_153300.jpg', 'LYR-Sony-090221_153312.jpg', 'LYR-Sony-090221_153323.jpg', 'LYR-Sony-090221_153336.jpg', 'LYR-Sony-090221_153347.jpg', 'LYR-Sony-090221_153359.jpg', 'LYR-Sony-090221_153411.jpg', 'LYR-Sony-090221_153423.jpg', 'LYR-Sony-090221_153435.jpg', 'LYR-Sony-090221_153446.jpg', 'LYR-Sony-090221_153458.jpg', 'LYR-Sony-090221_153510.jpg', 'LYR-Sony-090221_153522.jpg', 'LYR-Sony-090221_153534.jpg', 'LYR-Sony-090221_153546.jpg', 'LYR-Sony-090221_153558.jpg', 'LYR-Sony-090221_153609.jpg', 'LYR-Sony-090221_153621.jpg', 'LYR-Sony-090221_153633.jpg', 'LYR-Sony-090221_153644.jpg', 'LYR-Sony-090221_153656.jpg', 'LYR-Sony-090221_153708.jpg', 'LYR-Sony-090221_153720.jpg', 'LYR-Sony-090221_153732.jpg', 'LYR-Sony-090221_153743.jpg', 'LYR-Sony-090221_153755.jpg', 'LYR-Sony-090221_153807.jpg', 'LYR-Sony-090221_153819.jpg', 'LYR-Sony-090221_153831.jpg', 'LYR-Sony-090221_153843.jpg', 'LYR-Sony-090221_153855.jpg', 'LYR-Sony-090221_153907.jpg', 'LYR-Sony-090221_153919.jpg', 'LYR-Sony-090221_153930.jpg', 'LYR-Sony-090221_153942.jpg', 'LYR-Sony-090221_153954.jpg', 'LYR-Sony-090221_154006.jpg', 'LYR-Sony-090221_154018.jpg', 'LYR-Sony-090221_154030.jpg', 'LYR-Sony-090221_154042.jpg', 'LYR-Sony-090221_154054.jpg', 'LYR-Sony-090221_154106.jpg', 'LYR-Sony-090221_154118.jpg', 'LYR-Sony-090221_154130.jpg', 'LYR-Sony-090221_154142.jpg', 'LYR-Sony-090221_154154.jpg', 'LYR-Sony-090221_154206.jpg', 'LYR-Sony-090221_154218.jpg', 'LYR-Sony-090221_154229.jpg', 'LYR-Sony-090221_154241.jpg', 'LYR-Sony-090221_154253.jpg', 'LYR-Sony-090221_154304.jpg', 'LYR-Sony-090221_154316.jpg', 'LYR-Sony-090221_154329.jpg', 'LYR-Sony-090221_154341.jpg', 'LYR-Sony-090221_154353.jpg', 'LYR-Sony-090221_154405.jpg', 'LYR-Sony-090221_154417.jpg', 'LYR-Sony-090221_154429.jpg', 'LYR-Sony-090221_154441.jpg', 'LYR-Sony-090221_154453.jpg', 'LYR-Sony-090221_154505.jpg', 'LYR-Sony-090221_154518.jpg', 'LYR-Sony-090221_154529.jpg', 'LYR-Sony-090221_154542.jpg', 'LYR-Sony-090221_154554.jpg', 'LYR-Sony-090221_154606.jpg', 'LYR-Sony-090221_154617.jpg', 'LYR-Sony-090221_154630.jpg', 'LYR-Sony-090221_154642.jpg', 'LYR-Sony-090221_154653.jpg', 'LYR-Sony-090221_154706.jpg', 'LYR-Sony-090221_154718.jpg', 'LYR-Sony-090221_154729.jpg', 'LYR-Sony-090221_154741.jpg', 'LYR-Sony-090221_154753.jpg', 'LYR-Sony-090221_154805.jpg', 'LYR-Sony-090221_154817.jpg', 'LYR-Sony-090221_154829.jpg', 'LYR-Sony-090221_154841.jpg', 'LYR-Sony-090221_154853.jpg', 'LYR-Sony-090221_154905.jpg', 'LYR-Sony-090221_154917.jpg', 'LYR-Sony-090221_154929.jpg', 'LYR-Sony-090221_154941.jpg', 'LYR-Sony-090221_154953.jpg', 'LYR-Sony-090221_155005.jpg', 'LYR-Sony-090221_155017.jpg', 'LYR-Sony-090221_155029.jpg', 'LYR-Sony-090221_155041.jpg', 'LYR-Sony-090221_155053.jpg', 'LYR-Sony-090221_155105.jpg', 'LYR-Sony-090221_155117.jpg', 'LYR-Sony-090221_155129.jpg', 'LYR-Sony-090221_155141.jpg', 'LYR-Sony-090221_155153.jpg', 'LYR-Sony-090221_155206.jpg', 'LYR-Sony-090221_155218.jpg', 'LYR-Sony-090221_155230.jpg', 'LYR-Sony-090221_155241.jpg', 'LYR-Sony-090221_155253.jpg', 'LYR-Sony-090221_155306.jpg', 'LYR-Sony-090221_155317.jpg', 'LYR-Sony-090221_155330.jpg', 'LYR-Sony-090221_155342.jpg', 'LYR-Sony-090221_155354.jpg', 'LYR-Sony-090221_155406.jpg', 'LYR-Sony-090221_155418.jpg', 'LYR-Sony-090221_155430.jpg', 'LYR-Sony-090221_155442.jpg', 'LYR-Sony-090221_155454.jpg', 'LYR-Sony-090221_155506.jpg', 'LYR-Sony-090221_155518.jpg', 'LYR-Sony-090221_155530.jpg', 'LYR-Sony-090221_155542.jpg', 'LYR-Sony-090221_155554.jpg', 'LYR-Sony-090221_155606.jpg', 'LYR-Sony-090221_155618.jpg', 'LYR-Sony-090221_155630.jpg', 'LYR-Sony-090221_155642.jpg', 'LYR-Sony-090221_155653.jpg', 'LYR-Sony-090221_155705.jpg', 'LYR-Sony-090221_155718.jpg', 'LYR-Sony-090221_155730.jpg', 'LYR-Sony-090221_155741.jpg', 'LYR-Sony-090221_155753.jpg', 'LYR-Sony-090221_155805.jpg', 'LYR-Sony-090221_155817.jpg', 'LYR-Sony-090221_155829.jpg', 'LYR-Sony-090221_155841.jpg', 'LYR-Sony-090221_155853.jpg', 'LYR-Sony-090221_155905.jpg', 'LYR-Sony-090221_155917.jpg', 'LYR-Sony-090221_155929.jpg', 'LYR-Sony-090221_155940.jpg', 'LYR-Sony-090221_155952.jpg', 'LYR-Sony-090221_160004.jpg', 'LYR-Sony-090221_160016.jpg', 'LYR-Sony-090221_160028.jpg', 'LYR-Sony-090221_160040.jpg', 'LYR-Sony-090221_160052.jpg', 'LYR-Sony-090221_160104.jpg', 'LYR-Sony-090221_160116.jpg', 'LYR-Sony-090221_160127.jpg', 'LYR-Sony-090221_160139.jpg', 'LYR-Sony-090221_160151.jpg', 'LYR-Sony-090221_160203.jpg', 'LYR-Sony-090221_160215.jpg', 'LYR-Sony-090221_160227.jpg', 'LYR-Sony-090221_160239.jpg', 'LYR-Sony-090221_160251.jpg', 'LYR-Sony-090221_160303.jpg', 'LYR-Sony-090221_160314.jpg', 'LYR-Sony-090221_160327.jpg', 'LYR-Sony-090221_160338.jpg', 'LYR-Sony-090221_160350.jpg', 'LYR-Sony-090221_160402.jpg', 'LYR-Sony-090221_160414.jpg', 'LYR-Sony-090221_160426.jpg', 'LYR-Sony-090221_160438.jpg', 'LYR-Sony-090221_160450.jpg', 'LYR-Sony-090221_160502.jpg', 'LYR-Sony-090221_160514.jpg', 'LYR-Sony-090221_160526.jpg', 'LYR-Sony-090221_160538.jpg', 'LYR-Sony-090221_160550.jpg', 'LYR-Sony-090221_160602.jpg', 'LYR-Sony-090221_160614.jpg', 'LYR-Sony-090221_160626.jpg', 'LYR-Sony-090221_160638.jpg', 'LYR-Sony-090221_160650.jpg', 'LYR-Sony-090221_160702.jpg', 'LYR-Sony-090221_160713.jpg', 'LYR-Sony-090221_160725.jpg', 'LYR-Sony-090221_160737.jpg', 'LYR-Sony-090221_160749.jpg', 'LYR-Sony-090221_160801.jpg', 'LYR-Sony-090221_160813.jpg', 'LYR-Sony-090221_160825.jpg', 'LYR-Sony-090221_160837.jpg', 'LYR-Sony-090221_160849.jpg', 'LYR-Sony-090221_160901.jpg', 'LYR-Sony-090221_160913.jpg', 'LYR-Sony-090221_160925.jpg', 'LYR-Sony-090221_160936.jpg', 'LYR-Sony-090221_160948.jpg', 'LYR-Sony-090221_161000.jpg', 'LYR-Sony-090221_161012.jpg', 'LYR-Sony-090221_161024.jpg', 'LYR-Sony-090221_161036.jpg', 'LYR-Sony-090221_161048.jpg', 'LYR-Sony-090221_161100.jpg', 'LYR-Sony-090221_161111.jpg', 'LYR-Sony-090221_161123.jpg', 'LYR-Sony-090221_161135.jpg', 'LYR-Sony-090221_161147.jpg', 'LYR-Sony-090221_161159.jpg', 'LYR-Sony-090221_161210.jpg', 'LYR-Sony-090221_161222.jpg', 'LYR-Sony-090221_161234.jpg', 'LYR-Sony-090221_161246.jpg', 'LYR-Sony-090221_161258.jpg', 'LYR-Sony-090221_161309.jpg', 'LYR-Sony-090221_161321.jpg', 'LYR-Sony-090221_161333.jpg', 'LYR-Sony-090221_161344.jpg', 'LYR-Sony-090221_161357.jpg', 'LYR-Sony-090221_161408.jpg', 'LYR-Sony-090221_161420.jpg', 'LYR-Sony-090221_161432.jpg', 'LYR-Sony-090221_161444.jpg', 'LYR-Sony-090221_161456.jpg', 'LYR-Sony-090221_161507.jpg', 'LYR-Sony-090221_161519.jpg', 'LYR-Sony-090221_161531.jpg', 'LYR-Sony-090221_161542.jpg', 'LYR-Sony-090221_161554.jpg', 'LYR-Sony-090221_161606.jpg', 'LYR-Sony-090221_161618.jpg', 'LYR-Sony-090221_161630.jpg', 'LYR-Sony-090221_161642.jpg', 'LYR-Sony-090221_161654.jpg', 'LYR-Sony-090221_161705.jpg', 'LYR-Sony-090221_161717.jpg', 'LYR-Sony-090221_161729.jpg', 'LYR-Sony-090221_161740.jpg', 'LYR-Sony-090221_161752.jpg', 'LYR-Sony-090221_161804.jpg', 'LYR-Sony-090221_161816.jpg', 'LYR-Sony-090221_161828.jpg', 'LYR-Sony-090221_161840.jpg', 'LYR-Sony-090221_161852.jpg', 'LYR-Sony-090221_161904.jpg', 'LYR-Sony-090221_161915.jpg', 'LYR-Sony-090221_161927.jpg', 'LYR-Sony-090221_161939.jpg', 'LYR-Sony-090221_161951.jpg', 'LYR-Sony-090221_162003.jpg', 'LYR-Sony-090221_162015.jpg', 'LYR-Sony-090221_162027.jpg', 'LYR-Sony-090221_162039.jpg', 'LYR-Sony-090221_162051.jpg', 'LYR-Sony-090221_162102.jpg', 'LYR-Sony-090221_162114.jpg', 'LYR-Sony-090221_162126.jpg', 'LYR-Sony-090221_162138.jpg', 'LYR-Sony-090221_162149.jpg', 'LYR-Sony-090221_162201.jpg', 'LYR-Sony-090221_162213.jpg', 'LYR-Sony-090221_162225.jpg', 'LYR-Sony-090221_162237.jpg', 'LYR-Sony-090221_162249.jpg', 'LYR-Sony-090221_162301.jpg', 'LYR-Sony-090221_162313.jpg', 'LYR-Sony-090221_162325.jpg', 'LYR-Sony-090221_162336.jpg', 'LYR-Sony-090221_162348.jpg', 'LYR-Sony-090221_162359.jpg', 'LYR-Sony-090221_162411.jpg', 'LYR-Sony-090221_162423.jpg', 'LYR-Sony-090221_162434.jpg', 'LYR-Sony-090221_162446.jpg', 'LYR-Sony-090221_162458.jpg', 'LYR-Sony-090221_162510.jpg', 'LYR-Sony-090221_162522.jpg', 'LYR-Sony-090221_162534.jpg', 'LYR-Sony-090221_162545.jpg', 'LYR-Sony-090221_162557.jpg', 'LYR-Sony-090221_162609.jpg', 'LYR-Sony-090221_162621.jpg', 'LYR-Sony-090221_162632.jpg', 'LYR-Sony-090221_162644.jpg', 'LYR-Sony-090221_162655.jpg', 'LYR-Sony-090221_162707.jpg', 'LYR-Sony-090221_162719.jpg', 'LYR-Sony-090221_162731.jpg', 'LYR-Sony-090221_162743.jpg', 'LYR-Sony-090221_162755.jpg', 'LYR-Sony-090221_162806.jpg', 'LYR-Sony-090221_162818.jpg', 'LYR-Sony-090221_162830.jpg', 'LYR-Sony-090221_162841.jpg', 'LYR-Sony-090221_162853.jpg', 'LYR-Sony-090221_162905.jpg', 'LYR-Sony-090221_162916.jpg', 'LYR-Sony-090221_162928.jpg', 'LYR-Sony-090221_162940.jpg', 'LYR-Sony-090221_162951.jpg', 'LYR-Sony-090221_163003.jpg', 'LYR-Sony-090221_163014.jpg', 'LYR-Sony-090221_163026.jpg', 'LYR-Sony-090221_163038.jpg', 'LYR-Sony-090221_163050.jpg', 'LYR-Sony-090221_163101.jpg', 'LYR-Sony-090221_163113.jpg', 'LYR-Sony-090221_163125.jpg', 'LYR-Sony-090221_163137.jpg', 'LYR-Sony-090221_163148.jpg', 'LYR-Sony-090221_163200.jpg', 'LYR-Sony-090221_163212.jpg', 'LYR-Sony-090221_163224.jpg', 'LYR-Sony-090221_163235.jpg', 'LYR-Sony-090221_163247.jpg', 'LYR-Sony-090221_163259.jpg', 'LYR-Sony-090221_163311.jpg', 'LYR-Sony-090221_163322.jpg', 'LYR-Sony-090221_163334.jpg', 'LYR-Sony-090221_163345.jpg', 'LYR-Sony-090221_163357.jpg', 'LYR-Sony-090221_163408.jpg', 'LYR-Sony-090221_163420.jpg', 'LYR-Sony-090221_163432.jpg', 'LYR-Sony-090221_163443.jpg', 'LYR-Sony-090221_163455.jpg', 'LYR-Sony-090221_163507.jpg', 'LYR-Sony-090221_163518.jpg', 'LYR-Sony-090221_163530.jpg', 'LYR-Sony-090221_163542.jpg', 'LYR-Sony-090221_163554.jpg', 'LYR-Sony-090221_163606.jpg', 'LYR-Sony-090221_163617.jpg', 'LYR-Sony-090221_163629.jpg', 'LYR-Sony-090221_163641.jpg', 'LYR-Sony-090221_163653.jpg', 'LYR-Sony-090221_163704.jpg', 'LYR-Sony-090221_163716.jpg', 'LYR-Sony-090221_163728.jpg', 'LYR-Sony-090221_163739.jpg', 'LYR-Sony-090221_163751.jpg', 'LYR-Sony-090221_163803.jpg', 'LYR-Sony-090221_163815.jpg', 'LYR-Sony-090221_163826.jpg', 'LYR-Sony-090221_163838.jpg', 'LYR-Sony-090221_163850.jpg', 'LYR-Sony-090221_163901.jpg', 'LYR-Sony-090221_163913.jpg', 'LYR-Sony-090221_163925.jpg', 'LYR-Sony-090221_163936.jpg', 'LYR-Sony-090221_163947.jpg', 'LYR-Sony-090221_163959.jpg', 'LYR-Sony-090221_164011.jpg', 'LYR-Sony-090221_164023.jpg', 'LYR-Sony-090221_164035.jpg', 'LYR-Sony-090221_164046.jpg', 'LYR-Sony-090221_164058.jpg', 'LYR-Sony-090221_164110.jpg', 'LYR-Sony-090221_164121.jpg', 'LYR-Sony-090221_164133.jpg', 'LYR-Sony-090221_164145.jpg', 'LYR-Sony-090221_164156.jpg', 'LYR-Sony-090221_164208.jpg', 'LYR-Sony-090221_164220.jpg', 'LYR-Sony-090221_164232.jpg', 'LYR-Sony-090221_164244.jpg', 'LYR-Sony-090221_164255.jpg', 'LYR-Sony-090221_164307.jpg', 'LYR-Sony-090221_164319.jpg', 'LYR-Sony-090221_164330.jpg', 'LYR-Sony-090221_164342.jpg', 'LYR-Sony-090221_164354.jpg', 'LYR-Sony-090221_164406.jpg', 'LYR-Sony-090221_164417.jpg', 'LYR-Sony-090221_164428.jpg', 'LYR-Sony-090221_164440.jpg', 'LYR-Sony-090221_164452.jpg', 'LYR-Sony-090221_164503.jpg', 'LYR-Sony-090221_164515.jpg', 'LYR-Sony-090221_164527.jpg', 'LYR-Sony-090221_164539.jpg', 'LYR-Sony-090221_164550.jpg', 'LYR-Sony-090221_164602.jpg', 'LYR-Sony-090221_164614.jpg', 'LYR-Sony-090221_164626.jpg', 'LYR-Sony-090221_164638.jpg', 'LYR-Sony-090221_164649.jpg', 'LYR-Sony-090221_164701.jpg', 'LYR-Sony-090221_164713.jpg', 'LYR-Sony-090221_164724.jpg', 'LYR-Sony-090221_164736.jpg', 'LYR-Sony-090221_164748.jpg', 'LYR-Sony-090221_164759.jpg', 'LYR-Sony-090221_164811.jpg', 'LYR-Sony-090221_164823.jpg', 'LYR-Sony-090221_164834.jpg', 'LYR-Sony-090221_164846.jpg', 'LYR-Sony-090221_164857.jpg', 'LYR-Sony-090221_164909.jpg', 'LYR-Sony-090221_164920.jpg', 'LYR-Sony-090221_164932.jpg', 'LYR-Sony-090221_164944.jpg', 'LYR-Sony-090221_164955.jpg', 'LYR-Sony-090221_165008.jpg', 'LYR-Sony-090221_165019.jpg', 'LYR-Sony-090221_165031.jpg', 'LYR-Sony-090221_165043.jpg', 'LYR-Sony-090221_165054.jpg', 'LYR-Sony-090221_165106.jpg', 'LYR-Sony-090221_165118.jpg', 'LYR-Sony-090221_165129.jpg', 'LYR-Sony-090221_165141.jpg', 'LYR-Sony-090221_165153.jpg', 'LYR-Sony-090221_165205.jpg', 'LYR-Sony-090221_165217.jpg', 'LYR-Sony-090221_165228.jpg', 'LYR-Sony-090221_165240.jpg', 'LYR-Sony-090221_165252.jpg', 'LYR-Sony-090221_165304.jpg', 'LYR-Sony-090221_165315.jpg', 'LYR-Sony-090221_165326.jpg', 'LYR-Sony-090221_165338.jpg', 'LYR-Sony-090221_165350.jpg', 'LYR-Sony-090221_165402.jpg', 'LYR-Sony-090221_165414.jpg', 'LYR-Sony-090221_165425.jpg', 'LYR-Sony-090221_165437.jpg', 'LYR-Sony-090221_165449.jpg', 'LYR-Sony-090221_165500.jpg', 'LYR-Sony-090221_165512.jpg', 'LYR-Sony-090221_165524.jpg', 'LYR-Sony-090221_165535.jpg', 'LYR-Sony-090221_165547.jpg', 'LYR-Sony-090221_165559.jpg', 'LYR-Sony-090221_165610.jpg', 'LYR-Sony-090221_165622.jpg', 'LYR-Sony-090221_165634.jpg', 'LYR-Sony-090221_165646.jpg', 'LYR-Sony-090221_165658.jpg', 'LYR-Sony-090221_165710.jpg', 'LYR-Sony-090221_165721.jpg', 'LYR-Sony-090221_165733.jpg', 'LYR-Sony-090221_165745.jpg', 'LYR-Sony-090221_165756.jpg', 'LYR-Sony-090221_165808.jpg', 'LYR-Sony-090221_165820.jpg', 'LYR-Sony-090221_165831.jpg', 'LYR-Sony-090221_165843.jpg', 'LYR-Sony-090221_165854.jpg', 'LYR-Sony-090221_165906.jpg', 'LYR-Sony-090221_165918.jpg', 'LYR-Sony-090221_165929.jpg', 'LYR-Sony-090221_165941.jpg', 'LYR-Sony-090221_165952.jpg', 'LYR-Sony-090221_170004.jpg', 'LYR-Sony-090221_170016.jpg', 'LYR-Sony-090221_170027.jpg', 'LYR-Sony-090221_170039.jpg', 'LYR-Sony-090221_170051.jpg', 'LYR-Sony-090221_170102.jpg', 'LYR-Sony-090221_170114.jpg', 'LYR-Sony-090221_170126.jpg', 'LYR-Sony-090221_170137.jpg', 'LYR-Sony-090221_170149.jpg', 'LYR-Sony-090221_170200.jpg', 'LYR-Sony-090221_170212.jpg', 'LYR-Sony-090221_170223.jpg', 'LYR-Sony-090221_170235.jpg', 'LYR-Sony-090221_170246.jpg', 'LYR-Sony-090221_170258.jpg', 'LYR-Sony-090221_170309.jpg', 'LYR-Sony-090221_170321.jpg', 'LYR-Sony-090221_170333.jpg', 'LYR-Sony-090221_170344.jpg', 'LYR-Sony-090221_170356.jpg', 'LYR-Sony-090221_170408.jpg', 'LYR-Sony-090221_170420.jpg', 'LYR-Sony-090221_170431.jpg', 'LYR-Sony-090221_170443.jpg', 'LYR-Sony-090221_170454.jpg', 'LYR-Sony-090221_170506.jpg', 'LYR-Sony-090221_170518.jpg', 'LYR-Sony-090221_170529.jpg', 'LYR-Sony-090221_170541.jpg', 'LYR-Sony-090221_170552.jpg', 'LYR-Sony-090221_170604.jpg', 'LYR-Sony-090221_170616.jpg', 'LYR-Sony-090221_170628.jpg', 'LYR-Sony-090221_170640.jpg', 'LYR-Sony-090221_170651.jpg', 'LYR-Sony-090221_170703.jpg', 'LYR-Sony-090221_170714.jpg', 'LYR-Sony-090221_170725.jpg', 'LYR-Sony-090221_170737.jpg', 'LYR-Sony-090221_170749.jpg', 'LYR-Sony-090221_170800.jpg', 'LYR-Sony-090221_170812.jpg', 'LYR-Sony-090221_170823.jpg', 'LYR-Sony-090221_170835.jpg', 'LYR-Sony-090221_170847.jpg', 'LYR-Sony-090221_170858.jpg', 'LYR-Sony-090221_170910.jpg', 'LYR-Sony-090221_170922.jpg', 'LYR-Sony-090221_170933.jpg', 'LYR-Sony-090221_170945.jpg', 'LYR-Sony-090221_170956.jpg', 'LYR-Sony-090221_171008.jpg', 'LYR-Sony-090221_171020.jpg', 'LYR-Sony-090221_171031.jpg', 'LYR-Sony-090221_171043.jpg', 'LYR-Sony-090221_171054.jpg', 'LYR-Sony-090221_171106.jpg', 'LYR-Sony-090221_171118.jpg', 'LYR-Sony-090221_171130.jpg', 'LYR-Sony-090221_171142.jpg', 'LYR-Sony-090221_171153.jpg', 'LYR-Sony-090221_171205.jpg', 'LYR-Sony-090221_171216.jpg', 'LYR-Sony-090221_171228.jpg', 'LYR-Sony-090221_171239.jpg', 'LYR-Sony-090221_171251.jpg', 'LYR-Sony-090221_171303.jpg', 'LYR-Sony-090221_171314.jpg', 'LYR-Sony-090221_171326.jpg', 'LYR-Sony-090221_171337.jpg', 'LYR-Sony-090221_171349.jpg', 'LYR-Sony-090221_171401.jpg', 'LYR-Sony-090221_171412.jpg', 'LYR-Sony-090221_171424.jpg', 'LYR-Sony-090221_171435.jpg', 'LYR-Sony-090221_171447.jpg', 'LYR-Sony-090221_171459.jpg', 'LYR-Sony-090221_171511.jpg', 'LYR-Sony-090221_171522.jpg', 'LYR-Sony-090221_171534.jpg', 'LYR-Sony-090221_171545.jpg', 'LYR-Sony-090221_171557.jpg', 'LYR-Sony-090221_171608.jpg', 'LYR-Sony-090221_171620.jpg', 'LYR-Sony-090221_171631.jpg', 'LYR-Sony-090221_171643.jpg', 'LYR-Sony-090221_171654.jpg', 'LYR-Sony-090221_171706.jpg', 'LYR-Sony-090221_171717.jpg', 'LYR-Sony-090221_171729.jpg', 'LYR-Sony-090221_171740.jpg', 'LYR-Sony-090221_171752.jpg', 'LYR-Sony-090221_171803.jpg', 'LYR-Sony-090221_171815.jpg', 'LYR-Sony-090221_171827.jpg', 'LYR-Sony-090221_171838.jpg', 'LYR-Sony-090221_171850.jpg', 'LYR-Sony-090221_171902.jpg', 'LYR-Sony-090221_171913.jpg', 'LYR-Sony-090221_171925.jpg', 'LYR-Sony-090221_171936.jpg', 'LYR-Sony-090221_171948.jpg', 'LYR-Sony-090221_172000.jpg', 'LYR-Sony-090221_172012.jpg', 'LYR-Sony-090221_172023.jpg', 'LYR-Sony-090221_172034.jpg', 'LYR-Sony-090221_172046.jpg', 'LYR-Sony-090221_172058.jpg', 'LYR-Sony-090221_172110.jpg', 'LYR-Sony-090221_172121.jpg', 'LYR-Sony-090221_172133.jpg', 'LYR-Sony-090221_172144.jpg', 'LYR-Sony-090221_172156.jpg', 'LYR-Sony-090221_172208.jpg', 'LYR-Sony-090221_172219.jpg', 'LYR-Sony-090221_172231.jpg', 'LYR-Sony-090221_172242.jpg', 'LYR-Sony-090221_172254.jpg', 'LYR-Sony-090221_172306.jpg', 'LYR-Sony-090221_172317.jpg', 'LYR-Sony-090221_172329.jpg', 'LYR-Sony-090221_172340.jpg', 'LYR-Sony-090221_172352.jpg', 'LYR-Sony-090221_172403.jpg', 'LYR-Sony-090221_172415.jpg', 'LYR-Sony-090221_172426.jpg', 'LYR-Sony-090221_172438.jpg', 'LYR-Sony-090221_172450.jpg', 'LYR-Sony-090221_172502.jpg', 'LYR-Sony-090221_172513.jpg', 'LYR-Sony-090221_172525.jpg', 'LYR-Sony-090221_172536.jpg', 'LYR-Sony-090221_172548.jpg', 'LYR-Sony-090221_172559.jpg', 'LYR-Sony-090221_172611.jpg', 'LYR-Sony-090221_172623.jpg', 'LYR-Sony-090221_172635.jpg', 'LYR-Sony-090221_172646.jpg', 'LYR-Sony-090221_172658.jpg', 'LYR-Sony-090221_172709.jpg', 'LYR-Sony-090221_172721.jpg', 'LYR-Sony-090221_172733.jpg', 'LYR-Sony-090221_172744.jpg', 'LYR-Sony-090221_172756.jpg', 'LYR-Sony-090221_172807.jpg', 'LYR-Sony-090221_172819.jpg', 'LYR-Sony-090221_172831.jpg', 'LYR-Sony-090221_172842.jpg', 'LYR-Sony-090221_172854.jpg', 'LYR-Sony-090221_172906.jpg', 'LYR-Sony-090221_172917.jpg', 'LYR-Sony-090221_172929.jpg', 'LYR-Sony-090221_172940.jpg', 'LYR-Sony-090221_172952.jpg', 'LYR-Sony-090221_173003.jpg', 'LYR-Sony-090221_173015.jpg', 'LYR-Sony-090221_173027.jpg', 'LYR-Sony-090221_173038.jpg', 'LYR-Sony-090221_173050.jpg', 'LYR-Sony-090221_173101.jpg', 'LYR-Sony-090221_173113.jpg', 'LYR-Sony-090221_173124.jpg', 'LYR-Sony-090221_173136.jpg', 'LYR-Sony-090221_173148.jpg', 'LYR-Sony-090221_173200.jpg', 'LYR-Sony-090221_173211.jpg', 'LYR-Sony-090221_173223.jpg', 'LYR-Sony-090221_173235.jpg', 'LYR-Sony-090221_173246.jpg', 'LYR-Sony-090221_173258.jpg', 'LYR-Sony-090221_173310.jpg', 'LYR-Sony-090221_173321.jpg', 'LYR-Sony-090221_173333.jpg', 'LYR-Sony-090221_173344.jpg', 'LYR-Sony-090221_173356.jpg', 'LYR-Sony-090221_173408.jpg', 'LYR-Sony-090221_173420.jpg', 'LYR-Sony-090221_173432.jpg', 'LYR-Sony-090221_173443.jpg', 'LYR-Sony-090221_173455.jpg', 'LYR-Sony-090221_173507.jpg', 'LYR-Sony-090221_173518.jpg', 'LYR-Sony-090221_173530.jpg', 'LYR-Sony-090221_173542.jpg', 'LYR-Sony-090221_173554.jpg', 'LYR-Sony-090221_173605.jpg', 'LYR-Sony-090221_173617.jpg', 'LYR-Sony-090221_173629.jpg', 'LYR-Sony-090221_173640.jpg', 'LYR-Sony-090221_173652.jpg', 'LYR-Sony-090221_173704.jpg', 'LYR-Sony-090221_173716.jpg', 'LYR-Sony-090221_173727.jpg', 'LYR-Sony-090221_173739.jpg', 'LYR-Sony-090221_173751.jpg', 'LYR-Sony-090221_173802.jpg', 'LYR-Sony-090221_173814.jpg', 'LYR-Sony-090221_173825.jpg', 'LYR-Sony-090221_173837.jpg', 'LYR-Sony-090221_173849.jpg', 'LYR-Sony-090221_173901.jpg', 'LYR-Sony-090221_173913.jpg', 'LYR-Sony-090221_173924.jpg', 'LYR-Sony-090221_173936.jpg', 'LYR-Sony-090221_173947.jpg', 'LYR-Sony-090221_173959.jpg', 'LYR-Sony-090221_174010.jpg', 'LYR-Sony-090221_174022.jpg', 'LYR-Sony-090221_174034.jpg', 'LYR-Sony-090221_174045.jpg', 'LYR-Sony-090221_174057.jpg', 'LYR-Sony-090221_174108.jpg', 'LYR-Sony-090221_174120.jpg', 'LYR-Sony-090221_174132.jpg', 'LYR-Sony-090221_174143.jpg', 'LYR-Sony-090221_174155.jpg', 'LYR-Sony-090221_174206.jpg', 'LYR-Sony-090221_174218.jpg', 'LYR-Sony-090221_174229.jpg', 'LYR-Sony-090221_174240.jpg', 'LYR-Sony-090221_174252.jpg', 'LYR-Sony-090221_174304.jpg', 'LYR-Sony-090221_174315.jpg', 'LYR-Sony-090221_174327.jpg', 'LYR-Sony-090221_174338.jpg', 'LYR-Sony-090221_174350.jpg', 'LYR-Sony-090221_174401.jpg', 'LYR-Sony-090221_174413.jpg', 'LYR-Sony-090221_174425.jpg', 'LYR-Sony-090221_174436.jpg', 'LYR-Sony-090221_174448.jpg', 'LYR-Sony-090221_174459.jpg', 'LYR-Sony-090221_174511.jpg', 'LYR-Sony-090221_174523.jpg', 'LYR-Sony-090221_174534.jpg', 'LYR-Sony-090221_174546.jpg', 'LYR-Sony-090221_174557.jpg', 'LYR-Sony-090221_174609.jpg', 'LYR-Sony-090221_174621.jpg', 'LYR-Sony-090221_174632.jpg', 'LYR-Sony-090221_174644.jpg', 'LYR-Sony-090221_174655.jpg', 'LYR-Sony-090221_174707.jpg', 'LYR-Sony-090221_174718.jpg', 'LYR-Sony-090221_174730.jpg', 'LYR-Sony-090221_174742.jpg', 'LYR-Sony-090221_174753.jpg', 'LYR-Sony-090221_174805.jpg', 'LYR-Sony-090221_174817.jpg', 'LYR-Sony-090221_174828.jpg', 'LYR-Sony-090221_174840.jpg', 'LYR-Sony-090221_174851.jpg', 'LYR-Sony-090221_174903.jpg', 'LYR-Sony-090221_174914.jpg', 'LYR-Sony-090221_174926.jpg', 'LYR-Sony-090221_174938.jpg', 'LYR-Sony-090221_174949.jpg', 'LYR-Sony-090221_175001.jpg', 'LYR-Sony-090221_175013.jpg', 'LYR-Sony-090221_175024.jpg', 'LYR-Sony-090221_175035.jpg', 'LYR-Sony-090221_175047.jpg', 'LYR-Sony-090221_175059.jpg', 'LYR-Sony-090221_175110.jpg', 'LYR-Sony-090221_175122.jpg', 'LYR-Sony-090221_175133.jpg', 'LYR-Sony-090221_175145.jpg', 'LYR-Sony-090221_175156.jpg', 'LYR-Sony-090221_175208.jpg', 'LYR-Sony-090221_175220.jpg', 'LYR-Sony-090221_175232.jpg', 'LYR-Sony-090221_175243.jpg', 'LYR-Sony-090221_175255.jpg', 'LYR-Sony-090221_175306.jpg', 'LYR-Sony-090221_175318.jpg', 'LYR-Sony-090221_175330.jpg', 'LYR-Sony-090221_175342.jpg', 'LYR-Sony-090221_175353.jpg', 'LYR-Sony-090221_175404.jpg', 'LYR-Sony-090221_175416.jpg', 'LYR-Sony-090221_175427.jpg', 'LYR-Sony-090221_175439.jpg', 'LYR-Sony-090221_175450.jpg', 'LYR-Sony-090221_175502.jpg', 'LYR-Sony-090221_175514.jpg', 'LYR-Sony-090221_175525.jpg', 'LYR-Sony-090221_175537.jpg', 'LYR-Sony-090221_175549.jpg', 'LYR-Sony-090221_175600.jpg', 'LYR-Sony-090221_175612.jpg', 'LYR-Sony-090221_175624.jpg', 'LYR-Sony-090221_175636.jpg', 'LYR-Sony-090221_175647.jpg', 'LYR-Sony-090221_175659.jpg', 'LYR-Sony-090221_175710.jpg', 'LYR-Sony-090221_175722.jpg', 'LYR-Sony-090221_175733.jpg', 'LYR-Sony-090221_175745.jpg', 'LYR-Sony-090221_175757.jpg', 'LYR-Sony-090221_175808.jpg', 'LYR-Sony-090221_175819.jpg', 'LYR-Sony-090221_175831.jpg', 'LYR-Sony-090221_175843.jpg', 'LYR-Sony-090221_175854.jpg', 'LYR-Sony-090221_175906.jpg', 'LYR-Sony-090221_175918.jpg', 'LYR-Sony-090221_175929.jpg', 'LYR-Sony-090221_175940.jpg', 'LYR-Sony-090221_175952.jpg', 'LYR-Sony-090221_180003.jpg', 'LYR-Sony-090221_180015.jpg', 'LYR-Sony-090221_180026.jpg', 'LYR-Sony-090221_180038.jpg', 'LYR-Sony-090221_180049.jpg', 'LYR-Sony-090221_180101.jpg', 'LYR-Sony-090221_180112.jpg', 'LYR-Sony-090221_180124.jpg', 'LYR-Sony-090221_180136.jpg', 'LYR-Sony-090221_180147.jpg', 'LYR-Sony-090221_180159.jpg', 'LYR-Sony-090221_180211.jpg', 'LYR-Sony-090221_180222.jpg', 'LYR-Sony-090221_180234.jpg', 'LYR-Sony-090221_180246.jpg', 'LYR-Sony-090221_180258.jpg', 'LYR-Sony-090221_180309.jpg', 'LYR-Sony-090221_180321.jpg', 'LYR-Sony-090221_180332.jpg', 'LYR-Sony-090221_180344.jpg', 'LYR-Sony-090221_180356.jpg', 'LYR-Sony-090221_180407.jpg', 'LYR-Sony-090221_180419.jpg', 'LYR-Sony-090221_180430.jpg', 'LYR-Sony-090221_180442.jpg', 'LYR-Sony-090221_180454.jpg', 'LYR-Sony-090221_180505.jpg', 'LYR-Sony-090221_180517.jpg', 'LYR-Sony-090221_180529.jpg', 'LYR-Sony-090221_180540.jpg', 'LYR-Sony-090221_180552.jpg', 'LYR-Sony-090221_180604.jpg', 'LYR-Sony-090221_180615.jpg', 'LYR-Sony-090221_180626.jpg', 'LYR-Sony-090221_180638.jpg', 'LYR-Sony-090221_180650.jpg', 'LYR-Sony-090221_180701.jpg', 'LYR-Sony-090221_180713.jpg', 'LYR-Sony-090221_180724.jpg', 'LYR-Sony-090221_180736.jpg', 'LYR-Sony-090221_180748.jpg', 'LYR-Sony-090221_180800.jpg', 'LYR-Sony-090221_180811.jpg', 'LYR-Sony-090221_180822.jpg', 'LYR-Sony-090221_180834.jpg', 'LYR-Sony-090221_180845.jpg', 'LYR-Sony-090221_180857.jpg', 'LYR-Sony-090221_180909.jpg', 'LYR-Sony-090221_180920.jpg', 'LYR-Sony-090221_180932.jpg', 'LYR-Sony-090221_180943.jpg', 'LYR-Sony-090221_180955.jpg', 'LYR-Sony-090221_181006.jpg', 'LYR-Sony-090221_181018.jpg', 'LYR-Sony-090221_181030.jpg', 'LYR-Sony-090221_181041.jpg', 'LYR-Sony-090221_181053.jpg', 'LYR-Sony-090221_181104.jpg', 'LYR-Sony-090221_181116.jpg', 'LYR-Sony-090221_181127.jpg', 'LYR-Sony-090221_181139.jpg', 'LYR-Sony-090221_181150.jpg', 'LYR-Sony-090221_181202.jpg', 'LYR-Sony-090221_181214.jpg', 'LYR-Sony-090221_181226.jpg', 'LYR-Sony-090221_181237.jpg', 'LYR-Sony-090221_181249.jpg', 'LYR-Sony-090221_181301.jpg', 'LYR-Sony-090221_181313.jpg', 'LYR-Sony-090221_181324.jpg', 'LYR-Sony-090221_181336.jpg', 'LYR-Sony-090221_181347.jpg', 'LYR-Sony-090221_181359.jpg', 'LYR-Sony-090221_181410.jpg', 'LYR-Sony-090221_181422.jpg', 'LYR-Sony-090221_181434.jpg', 'LYR-Sony-090221_181446.jpg', 'LYR-Sony-090221_181457.jpg', 'LYR-Sony-090221_181509.jpg', 'LYR-Sony-090221_181520.jpg', 'LYR-Sony-090221_181532.jpg', 'LYR-Sony-090221_181543.jpg', 'LYR-Sony-090221_181555.jpg', 'LYR-Sony-090221_181607.jpg', 'LYR-Sony-090221_181619.jpg', 'LYR-Sony-090221_181630.jpg', 'LYR-Sony-090221_181642.jpg', 'LYR-Sony-090221_181653.jpg', 'LYR-Sony-090221_181705.jpg', 'LYR-Sony-090221_181716.jpg', 'LYR-Sony-090221_181728.jpg', 'LYR-Sony-090221_181740.jpg', 'LYR-Sony-090221_181751.jpg', 'LYR-Sony-090221_181803.jpg', 'LYR-Sony-090221_181815.jpg', 'LYR-Sony-090221_181826.jpg', 'LYR-Sony-090221_181838.jpg', 'LYR-Sony-090221_181849.jpg', 'LYR-Sony-090221_181901.jpg', 'LYR-Sony-090221_181913.jpg', 'LYR-Sony-090221_181924.jpg', 'LYR-Sony-090221_181936.jpg', 'LYR-Sony-090221_181948.jpg', 'LYR-Sony-090221_181959.jpg', 'LYR-Sony-090221_182011.jpg', 'LYR-Sony-090221_182023.jpg', 'LYR-Sony-090221_182035.jpg', 'LYR-Sony-090221_182047.jpg', 'LYR-Sony-090221_182058.jpg', 'LYR-Sony-090221_182110.jpg', 'LYR-Sony-090221_182122.jpg', 'LYR-Sony-090221_182133.jpg', 'LYR-Sony-090221_182145.jpg', 'LYR-Sony-090221_182156.jpg', 'LYR-Sony-090221_182208.jpg', 'LYR-Sony-090221_182219.jpg', 'LYR-Sony-090221_182231.jpg', 'LYR-Sony-090221_182242.jpg', 'LYR-Sony-090221_182254.jpg', 'LYR-Sony-090221_182306.jpg', 'LYR-Sony-090221_182317.jpg', 'LYR-Sony-090221_182329.jpg', 'LYR-Sony-090221_182341.jpg', 'LYR-Sony-090221_182352.jpg', 'LYR-Sony-090221_182404.jpg', 'LYR-Sony-090221_182415.jpg', 'LYR-Sony-090221_182427.jpg', 'LYR-Sony-090221_182439.jpg', 'LYR-Sony-090221_182450.jpg', 'LYR-Sony-090221_182502.jpg', 'LYR-Sony-090221_182514.jpg', 'LYR-Sony-090221_182525.jpg', 'LYR-Sony-090221_182537.jpg', 'LYR-Sony-090221_182548.jpg', 'LYR-Sony-090221_182600.jpg', 'LYR-Sony-090221_182611.jpg', 'LYR-Sony-090221_182623.jpg', 'LYR-Sony-090221_182635.jpg', 'LYR-Sony-090221_182646.jpg', 'LYR-Sony-090221_182658.jpg', 'LYR-Sony-090221_182710.jpg', 'LYR-Sony-090221_182721.jpg', 'LYR-Sony-090221_182733.jpg', 'LYR-Sony-090221_182745.jpg', 'LYR-Sony-090221_182756.jpg', 'LYR-Sony-090221_182808.jpg', 'LYR-Sony-090221_182820.jpg', 'LYR-Sony-090221_182832.jpg', 'LYR-Sony-090221_182843.jpg', 'LYR-Sony-090221_182855.jpg', 'LYR-Sony-090221_182906.jpg', 'LYR-Sony-090221_182918.jpg', 'LYR-Sony-090221_182929.jpg', 'LYR-Sony-090221_182941.jpg', 'LYR-Sony-090221_182952.jpg', 'LYR-Sony-090221_183004.jpg', 'LYR-Sony-090221_183016.jpg', 'LYR-Sony-090221_183028.jpg', 'LYR-Sony-090221_183040.jpg', 'LYR-Sony-090221_183051.jpg', 'LYR-Sony-090221_183103.jpg', 'LYR-Sony-090221_183114.jpg', 'LYR-Sony-090221_183126.jpg', 'LYR-Sony-090221_183138.jpg', 'LYR-Sony-090221_183150.jpg', 'LYR-Sony-090221_183201.jpg', 'LYR-Sony-090221_183213.jpg', 'LYR-Sony-090221_183225.jpg', 'LYR-Sony-090221_183236.jpg', 'LYR-Sony-090221_183248.jpg', 'LYR-Sony-090221_183259.jpg', 'LYR-Sony-090221_183311.jpg', 'LYR-Sony-090221_183322.jpg', 'LYR-Sony-090221_183334.jpg', 'LYR-Sony-090221_183346.jpg', 'LYR-Sony-090221_183357.jpg', 'LYR-Sony-090221_183409.jpg', 'LYR-Sony-090221_183420.jpg', 'LYR-Sony-090221_183432.jpg', 'LYR-Sony-090221_183443.jpg', 'LYR-Sony-090221_183455.jpg', 'LYR-Sony-090221_183507.jpg', 'LYR-Sony-090221_183519.jpg', 'LYR-Sony-090221_183530.jpg', 'LYR-Sony-090221_183542.jpg', 'LYR-Sony-090221_183553.jpg', 'LYR-Sony-090221_183605.jpg', 'LYR-Sony-090221_183616.jpg', 'LYR-Sony-090221_183628.jpg', 'LYR-Sony-090221_183639.jpg', 'LYR-Sony-090221_183651.jpg', 'LYR-Sony-090221_183703.jpg', 'LYR-Sony-090221_183714.jpg', 'LYR-Sony-090221_183726.jpg', 'LYR-Sony-090221_183737.jpg', 'LYR-Sony-090221_183749.jpg', 'LYR-Sony-090221_183800.jpg', 'LYR-Sony-090221_183812.jpg', 'LYR-Sony-090221_183824.jpg', 'LYR-Sony-090221_183835.jpg', 'LYR-Sony-090221_183847.jpg', 'LYR-Sony-090221_183859.jpg', 'LYR-Sony-090221_183910.jpg', 'LYR-Sony-090221_183922.jpg', 'LYR-Sony-090221_183934.jpg', 'LYR-Sony-090221_183945.jpg', 'LYR-Sony-090221_183957.jpg', 'LYR-Sony-090221_184009.jpg', 'LYR-Sony-090221_184020.jpg', 'LYR-Sony-090221_184032.jpg', 'LYR-Sony-090221_184043.jpg', 'LYR-Sony-090221_184055.jpg', 'LYR-Sony-090221_184106.jpg', 'LYR-Sony-090221_184118.jpg', 'LYR-Sony-090221_184130.jpg', 'LYR-Sony-090221_184141.jpg', 'LYR-Sony-090221_184152.jpg', 'LYR-Sony-090221_184204.jpg', 'LYR-Sony-090221_184216.jpg', 'LYR-Sony-090221_184227.jpg', 'LYR-Sony-090221_184239.jpg', 'LYR-Sony-090221_184251.jpg', 'LYR-Sony-090221_184302.jpg', 'LYR-Sony-090221_184314.jpg', 'LYR-Sony-090221_184325.jpg', 'LYR-Sony-090221_184337.jpg', 'LYR-Sony-090221_184349.jpg', 'LYR-Sony-090221_184400.jpg', 'LYR-Sony-090221_184412.jpg', 'LYR-Sony-090221_184423.jpg', 'LYR-Sony-090221_184435.jpg', 'LYR-Sony-090221_184446.jpg', 'LYR-Sony-090221_184458.jpg', 'LYR-Sony-090221_184510.jpg', 'LYR-Sony-090221_184521.jpg', 'LYR-Sony-090221_184533.jpg', 'LYR-Sony-090221_184544.jpg', 'LYR-Sony-090221_184556.jpg', 'LYR-Sony-090221_184607.jpg', 'LYR-Sony-090221_184619.jpg', 'LYR-Sony-090221_184630.jpg', 'LYR-Sony-090221_184642.jpg', 'LYR-Sony-090221_184653.jpg', 'LYR-Sony-090221_184705.jpg', 'LYR-Sony-090221_184717.jpg', 'LYR-Sony-090221_184728.jpg', 'LYR-Sony-090221_184739.jpg', 'LYR-Sony-090221_184751.jpg', 'LYR-Sony-090221_184803.jpg', 'LYR-Sony-090221_184814.jpg', 'LYR-Sony-090221_184826.jpg', 'LYR-Sony-090221_184837.jpg', 'LYR-Sony-090221_184849.jpg', 'LYR-Sony-090221_184900.jpg', 'LYR-Sony-090221_184912.jpg', 'LYR-Sony-090221_184923.jpg', 'LYR-Sony-090221_184935.jpg', 'LYR-Sony-090221_184946.jpg', 'LYR-Sony-090221_184958.jpg', 'LYR-Sony-090221_185010.jpg', 'LYR-Sony-090221_185021.jpg', 'LYR-Sony-090221_185033.jpg', 'LYR-Sony-090221_185044.jpg', 'LYR-Sony-090221_185056.jpg', 'LYR-Sony-090221_185108.jpg', 'LYR-Sony-090221_185119.jpg', 'LYR-Sony-090221_185131.jpg', 'LYR-Sony-090221_185143.jpg', 'LYR-Sony-090221_185154.jpg', 'LYR-Sony-090221_185206.jpg', 'LYR-Sony-090221_185218.jpg', 'LYR-Sony-090221_185229.jpg', 'LYR-Sony-090221_185241.jpg', 'LYR-Sony-090221_185253.jpg', 'LYR-Sony-090221_185304.jpg', 'LYR-Sony-090221_185316.jpg', 'LYR-Sony-090221_185327.jpg', 'LYR-Sony-090221_185339.jpg', 'LYR-Sony-090221_185350.jpg', 'LYR-Sony-090221_185402.jpg', 'LYR-Sony-090221_185414.jpg', 'LYR-Sony-090221_185425.jpg', 'LYR-Sony-090221_185437.jpg', 'LYR-Sony-090221_185449.jpg', 'LYR-Sony-090221_185501.jpg', 'LYR-Sony-090221_185512.jpg', 'LYR-Sony-090221_185524.jpg', 'LYR-Sony-090221_185535.jpg', 'LYR-Sony-090221_185547.jpg', 'LYR-Sony-090221_185559.jpg', 'LYR-Sony-090221_185610.jpg', 'LYR-Sony-090221_185622.jpg', 'LYR-Sony-090221_185633.jpg', 'LYR-Sony-090221_185645.jpg', 'LYR-Sony-090221_185656.jpg', 'LYR-Sony-090221_185708.jpg', 'LYR-Sony-090221_185719.jpg', 'LYR-Sony-090221_185731.jpg', 'LYR-Sony-090221_185743.jpg', 'LYR-Sony-090221_185755.jpg', 'LYR-Sony-090221_185807.jpg', 'LYR-Sony-090221_185819.jpg', 'LYR-Sony-090221_185830.jpg', 'LYR-Sony-090221_185842.jpg', 'LYR-Sony-090221_185853.jpg', 'LYR-Sony-090221_185905.jpg', 'LYR-Sony-090221_185916.jpg', 'LYR-Sony-090221_185928.jpg', 'LYR-Sony-090221_185940.jpg', 'LYR-Sony-090221_185951.jpg', 'LYR-Sony-090221_190002.jpg', 'LYR-Sony-090221_190014.jpg', 'LYR-Sony-090221_190025.jpg', 'LYR-Sony-090221_190037.jpg', 'LYR-Sony-090221_190048.jpg', 'LYR-Sony-090221_190100.jpg', 'LYR-Sony-090221_190111.jpg', 'LYR-Sony-090221_190123.jpg', 'LYR-Sony-090221_190135.jpg', 'LYR-Sony-090221_190147.jpg', 'LYR-Sony-090221_190158.jpg', 'LYR-Sony-090221_190210.jpg', 'LYR-Sony-090221_190221.jpg', 'LYR-Sony-090221_190233.jpg', 'LYR-Sony-090221_190244.jpg', 'LYR-Sony-090221_190256.jpg', 'LYR-Sony-090221_190308.jpg', 'LYR-Sony-090221_190319.jpg', 'LYR-Sony-090221_190331.jpg', 'LYR-Sony-090221_190343.jpg', 'LYR-Sony-090221_190354.jpg', 'LYR-Sony-090221_190406.jpg', 'LYR-Sony-090221_190417.jpg', 'LYR-Sony-090221_190429.jpg', 'LYR-Sony-090221_190441.jpg', 'LYR-Sony-090221_190452.jpg', 'LYR-Sony-090221_190504.jpg', 'LYR-Sony-090221_190515.jpg', 'LYR-Sony-090221_190527.jpg', 'LYR-Sony-090221_190539.jpg', 'LYR-Sony-090221_190550.jpg', 'LYR-Sony-090221_190602.jpg', 'LYR-Sony-090221_190614.jpg', 'LYR-Sony-090221_190625.jpg', 'LYR-Sony-090221_190637.jpg', 'LYR-Sony-090221_190648.jpg', 'LYR-Sony-090221_190700.jpg', 'LYR-Sony-090221_190712.jpg', 'LYR-Sony-090221_190723.jpg', 'LYR-Sony-090221_190735.jpg', 'LYR-Sony-090221_190746.jpg', 'LYR-Sony-090221_190758.jpg', 'LYR-Sony-090221_190809.jpg', 'LYR-Sony-090221_190821.jpg', 'LYR-Sony-090221_190833.jpg', 'LYR-Sony-090221_190844.jpg', 'LYR-Sony-090221_190856.jpg', 'LYR-Sony-090221_190907.jpg', 'LYR-Sony-090221_190919.jpg', 'LYR-Sony-090221_190930.jpg', 'LYR-Sony-090221_190942.jpg', 'LYR-Sony-090221_190953.jpg', 'LYR-Sony-090221_191004.jpg', 'LYR-Sony-090221_191016.jpg', 'LYR-Sony-090221_191028.jpg', 'LYR-Sony-090221_191040.jpg', 'LYR-Sony-090221_191051.jpg', 'LYR-Sony-090221_191103.jpg', 'LYR-Sony-090221_191114.jpg', 'LYR-Sony-090221_191126.jpg', 'LYR-Sony-090221_191137.jpg', 'LYR-Sony-090221_191149.jpg', 'LYR-Sony-090221_191200.jpg', 'LYR-Sony-090221_191212.jpg', 'LYR-Sony-090221_191223.jpg', 'LYR-Sony-090221_191235.jpg', 'LYR-Sony-090221_191247.jpg', 'LYR-Sony-090221_191258.jpg', 'LYR-Sony-090221_191310.jpg', 'LYR-Sony-090221_191322.jpg', 'LYR-Sony-090221_191333.jpg', 'LYR-Sony-090221_191345.jpg', 'LYR-Sony-090221_191356.jpg', 'LYR-Sony-090221_191408.jpg', 'LYR-Sony-090221_191419.jpg', 'LYR-Sony-090221_191431.jpg', 'LYR-Sony-090221_191443.jpg', 'LYR-Sony-090221_191454.jpg', 'LYR-Sony-090221_191506.jpg', 'LYR-Sony-090221_191517.jpg', 'LYR-Sony-090221_191529.jpg', 'LYR-Sony-090221_191541.jpg', 'LYR-Sony-090221_191553.jpg', 'LYR-Sony-090221_191604.jpg', 'LYR-Sony-090221_191616.jpg', 'LYR-Sony-090221_191628.jpg', 'LYR-Sony-090221_191639.jpg', 'LYR-Sony-090221_191651.jpg', 'LYR-Sony-090221_191703.jpg', 'LYR-Sony-090221_191714.jpg', 'LYR-Sony-090221_191726.jpg', 'LYR-Sony-090221_191738.jpg', 'LYR-Sony-090221_191749.jpg', 'LYR-Sony-090221_191801.jpg', 'LYR-Sony-090221_191813.jpg', 'LYR-Sony-090221_191825.jpg', 'LYR-Sony-090221_191837.jpg', 'LYR-Sony-090221_191849.jpg', 'LYR-Sony-090221_191900.jpg', 'LYR-Sony-090221_191912.jpg', 'LYR-Sony-090221_191923.jpg', 'LYR-Sony-090221_191935.jpg', 'LYR-Sony-090221_191946.jpg', 'LYR-Sony-090221_191958.jpg', 'LYR-Sony-090221_192010.jpg', 'LYR-Sony-090221_192021.jpg', 'LYR-Sony-090221_192033.jpg', 'LYR-Sony-090221_192045.jpg', 'LYR-Sony-090221_192056.jpg', 'LYR-Sony-090221_192108.jpg', 'LYR-Sony-090221_192120.jpg', 'LYR-Sony-090221_192132.jpg', 'LYR-Sony-090221_192143.jpg', 'LYR-Sony-090221_192155.jpg', 'LYR-Sony-090221_192207.jpg', 'LYR-Sony-090221_192219.jpg', 'LYR-Sony-090221_192230.jpg', 'LYR-Sony-090221_192242.jpg', 'LYR-Sony-090221_192254.jpg', 'LYR-Sony-090221_192306.jpg', 'LYR-Sony-090221_192318.jpg', 'LYR-Sony-090221_192329.jpg', 'LYR-Sony-090221_192340.jpg', 'LYR-Sony-090221_192352.jpg', 'LYR-Sony-090221_192404.jpg', 'LYR-Sony-090221_192415.jpg', 'LYR-Sony-090221_192427.jpg', 'LYR-Sony-090221_192438.jpg', 'LYR-Sony-090221_192450.jpg', 'LYR-Sony-090221_192501.jpg', 'LYR-Sony-090221_192513.jpg', 'LYR-Sony-090221_192524.jpg', 'LYR-Sony-090221_192536.jpg', 'LYR-Sony-090221_192548.jpg', 'LYR-Sony-090221_192559.jpg', 'LYR-Sony-090221_192611.jpg', 'LYR-Sony-090221_192623.jpg', 'LYR-Sony-090221_192635.jpg', 'LYR-Sony-090221_192646.jpg', 'LYR-Sony-090221_192658.jpg', 'LYR-Sony-090221_192710.jpg', 'LYR-Sony-090221_192722.jpg', 'LYR-Sony-090221_192733.jpg', 'LYR-Sony-090221_192745.jpg', 'LYR-Sony-090221_192756.jpg', 'LYR-Sony-090221_192809.jpg', 'LYR-Sony-090221_192820.jpg', 'LYR-Sony-090221_192832.jpg', 'LYR-Sony-090221_192844.jpg', 'LYR-Sony-090221_192855.jpg', 'LYR-Sony-090221_192907.jpg', 'LYR-Sony-090221_192919.jpg', 'LYR-Sony-090221_192930.jpg', 'LYR-Sony-090221_192942.jpg', 'LYR-Sony-090221_192954.jpg', 'LYR-Sony-090221_193005.jpg', 'LYR-Sony-090221_193017.jpg', 'LYR-Sony-090221_193028.jpg', 'LYR-Sony-090221_193040.jpg', 'LYR-Sony-090221_193052.jpg', 'LYR-Sony-090221_193103.jpg', 'LYR-Sony-090221_193115.jpg', 'LYR-Sony-090221_193127.jpg', 'LYR-Sony-090221_193139.jpg', 'LYR-Sony-090221_193150.jpg', 'LYR-Sony-090221_193202.jpg', 'LYR-Sony-090221_193214.jpg', 'LYR-Sony-090221_193225.jpg', 'LYR-Sony-090221_193237.jpg', 'LYR-Sony-090221_193249.jpg', 'LYR-Sony-090221_193300.jpg', 'LYR-Sony-090221_193312.jpg', 'LYR-Sony-090221_193324.jpg', 'LYR-Sony-090221_193335.jpg', 'LYR-Sony-090221_193347.jpg', 'LYR-Sony-090221_193359.jpg', 'LYR-Sony-090221_193410.jpg', 'LYR-Sony-090221_193422.jpg', 'LYR-Sony-090221_193433.jpg', 'LYR-Sony-090221_193445.jpg', 'LYR-Sony-090221_193456.jpg', 'LYR-Sony-090221_193508.jpg', 'LYR-Sony-090221_193520.jpg', 'LYR-Sony-090221_193531.jpg', 'LYR-Sony-090221_193543.jpg', 'LYR-Sony-090221_193554.jpg', 'LYR-Sony-090221_193606.jpg', 'LYR-Sony-090221_193617.jpg', 'LYR-Sony-090221_193629.jpg', 'LYR-Sony-090221_193640.jpg', 'LYR-Sony-090221_193652.jpg', 'LYR-Sony-090221_193703.jpg', 'LYR-Sony-090221_193715.jpg', 'LYR-Sony-090221_193727.jpg', 'LYR-Sony-090221_193738.jpg', 'LYR-Sony-090221_193750.jpg', 'LYR-Sony-090221_193801.jpg', 'LYR-Sony-090221_193813.jpg', 'LYR-Sony-090221_193825.jpg', 'LYR-Sony-090221_193836.jpg', 'LYR-Sony-090221_193848.jpg', 'LYR-Sony-090221_193900.jpg', 'LYR-Sony-090221_193911.jpg', 'LYR-Sony-090221_193923.jpg', 'LYR-Sony-090221_193935.jpg', 'LYR-Sony-090221_193947.jpg', 'LYR-Sony-090221_193959.jpg', 'LYR-Sony-090221_194010.jpg', 'LYR-Sony-090221_194022.jpg', 'LYR-Sony-090221_194034.jpg', 'LYR-Sony-090221_194045.jpg', 'LYR-Sony-090221_194057.jpg', 'LYR-Sony-090221_194108.jpg', 'LYR-Sony-090221_194120.jpg', 'LYR-Sony-090221_194132.jpg', 'LYR-Sony-090221_194143.jpg', 'LYR-Sony-090221_194155.jpg', 'LYR-Sony-090221_194206.jpg', 'LYR-Sony-090221_194218.jpg', 'LYR-Sony-090221_194229.jpg', 'LYR-Sony-090221_194241.jpg', 'LYR-Sony-090221_194252.jpg', 'LYR-Sony-090221_194304.jpg', 'LYR-Sony-090221_194315.jpg', 'LYR-Sony-090221_194327.jpg', 'LYR-Sony-090221_194339.jpg', 'LYR-Sony-090221_194350.jpg', 'LYR-Sony-090221_194401.jpg', 'LYR-Sony-090221_194413.jpg', 'LYR-Sony-090221_194425.jpg', 'LYR-Sony-090221_194437.jpg', 'LYR-Sony-090221_194448.jpg', 'LYR-Sony-090221_194459.jpg', 'LYR-Sony-090221_194511.jpg', 'LYR-Sony-090221_194523.jpg', 'LYR-Sony-090221_194535.jpg', 'LYR-Sony-090221_194546.jpg', 'LYR-Sony-090221_194557.jpg', 'LYR-Sony-090221_194609.jpg', 'LYR-Sony-090221_194621.jpg', 'LYR-Sony-090221_194633.jpg', 'LYR-Sony-090221_194645.jpg', 'LYR-Sony-090221_194656.jpg', 'LYR-Sony-090221_194708.jpg', 'LYR-Sony-090221_194720.jpg', 'LYR-Sony-090221_194732.jpg', 'LYR-Sony-090221_194744.jpg', 'LYR-Sony-090221_194756.jpg', 'LYR-Sony-090221_194808.jpg', 'LYR-Sony-090221_194820.jpg', 'LYR-Sony-090221_194831.jpg', 'LYR-Sony-090221_194843.jpg', 'LYR-Sony-090221_194854.jpg', 'LYR-Sony-090221_194906.jpg', 'LYR-Sony-090221_194918.jpg', 'LYR-Sony-090221_194929.jpg', 'LYR-Sony-090221_194942.jpg', 'LYR-Sony-090221_194953.jpg', 'LYR-Sony-090221_195005.jpg', 'LYR-Sony-090221_195016.jpg', 'LYR-Sony-090221_195028.jpg', 'LYR-Sony-090221_195040.jpg', 'LYR-Sony-090221_195051.jpg', 'LYR-Sony-090221_195103.jpg', 'LYR-Sony-090221_195114.jpg', 'LYR-Sony-090221_195126.jpg', 'LYR-Sony-090221_195137.jpg', 'LYR-Sony-090221_195149.jpg', 'LYR-Sony-090221_195201.jpg', 'LYR-Sony-090221_195213.jpg', 'LYR-Sony-090221_195224.jpg', 'LYR-Sony-090221_195236.jpg', 'LYR-Sony-090221_195248.jpg', 'LYR-Sony-090221_195259.jpg', 'LYR-Sony-090221_195311.jpg', 'LYR-Sony-090221_195322.jpg', 'LYR-Sony-090221_195334.jpg', 'LYR-Sony-090221_195345.jpg', 'LYR-Sony-090221_195358.jpg', 'LYR-Sony-090221_195409.jpg', 'LYR-Sony-090221_195421.jpg', 'LYR-Sony-090221_195433.jpg', 'LYR-Sony-090221_195444.jpg', 'LYR-Sony-090221_195456.jpg', 'LYR-Sony-090221_195507.jpg', 'LYR-Sony-090221_195519.jpg', 'LYR-Sony-090221_195530.jpg', 'LYR-Sony-090221_195542.jpg', 'LYR-Sony-090221_195554.jpg', 'LYR-Sony-090221_195606.jpg', 'LYR-Sony-090221_195618.jpg', 'LYR-Sony-090221_195629.jpg', 'LYR-Sony-090221_195641.jpg', 'LYR-Sony-090221_195652.jpg', 'LYR-Sony-090221_195704.jpg', 'LYR-Sony-090221_195716.jpg', 'LYR-Sony-090221_195727.jpg', 'LYR-Sony-090221_195739.jpg', 'LYR-Sony-090221_195750.jpg', 'LYR-Sony-090221_195802.jpg', 'LYR-Sony-090221_195813.jpg', 'LYR-Sony-090221_195825.jpg', 'LYR-Sony-090221_195837.jpg', 'LYR-Sony-090221_195848.jpg', 'LYR-Sony-090221_195900.jpg', 'LYR-Sony-090221_195912.jpg', 'LYR-Sony-090221_195923.jpg', 'LYR-Sony-090221_195935.jpg', 'LYR-Sony-090221_195947.jpg', 'LYR-Sony-090221_195958.jpg', 'LYR-Sony-090221_200010.jpg', 'LYR-Sony-090221_200021.jpg', 'LYR-Sony-090221_200033.jpg', 'LYR-Sony-090221_200044.jpg', 'LYR-Sony-090221_200056.jpg', 'LYR-Sony-090221_200108.jpg', 'LYR-Sony-090221_200119.jpg', 'LYR-Sony-090221_200130.jpg', 'LYR-Sony-090221_200142.jpg', 'LYR-Sony-090221_200153.jpg', 'LYR-Sony-090221_200205.jpg', 'LYR-Sony-090221_200217.jpg', 'LYR-Sony-090221_200228.jpg', 'LYR-Sony-090221_200240.jpg', 'LYR-Sony-090221_200251.jpg', 'LYR-Sony-090221_200303.jpg', 'LYR-Sony-090221_200314.jpg', 'LYR-Sony-090221_200326.jpg', 'LYR-Sony-090221_200337.jpg', 'LYR-Sony-090221_200349.jpg', 'LYR-Sony-090221_200400.jpg', 'LYR-Sony-090221_200412.jpg', 'LYR-Sony-090221_200423.jpg', 'LYR-Sony-090221_200435.jpg', 'LYR-Sony-090221_200446.jpg', 'LYR-Sony-090221_200458.jpg', 'LYR-Sony-090221_200510.jpg', 'LYR-Sony-090221_200521.jpg', 'LYR-Sony-090221_200533.jpg', 'LYR-Sony-090221_200545.jpg', 'LYR-Sony-090221_200556.jpg', 'LYR-Sony-090221_200608.jpg', 'LYR-Sony-090221_200620.jpg', 'LYR-Sony-090221_200632.jpg', 'LYR-Sony-090221_200643.jpg', 'LYR-Sony-090221_200655.jpg', 'LYR-Sony-090221_200707.jpg', 'LYR-Sony-090221_200719.jpg', 'LYR-Sony-090221_200730.jpg', 'LYR-Sony-090221_200742.jpg', 'LYR-Sony-090221_200753.jpg', 'LYR-Sony-090221_200805.jpg', 'LYR-Sony-090221_200817.jpg', 'LYR-Sony-090221_200829.jpg', 'LYR-Sony-090221_200840.jpg', 'LYR-Sony-090221_200852.jpg', 'LYR-Sony-090221_200903.jpg', 'LYR-Sony-090221_200915.jpg', 'LYR-Sony-090221_200926.jpg', 'LYR-Sony-090221_200938.jpg', 'LYR-Sony-090221_200950.jpg', 'LYR-Sony-090221_201001.jpg', 'LYR-Sony-090221_201013.jpg', 'LYR-Sony-090221_201024.jpg', 'LYR-Sony-090221_201036.jpg', 'LYR-Sony-090221_201047.jpg', 'LYR-Sony-090221_201059.jpg', 'LYR-Sony-090221_201111.jpg', 'LYR-Sony-090221_201122.jpg', 'LYR-Sony-090221_201133.jpg', 'LYR-Sony-090221_201145.jpg', 'LYR-Sony-090221_201157.jpg', 'LYR-Sony-090221_201208.jpg', 'LYR-Sony-090221_201220.jpg', 'LYR-Sony-090221_201231.jpg', 'LYR-Sony-090221_201243.jpg', 'LYR-Sony-090221_201254.jpg', 'LYR-Sony-090221_201306.jpg', 'LYR-Sony-090221_201317.jpg', 'LYR-Sony-090221_201329.jpg', 'LYR-Sony-090221_201340.jpg', 'LYR-Sony-090221_201352.jpg', 'LYR-Sony-090221_201404.jpg', 'LYR-Sony-090221_201416.jpg', 'LYR-Sony-090221_201427.jpg', 'LYR-Sony-090221_201439.jpg', 'LYR-Sony-090221_201451.jpg', 'LYR-Sony-090221_201503.jpg', 'LYR-Sony-090221_201515.jpg', 'LYR-Sony-090221_201527.jpg', 'LYR-Sony-090221_201538.jpg', 'LYR-Sony-090221_201550.jpg', 'LYR-Sony-090221_201601.jpg', 'LYR-Sony-090221_201613.jpg', 'LYR-Sony-090221_201625.jpg', 'LYR-Sony-090221_201636.jpg', 'LYR-Sony-090221_201648.jpg', 'LYR-Sony-090221_201659.jpg', 'LYR-Sony-090221_201711.jpg', 'LYR-Sony-090221_201722.jpg', 'LYR-Sony-090221_201734.jpg', 'LYR-Sony-090221_201745.jpg', 'LYR-Sony-090221_201757.jpg', 'LYR-Sony-090221_201808.jpg', 'LYR-Sony-090221_201820.jpg', 'LYR-Sony-090221_201832.jpg', 'LYR-Sony-090221_201843.jpg', 'LYR-Sony-090221_201855.jpg', 'LYR-Sony-090221_201906.jpg', 'LYR-Sony-090221_201918.jpg', 'LYR-Sony-090221_201929.jpg', 'LYR-Sony-090221_201941.jpg', 'LYR-Sony-090221_201953.jpg', 'LYR-Sony-090221_202004.jpg', 'LYR-Sony-090221_202016.jpg', 'LYR-Sony-090221_202027.jpg', 'LYR-Sony-090221_202039.jpg', 'LYR-Sony-090221_202051.jpg', 'LYR-Sony-090221_202102.jpg', 'LYR-Sony-090221_202114.jpg', 'LYR-Sony-090221_202125.jpg', 'LYR-Sony-090221_202136.jpg', 'LYR-Sony-090221_202148.jpg', 'LYR-Sony-090221_202159.jpg', 'LYR-Sony-090221_202211.jpg', 'LYR-Sony-090221_202222.jpg', 'LYR-Sony-090221_202234.jpg', 'LYR-Sony-090221_202246.jpg', 'LYR-Sony-090221_202257.jpg', 'LYR-Sony-090221_202309.jpg', 'LYR-Sony-090221_202320.jpg', 'LYR-Sony-090221_202332.jpg', 'LYR-Sony-090221_202344.jpg', 'LYR-Sony-090221_202355.jpg', 'LYR-Sony-090221_202407.jpg', 'LYR-Sony-090221_202418.jpg', 'LYR-Sony-090221_202430.jpg', 'LYR-Sony-090221_202441.jpg', 'LYR-Sony-090221_202453.jpg', 'LYR-Sony-090221_202505.jpg', 'LYR-Sony-090221_202516.jpg', 'LYR-Sony-090221_202528.jpg', 'LYR-Sony-090221_202540.jpg', 'LYR-Sony-090221_202551.jpg', 'LYR-Sony-090221_202603.jpg', 'LYR-Sony-090221_202614.jpg', 'LYR-Sony-090221_202625.jpg', 'LYR-Sony-090221_202637.jpg', 'LYR-Sony-090221_202649.jpg', 'LYR-Sony-090221_202700.jpg', 'LYR-Sony-090221_202712.jpg', 'LYR-Sony-090221_202723.jpg', 'LYR-Sony-090221_202735.jpg', 'LYR-Sony-090221_202747.jpg', 'LYR-Sony-090221_202758.jpg', 'LYR-Sony-090221_202810.jpg', 'LYR-Sony-090221_202821.jpg', 'LYR-Sony-090221_202833.jpg', 'LYR-Sony-090221_202844.jpg', 'LYR-Sony-090221_202856.jpg', 'LYR-Sony-090221_202908.jpg', 'LYR-Sony-090221_202919.jpg', 'LYR-Sony-090221_202931.jpg', 'LYR-Sony-090221_202943.jpg', 'LYR-Sony-090221_202955.jpg', 'LYR-Sony-090221_203007.jpg', 'LYR-Sony-090221_203018.jpg', 'LYR-Sony-090221_203030.jpg', 'LYR-Sony-090221_203042.jpg', 'LYR-Sony-090221_203053.jpg', 'LYR-Sony-090221_203105.jpg', 'LYR-Sony-090221_203116.jpg', 'LYR-Sony-090221_203128.jpg', 'LYR-Sony-090221_203139.jpg', 'LYR-Sony-090221_203151.jpg', 'LYR-Sony-090221_203203.jpg', 'LYR-Sony-090221_203214.jpg', 'LYR-Sony-090221_203226.jpg', 'LYR-Sony-090221_203238.jpg', 'LYR-Sony-090221_203250.jpg', 'LYR-Sony-090221_203302.jpg', 'LYR-Sony-090221_203314.jpg', 'LYR-Sony-090221_203325.jpg', 'LYR-Sony-090221_203337.jpg', 'LYR-Sony-090221_203348.jpg', 'LYR-Sony-090221_203359.jpg', 'LYR-Sony-090221_203411.jpg', 'LYR-Sony-090221_203423.jpg', 'LYR-Sony-090221_203434.jpg', 'LYR-Sony-090221_203446.jpg', 'LYR-Sony-090221_203457.jpg', 'LYR-Sony-090221_203509.jpg', 'LYR-Sony-090221_203520.jpg', 'LYR-Sony-090221_203532.jpg', 'LYR-Sony-090221_203543.jpg', 'LYR-Sony-090221_203555.jpg', 'LYR-Sony-090221_203607.jpg', 'LYR-Sony-090221_203618.jpg', 'LYR-Sony-090221_203630.jpg', 'LYR-Sony-090221_203641.jpg', 'LYR-Sony-090221_203652.jpg', 'LYR-Sony-090221_203704.jpg', 'LYR-Sony-090221_203715.jpg', 'LYR-Sony-090221_203727.jpg', 'LYR-Sony-090221_203738.jpg', 'LYR-Sony-090221_203750.jpg', 'LYR-Sony-090221_203801.jpg', 'LYR-Sony-090221_203813.jpg', 'LYR-Sony-090221_203824.jpg', 'LYR-Sony-090221_203836.jpg', 'LYR-Sony-090221_203848.jpg', 'LYR-Sony-090221_203859.jpg', 'LYR-Sony-090221_203911.jpg', 'LYR-Sony-090221_203922.jpg', 'LYR-Sony-090221_203934.jpg', 'LYR-Sony-090221_203945.jpg', 'LYR-Sony-090221_203957.jpg', 'LYR-Sony-090221_204008.jpg', 'LYR-Sony-090221_204020.jpg', 'LYR-Sony-090221_204031.jpg', 'LYR-Sony-090221_204043.jpg', 'LYR-Sony-090221_204054.jpg', 'LYR-Sony-090221_204105.jpg', 'LYR-Sony-090221_204117.jpg', 'LYR-Sony-090221_204129.jpg', 'LYR-Sony-090221_204140.jpg', 'LYR-Sony-090221_204152.jpg', 'LYR-Sony-090221_204204.jpg', 'LYR-Sony-090221_204215.jpg', 'LYR-Sony-090221_204226.jpg', 'LYR-Sony-090221_204238.jpg', 'LYR-Sony-090221_204249.jpg', 'LYR-Sony-090221_204300.jpg', 'LYR-Sony-090221_204312.jpg', 'LYR-Sony-090221_204323.jpg', 'LYR-Sony-090221_204334.jpg', 'LYR-Sony-090221_204346.jpg', 'LYR-Sony-090221_204357.jpg', 'LYR-Sony-090221_204409.jpg', 'LYR-Sony-090221_204420.jpg', 'LYR-Sony-090221_204432.jpg', 'LYR-Sony-090221_204443.jpg', 'LYR-Sony-090221_204455.jpg', 'LYR-Sony-090221_204506.jpg', 'LYR-Sony-090221_204517.jpg', 'LYR-Sony-090221_204529.jpg', 'LYR-Sony-090221_204540.jpg', 'LYR-Sony-090221_204552.jpg', 'LYR-Sony-090221_204603.jpg', 'LYR-Sony-090221_204614.jpg', 'LYR-Sony-090221_204626.jpg', 'LYR-Sony-090221_204637.jpg', 'LYR-Sony-090221_204649.jpg', 'LYR-Sony-090221_204701.jpg', 'LYR-Sony-090221_204712.jpg', 'LYR-Sony-090221_204723.jpg', 'LYR-Sony-090221_204735.jpg', 'LYR-Sony-090221_204747.jpg', 'LYR-Sony-090221_204758.jpg', 'LYR-Sony-090221_204810.jpg', 'LYR-Sony-090221_204822.jpg', 'LYR-Sony-090221_204833.jpg', 'LYR-Sony-090221_204845.jpg', 'LYR-Sony-090221_204856.jpg', 'LYR-Sony-090221_204907.jpg', 'LYR-Sony-090221_204919.jpg', 'LYR-Sony-090221_204931.jpg', 'LYR-Sony-090221_204942.jpg', 'LYR-Sony-090221_204954.jpg', 'LYR-Sony-090221_205005.jpg', 'LYR-Sony-090221_205017.jpg', 'LYR-Sony-090221_205028.jpg', 'LYR-Sony-090221_205039.jpg', 'LYR-Sony-090221_205051.jpg', 'LYR-Sony-090221_205102.jpg', 'LYR-Sony-090221_205114.jpg', 'LYR-Sony-090221_205126.jpg', 'LYR-Sony-090221_205137.jpg', 'LYR-Sony-090221_205149.jpg', 'LYR-Sony-090221_205201.jpg', 'LYR-Sony-090221_205213.jpg', 'LYR-Sony-090221_205224.jpg', 'LYR-Sony-090221_205236.jpg', 'LYR-Sony-090221_205248.jpg', 'LYR-Sony-090221_205259.jpg', 'LYR-Sony-090221_205311.jpg', 'LYR-Sony-090221_205322.jpg', 'LYR-Sony-090221_205333.jpg', 'LYR-Sony-090221_205345.jpg', 'LYR-Sony-090221_205356.jpg', 'LYR-Sony-090221_205408.jpg', 'LYR-Sony-090221_205419.jpg', 'LYR-Sony-090221_205431.jpg', 'LYR-Sony-090221_205442.jpg', 'LYR-Sony-090221_205453.jpg', 'LYR-Sony-090221_205505.jpg', 'LYR-Sony-090221_205516.jpg', 'LYR-Sony-090221_205528.jpg', 'LYR-Sony-090221_205539.jpg', 'LYR-Sony-090221_205551.jpg', 'LYR-Sony-090221_205602.jpg', 'LYR-Sony-090221_205614.jpg', 'LYR-Sony-090221_205625.jpg', 'LYR-Sony-090221_205637.jpg', 'LYR-Sony-090221_205649.jpg', 'LYR-Sony-090221_205700.jpg', 'LYR-Sony-090221_205712.jpg', 'LYR-Sony-090221_205724.jpg', 'LYR-Sony-090221_205735.jpg', 'LYR-Sony-090221_205747.jpg', 'LYR-Sony-090221_205759.jpg', 'LYR-Sony-090221_205810.jpg', 'LYR-Sony-090221_205822.jpg', 'LYR-Sony-090221_205833.jpg', 'LYR-Sony-090221_205845.jpg', 'LYR-Sony-090221_205856.jpg', 'LYR-Sony-090221_205908.jpg', 'LYR-Sony-090221_205919.jpg', 'LYR-Sony-090221_205931.jpg', 'LYR-Sony-090221_205943.jpg', 'LYR-Sony-090221_205954.jpg', 'LYR-Sony-090221_210006.jpg', 'LYR-Sony-090221_210018.jpg', 'LYR-Sony-090221_210029.jpg', 'LYR-Sony-090221_210040.jpg', 'LYR-Sony-090221_210052.jpg', 'LYR-Sony-090221_210104.jpg', 'LYR-Sony-090221_210115.jpg', 'LYR-Sony-090221_210126.jpg', 'LYR-Sony-090221_210138.jpg', 'LYR-Sony-090221_210149.jpg', 'LYR-Sony-090221_210201.jpg', 'LYR-Sony-090221_210212.jpg', 'LYR-Sony-090221_210224.jpg', 'LYR-Sony-090221_210235.jpg', 'LYR-Sony-090221_210247.jpg', 'LYR-Sony-090221_210258.jpg', 'LYR-Sony-090221_210309.jpg', 'LYR-Sony-090221_210321.jpg', 'LYR-Sony-090221_210332.jpg', 'LYR-Sony-090221_210344.jpg', 'LYR-Sony-090221_210355.jpg', 'LYR-Sony-090221_210407.jpg', 'LYR-Sony-090221_210419.jpg', 'LYR-Sony-090221_210430.jpg', 'LYR-Sony-090221_210442.jpg', 'LYR-Sony-090221_210453.jpg', 'LYR-Sony-090221_210505.jpg', 'LYR-Sony-090221_210517.jpg', 'LYR-Sony-090221_210528.jpg', 'LYR-Sony-090221_210540.jpg', 'LYR-Sony-090221_210552.jpg', 'LYR-Sony-090221_210603.jpg', 'LYR-Sony-090221_210615.jpg', 'LYR-Sony-090221_210626.jpg', 'LYR-Sony-090221_210637.jpg', 'LYR-Sony-090221_210649.jpg', 'LYR-Sony-090221_210701.jpg', 'LYR-Sony-090221_210712.jpg', 'LYR-Sony-090221_210724.jpg', 'LYR-Sony-090221_210735.jpg', 'LYR-Sony-090221_210747.jpg', 'LYR-Sony-090221_210758.jpg', 'LYR-Sony-090221_210810.jpg', 'LYR-Sony-090221_210821.jpg', 'LYR-Sony-090221_210832.jpg', 'LYR-Sony-090221_210843.jpg', 'LYR-Sony-090221_210855.jpg', 'LYR-Sony-090221_210906.jpg', 'LYR-Sony-090221_210918.jpg', 'LYR-Sony-090221_210930.jpg', 'LYR-Sony-090221_210941.jpg', 'LYR-Sony-090221_210953.jpg', 'LYR-Sony-090221_211004.jpg', 'LYR-Sony-090221_211016.jpg', 'LYR-Sony-090221_211027.jpg', 'LYR-Sony-090221_211039.jpg', 'LYR-Sony-090221_211051.jpg', 'LYR-Sony-090221_211102.jpg', 'LYR-Sony-090221_211114.jpg', 'LYR-Sony-090221_211126.jpg', 'LYR-Sony-090221_211137.jpg', 'LYR-Sony-090221_211149.jpg', 'LYR-Sony-090221_211200.jpg', 'LYR-Sony-090221_211212.jpg', 'LYR-Sony-090221_211223.jpg', 'LYR-Sony-090221_211235.jpg', 'LYR-Sony-090221_211246.jpg', 'LYR-Sony-090221_211258.jpg', 'LYR-Sony-090221_211309.jpg', 'LYR-Sony-090221_211320.jpg', 'LYR-Sony-090221_211332.jpg', 'LYR-Sony-090221_211344.jpg', 'LYR-Sony-090221_211355.jpg', 'LYR-Sony-090221_211406.jpg', 'LYR-Sony-090221_211417.jpg', 'LYR-Sony-090221_211429.jpg', 'LYR-Sony-090221_211440.jpg', 'LYR-Sony-090221_211451.jpg', 'LYR-Sony-090221_211503.jpg', 'LYR-Sony-090221_211515.jpg', 'LYR-Sony-090221_211526.jpg', 'LYR-Sony-090221_211538.jpg', 'LYR-Sony-090221_211549.jpg', 'LYR-Sony-090221_211601.jpg', 'LYR-Sony-090221_211613.jpg', 'LYR-Sony-090221_211624.jpg', 'LYR-Sony-090221_211636.jpg', 'LYR-Sony-090221_211647.jpg', 'LYR-Sony-090221_211659.jpg', 'LYR-Sony-090221_211710.jpg', 'LYR-Sony-090221_211721.jpg', 'LYR-Sony-090221_211733.jpg', 'LYR-Sony-090221_211744.jpg', 'LYR-Sony-090221_211756.jpg', 'LYR-Sony-090221_211807.jpg', 'LYR-Sony-090221_211819.jpg', 'LYR-Sony-090221_211830.jpg', 'LYR-Sony-090221_211841.jpg', 'LYR-Sony-090221_211853.jpg', 'LYR-Sony-090221_211905.jpg', 'LYR-Sony-090221_211917.jpg', 'LYR-Sony-090221_211928.jpg', 'LYR-Sony-090221_211940.jpg', 'LYR-Sony-090221_211952.jpg', 'LYR-Sony-090221_212003.jpg', 'LYR-Sony-090221_212015.jpg', 'LYR-Sony-090221_212026.jpg', 'LYR-Sony-090221_212038.jpg', 'LYR-Sony-090221_212049.jpg', 'LYR-Sony-090221_212100.jpg', 'LYR-Sony-090221_212112.jpg', 'LYR-Sony-090221_212123.jpg', 'LYR-Sony-090221_212135.jpg', 'LYR-Sony-090221_212146.jpg', 'LYR-Sony-090221_212157.jpg', 'LYR-Sony-090221_212209.jpg', 'LYR-Sony-090221_212220.jpg', 'LYR-Sony-090221_212232.jpg', 'LYR-Sony-090221_212243.jpg', 'LYR-Sony-090221_212255.jpg', 'LYR-Sony-090221_212307.jpg', 'LYR-Sony-090221_212318.jpg', 'LYR-Sony-090221_212330.jpg', 'LYR-Sony-090221_212341.jpg', 'LYR-Sony-090221_212353.jpg', 'LYR-Sony-090221_212404.jpg', 'LYR-Sony-090221_212415.jpg', 'LYR-Sony-090221_212427.jpg', 'LYR-Sony-090221_212438.jpg', 'LYR-Sony-090221_212450.jpg', 'LYR-Sony-090221_212501.jpg', 'LYR-Sony-090221_212513.jpg', 'LYR-Sony-090221_212524.jpg', 'LYR-Sony-090221_212536.jpg', 'LYR-Sony-090221_212547.jpg', 'LYR-Sony-090221_212559.jpg', 'LYR-Sony-090221_212611.jpg', 'LYR-Sony-090221_212622.jpg', 'LYR-Sony-090221_212634.jpg', 'LYR-Sony-090221_212646.jpg', 'LYR-Sony-090221_212657.jpg', 'LYR-Sony-090221_212709.jpg', 'LYR-Sony-090221_212720.jpg', 'LYR-Sony-090221_212732.jpg', 'LYR-Sony-090221_212743.jpg', 'LYR-Sony-090221_212755.jpg', 'LYR-Sony-090221_212806.jpg', 'LYR-Sony-090221_212818.jpg', 'LYR-Sony-090221_212829.jpg', 'LYR-Sony-090221_212840.jpg', 'LYR-Sony-090221_212852.jpg', 'LYR-Sony-090221_212903.jpg', 'LYR-Sony-090221_212915.jpg', 'LYR-Sony-090221_212926.jpg', 'LYR-Sony-090221_212937.jpg', 'LYR-Sony-090221_212949.jpg', 'LYR-Sony-090221_213000.jpg', 'LYR-Sony-090221_213012.jpg', 'LYR-Sony-090221_213023.jpg', 'LYR-Sony-090221_213034.jpg', 'LYR-Sony-090221_213046.jpg', 'LYR-Sony-090221_213057.jpg', 'LYR-Sony-090221_213109.jpg', 'LYR-Sony-090221_213121.jpg', 'LYR-Sony-090221_213132.jpg', 'LYR-Sony-090221_213144.jpg', 'LYR-Sony-090221_213155.jpg', 'LYR-Sony-090221_213206.jpg', 'LYR-Sony-090221_213218.jpg', 'LYR-Sony-090221_213229.jpg', 'LYR-Sony-090221_213241.jpg', 'LYR-Sony-090221_213253.jpg', 'LYR-Sony-090221_213304.jpg', 'LYR-Sony-090221_213316.jpg', 'LYR-Sony-090221_213327.jpg', 'LYR-Sony-090221_213339.jpg', 'LYR-Sony-090221_213350.jpg', 'LYR-Sony-090221_213402.jpg', 'LYR-Sony-090221_213413.jpg', 'LYR-Sony-090221_213425.jpg', 'LYR-Sony-090221_213436.jpg', 'LYR-Sony-090221_213448.jpg', 'LYR-Sony-090221_213500.jpg', 'LYR-Sony-090221_213511.jpg', 'LYR-Sony-090221_213523.jpg', 'LYR-Sony-090221_213534.jpg', 'LYR-Sony-090221_213546.jpg', 'LYR-Sony-090221_213557.jpg', 'LYR-Sony-090221_213609.jpg', 'LYR-Sony-090221_213621.jpg', 'LYR-Sony-090221_213632.jpg', 'LYR-Sony-090221_213644.jpg', 'LYR-Sony-090221_213655.jpg', 'LYR-Sony-090221_213707.jpg', 'LYR-Sony-090221_213719.jpg', 'LYR-Sony-090221_213731.jpg', 'LYR-Sony-090221_213742.jpg', 'LYR-Sony-090221_213754.jpg', 'LYR-Sony-090221_213805.jpg', 'LYR-Sony-090221_213817.jpg', 'LYR-Sony-090221_213828.jpg', 'LYR-Sony-090221_213839.jpg', 'LYR-Sony-090221_213851.jpg', 'LYR-Sony-090221_213902.jpg', 'LYR-Sony-090221_213913.jpg', 'LYR-Sony-090221_213925.jpg', 'LYR-Sony-090221_213937.jpg', 'LYR-Sony-090221_213948.jpg', 'LYR-Sony-090221_214000.jpg', 'LYR-Sony-090221_214011.jpg', 'LYR-Sony-090221_214023.jpg', 'LYR-Sony-090221_214035.jpg', 'LYR-Sony-090221_214046.jpg', 'LYR-Sony-090221_214058.jpg', 'LYR-Sony-090221_214109.jpg', 'LYR-Sony-090221_214121.jpg', 'LYR-Sony-090221_214133.jpg', 'LYR-Sony-090221_214144.jpg', 'LYR-Sony-090221_214156.jpg', 'LYR-Sony-090221_214207.jpg', 'LYR-Sony-090221_214219.jpg', 'LYR-Sony-090221_214230.jpg', 'LYR-Sony-090221_214242.jpg', 'LYR-Sony-090221_214253.jpg', 'LYR-Sony-090221_214305.jpg', 'LYR-Sony-090221_214316.jpg', 'LYR-Sony-090221_214328.jpg', 'LYR-Sony-090221_214339.jpg', 'LYR-Sony-090221_214351.jpg', 'LYR-Sony-090221_214402.jpg', 'LYR-Sony-090221_214414.jpg', 'LYR-Sony-090221_214425.jpg', 'LYR-Sony-090221_214437.jpg', 'LYR-Sony-090221_214448.jpg', 'LYR-Sony-090221_214500.jpg', 'LYR-Sony-090221_214511.jpg', 'LYR-Sony-090221_214523.jpg', 'LYR-Sony-090221_214534.jpg', 'LYR-Sony-090221_214546.jpg', 'LYR-Sony-090221_214557.jpg', 'LYR-Sony-090221_214609.jpg', 'LYR-Sony-090221_214620.jpg', 'LYR-Sony-090221_214632.jpg', 'LYR-Sony-090221_214644.jpg', 'LYR-Sony-090221_214655.jpg', 'LYR-Sony-090221_214707.jpg', 'LYR-Sony-090221_214718.jpg', 'LYR-Sony-090221_214730.jpg', 'LYR-Sony-090221_214742.jpg', 'LYR-Sony-090221_214753.jpg', 'LYR-Sony-090221_214805.jpg', 'LYR-Sony-090221_214816.jpg', 'LYR-Sony-090221_214828.jpg', 'LYR-Sony-090221_214840.jpg', 'LYR-Sony-090221_214851.jpg', 'LYR-Sony-090221_214902.jpg', 'LYR-Sony-090221_214914.jpg', 'LYR-Sony-090221_214925.jpg', 'LYR-Sony-090221_214937.jpg', 'LYR-Sony-090221_214949.jpg', 'LYR-Sony-090221_215000.jpg', 'LYR-Sony-090221_215012.jpg', 'LYR-Sony-090221_215023.jpg', 'LYR-Sony-090221_215035.jpg', 'LYR-Sony-090221_215046.jpg', 'LYR-Sony-090221_215057.jpg', 'LYR-Sony-090221_215109.jpg', 'LYR-Sony-090221_215120.jpg', 'LYR-Sony-090221_215132.jpg', 'LYR-Sony-090221_215144.jpg', 'LYR-Sony-090221_215155.jpg', 'LYR-Sony-090221_215206.jpg', 'LYR-Sony-090221_215218.jpg', 'LYR-Sony-090221_215230.jpg', 'LYR-Sony-090221_215241.jpg', 'LYR-Sony-090221_215253.jpg', 'LYR-Sony-090221_215305.jpg', 'LYR-Sony-090221_215316.jpg', 'LYR-Sony-090221_215328.jpg', 'LYR-Sony-090221_215339.jpg', 'LYR-Sony-090221_215350.jpg', 'LYR-Sony-090221_215402.jpg', 'LYR-Sony-090221_215413.jpg', 'LYR-Sony-090221_215424.jpg', 'LYR-Sony-090221_215435.jpg', 'LYR-Sony-090221_215447.jpg', 'LYR-Sony-090221_215458.jpg', 'LYR-Sony-090221_215510.jpg', 'LYR-Sony-090221_215521.jpg', 'LYR-Sony-090221_215533.jpg', 'LYR-Sony-090221_215544.jpg', 'LYR-Sony-090221_215556.jpg', 'LYR-Sony-090221_215607.jpg', 'LYR-Sony-090221_215619.jpg', 'LYR-Sony-090221_215630.jpg', 'LYR-Sony-090221_215642.jpg', 'LYR-Sony-090221_215653.jpg', 'LYR-Sony-090221_215705.jpg', 'LYR-Sony-090221_215716.jpg', 'LYR-Sony-090221_215728.jpg', 'LYR-Sony-090221_215739.jpg', 'LYR-Sony-090221_215750.jpg', 'LYR-Sony-090221_215802.jpg', 'LYR-Sony-090221_215813.jpg', 'LYR-Sony-090221_215825.jpg', 'LYR-Sony-090221_215836.jpg', 'LYR-Sony-090221_215848.jpg', 'LYR-Sony-090221_215900.jpg', 'LYR-Sony-090221_215911.jpg', 'LYR-Sony-090221_215922.jpg', 'LYR-Sony-090221_215934.jpg', 'LYR-Sony-090221_215945.jpg', 'LYR-Sony-090221_215956.jpg', 'LYR-Sony-090221_220008.jpg', 'LYR-Sony-090221_220019.jpg', 'LYR-Sony-090221_220030.jpg', 'LYR-Sony-090221_220042.jpg', 'LYR-Sony-090221_220053.jpg', 'LYR-Sony-090221_220104.jpg', 'LYR-Sony-090221_220116.jpg', 'LYR-Sony-090221_220127.jpg', 'LYR-Sony-090221_220138.jpg', 'LYR-Sony-090221_220150.jpg', 'LYR-Sony-090221_220201.jpg', 'LYR-Sony-090221_220213.jpg', 'LYR-Sony-090221_220224.jpg', 'LYR-Sony-090221_220236.jpg', 'LYR-Sony-090221_220247.jpg', 'LYR-Sony-090221_220259.jpg', 'LYR-Sony-090221_220310.jpg', 'LYR-Sony-090221_220322.jpg', 'LYR-Sony-090221_220334.jpg', 'LYR-Sony-090221_220345.jpg', 'LYR-Sony-090221_220357.jpg', 'LYR-Sony-090221_220408.jpg', 'LYR-Sony-090221_220420.jpg', 'LYR-Sony-090221_220432.jpg', 'LYR-Sony-090221_220443.jpg', 'LYR-Sony-090221_220454.jpg', 'LYR-Sony-090221_220505.jpg', 'LYR-Sony-090221_220517.jpg', 'LYR-Sony-090221_220529.jpg', 'LYR-Sony-090221_220540.jpg', 'LYR-Sony-090221_220552.jpg', 'LYR-Sony-090221_220603.jpg', 'LYR-Sony-090221_220615.jpg', 'LYR-Sony-090221_220626.jpg', 'LYR-Sony-090221_220637.jpg', 'LYR-Sony-090221_220649.jpg', 'LYR-Sony-090221_220700.jpg', 'LYR-Sony-090221_220712.jpg', 'LYR-Sony-090221_220723.jpg', 'LYR-Sony-090221_220735.jpg', 'LYR-Sony-090221_220746.jpg', 'LYR-Sony-090221_220758.jpg', 'LYR-Sony-090221_220809.jpg', 'LYR-Sony-090221_220820.jpg', 'LYR-Sony-090221_220832.jpg', 'LYR-Sony-090221_220843.jpg', 'LYR-Sony-090221_220855.jpg', 'LYR-Sony-090221_220906.jpg', 'LYR-Sony-090221_220918.jpg', 'LYR-Sony-090221_220929.jpg', 'LYR-Sony-090221_220941.jpg', 'LYR-Sony-090221_220953.jpg', 'LYR-Sony-090221_221004.jpg', 'LYR-Sony-090221_221016.jpg', 'LYR-Sony-090221_221027.jpg', 'LYR-Sony-090221_221039.jpg', 'LYR-Sony-090221_221051.jpg', 'LYR-Sony-090221_221102.jpg', 'LYR-Sony-090221_221113.jpg', 'LYR-Sony-090221_221125.jpg', 'LYR-Sony-090221_221136.jpg', 'LYR-Sony-090221_221147.jpg', 'LYR-Sony-090221_221158.jpg', 'LYR-Sony-090221_221210.jpg', 'LYR-Sony-090221_221222.jpg', 'LYR-Sony-090221_221233.jpg', 'LYR-Sony-090221_221244.jpg', 'LYR-Sony-090221_221256.jpg', 'LYR-Sony-090221_221307.jpg', 'LYR-Sony-090221_221319.jpg', 'LYR-Sony-090221_221330.jpg', 'LYR-Sony-090221_221342.jpg', 'LYR-Sony-090221_221353.jpg', 'LYR-Sony-090221_221405.jpg', 'LYR-Sony-090221_221417.jpg', 'LYR-Sony-090221_221428.jpg', 'LYR-Sony-090221_221440.jpg', 'LYR-Sony-090221_221451.jpg', 'LYR-Sony-090221_221502.jpg', 'LYR-Sony-090221_221514.jpg', 'LYR-Sony-090221_221526.jpg', 'LYR-Sony-090221_221537.jpg', 'LYR-Sony-090221_221549.jpg', 'LYR-Sony-090221_221601.jpg', 'LYR-Sony-090221_221613.jpg', 'LYR-Sony-090221_221624.jpg', 'LYR-Sony-090221_221636.jpg', 'LYR-Sony-090221_221647.jpg', 'LYR-Sony-090221_221659.jpg', 'LYR-Sony-090221_221710.jpg', 'LYR-Sony-090221_221722.jpg', 'LYR-Sony-090221_221733.jpg', 'LYR-Sony-090221_221745.jpg', 'LYR-Sony-090221_221757.jpg', 'LYR-Sony-090221_221808.jpg', 'LYR-Sony-090221_221819.jpg', 'LYR-Sony-090221_221831.jpg', 'LYR-Sony-090221_221843.jpg', 'LYR-Sony-090221_221854.jpg', 'LYR-Sony-090221_221906.jpg', 'LYR-Sony-090221_221917.jpg', 'LYR-Sony-090221_221929.jpg', 'LYR-Sony-090221_221941.jpg', 'LYR-Sony-090221_221953.jpg', 'LYR-Sony-090221_222004.jpg', 'LYR-Sony-090221_222015.jpg', 'LYR-Sony-090221_222027.jpg', 'LYR-Sony-090221_222038.jpg', 'LYR-Sony-090221_222050.jpg', 'LYR-Sony-090221_222102.jpg', 'LYR-Sony-090221_222113.jpg', 'LYR-Sony-090221_222124.jpg', 'LYR-Sony-090221_222136.jpg', 'LYR-Sony-090221_222147.jpg', 'LYR-Sony-090221_222159.jpg', 'LYR-Sony-090221_222210.jpg', 'LYR-Sony-090221_222222.jpg', 'LYR-Sony-090221_222233.jpg', 'LYR-Sony-090221_222245.jpg', 'LYR-Sony-090221_222256.jpg', 'LYR-Sony-090221_222308.jpg', 'LYR-Sony-090221_222319.jpg', 'LYR-Sony-090221_222331.jpg', 'LYR-Sony-090221_222343.jpg', 'LYR-Sony-090221_222354.jpg', 'LYR-Sony-090221_222406.jpg', 'LYR-Sony-090221_222417.jpg', 'LYR-Sony-090221_222429.jpg', 'LYR-Sony-090221_222440.jpg', 'LYR-Sony-090221_222452.jpg', 'LYR-Sony-090221_222504.jpg', 'LYR-Sony-090221_222515.jpg', 'LYR-Sony-090221_222526.jpg', 'LYR-Sony-090221_222538.jpg', 'LYR-Sony-090221_222549.jpg', 'LYR-Sony-090221_222601.jpg', 'LYR-Sony-090221_222612.jpg', 'LYR-Sony-090221_222624.jpg', 'LYR-Sony-090221_222636.jpg', 'LYR-Sony-090221_222647.jpg', 'LYR-Sony-090221_222659.jpg', 'LYR-Sony-090221_222710.jpg', 'LYR-Sony-090221_222722.jpg', 'LYR-Sony-090221_222733.jpg', 'LYR-Sony-090221_222745.jpg', 'LYR-Sony-090221_222756.jpg', 'LYR-Sony-090221_222808.jpg', 'LYR-Sony-090221_222820.jpg', 'LYR-Sony-090221_222831.jpg', 'LYR-Sony-090221_222843.jpg', 'LYR-Sony-090221_222854.jpg', 'LYR-Sony-090221_222906.jpg', 'LYR-Sony-090221_222917.jpg', 'LYR-Sony-090221_222929.jpg', 'LYR-Sony-090221_222940.jpg', 'LYR-Sony-090221_222952.jpg', 'LYR-Sony-090221_223003.jpg', 'LYR-Sony-090221_223014.jpg', 'LYR-Sony-090221_223026.jpg', 'LYR-Sony-090221_223037.jpg', 'LYR-Sony-090221_223049.jpg', 'LYR-Sony-090221_223100.jpg', 'LYR-Sony-090221_223111.jpg', 'LYR-Sony-090221_223123.jpg', 'LYR-Sony-090221_223134.jpg', 'LYR-Sony-090221_223146.jpg', 'LYR-Sony-090221_223157.jpg', 'LYR-Sony-090221_223209.jpg', 'LYR-Sony-090221_223220.jpg', 'LYR-Sony-090221_223232.jpg', 'LYR-Sony-090221_223243.jpg', 'LYR-Sony-090221_223255.jpg', 'LYR-Sony-090221_223306.jpg', 'LYR-Sony-090221_223318.jpg', 'LYR-Sony-090221_223329.jpg', 'LYR-Sony-090221_223341.jpg', 'LYR-Sony-090221_223352.jpg', 'LYR-Sony-090221_223403.jpg', 'LYR-Sony-090221_223415.jpg', 'LYR-Sony-090221_223427.jpg', 'LYR-Sony-090221_223438.jpg', 'LYR-Sony-090221_223450.jpg', 'LYR-Sony-090221_223501.jpg', 'LYR-Sony-090221_223513.jpg', 'LYR-Sony-090221_223525.jpg', 'LYR-Sony-090221_223536.jpg', 'LYR-Sony-090221_223548.jpg', 'LYR-Sony-090221_223559.jpg', 'LYR-Sony-090221_223611.jpg', 'LYR-Sony-090221_223623.jpg', 'LYR-Sony-090221_223634.jpg', 'LYR-Sony-090221_223646.jpg', 'LYR-Sony-090221_223657.jpg', 'LYR-Sony-090221_223709.jpg', 'LYR-Sony-090221_223720.jpg', 'LYR-Sony-090221_223732.jpg', 'LYR-Sony-090221_223743.jpg', 'LYR-Sony-090221_223754.jpg', 'LYR-Sony-090221_223806.jpg', 'LYR-Sony-090221_223817.jpg', 'LYR-Sony-090221_223829.jpg', 'LYR-Sony-090221_223840.jpg', 'LYR-Sony-090221_223851.jpg', 'LYR-Sony-090221_223903.jpg', 'LYR-Sony-090221_223914.jpg', 'LYR-Sony-090221_223926.jpg', 'LYR-Sony-090221_223937.jpg', 'LYR-Sony-090221_223949.jpg', 'LYR-Sony-090221_224001.jpg', 'LYR-Sony-090221_224012.jpg', 'LYR-Sony-090221_224024.jpg', 'LYR-Sony-090221_224035.jpg', 'LYR-Sony-090221_224047.jpg', 'LYR-Sony-090221_224058.jpg', 'LYR-Sony-090221_224110.jpg', 'LYR-Sony-090221_224121.jpg', 'LYR-Sony-090221_224133.jpg', 'LYR-Sony-090221_224144.jpg', 'LYR-Sony-090221_224156.jpg', 'LYR-Sony-090221_224207.jpg', 'LYR-Sony-090221_224218.jpg', 'LYR-Sony-090221_224230.jpg', 'LYR-Sony-090221_224241.jpg', 'LYR-Sony-090221_224253.jpg', 'LYR-Sony-090221_224305.jpg', 'LYR-Sony-090221_224316.jpg', 'LYR-Sony-090221_224328.jpg', 'LYR-Sony-090221_224339.jpg', 'LYR-Sony-090221_224350.jpg', 'LYR-Sony-090221_224402.jpg', 'LYR-Sony-090221_224414.jpg', 'LYR-Sony-090221_224426.jpg', 'LYR-Sony-090221_224437.jpg', 'LYR-Sony-090221_224449.jpg', 'LYR-Sony-090221_224500.jpg', 'LYR-Sony-090221_224512.jpg', 'LYR-Sony-090221_224523.jpg', 'LYR-Sony-090221_224535.jpg', 'LYR-Sony-090221_224546.jpg', 'LYR-Sony-090221_224557.jpg', 'LYR-Sony-090221_224609.jpg', 'LYR-Sony-090221_224620.jpg', 'LYR-Sony-090221_224632.jpg', 'LYR-Sony-090221_224643.jpg', 'LYR-Sony-090221_224655.jpg', 'LYR-Sony-090221_224706.jpg', 'LYR-Sony-090221_224718.jpg', 'LYR-Sony-090221_224730.jpg', 'LYR-Sony-090221_224741.jpg', 'LYR-Sony-090221_224753.jpg', 'LYR-Sony-090221_224804.jpg', 'LYR-Sony-090221_224816.jpg', 'LYR-Sony-090221_224827.jpg', 'LYR-Sony-090221_224839.jpg', 'LYR-Sony-090221_224850.jpg', 'LYR-Sony-090221_224902.jpg', 'LYR-Sony-090221_224914.jpg', 'LYR-Sony-090221_224925.jpg', 'LYR-Sony-090221_224937.jpg', 'LYR-Sony-090221_224949.jpg', 'LYR-Sony-090221_225000.jpg', 'LYR-Sony-090221_225011.jpg', 'LYR-Sony-090221_225023.jpg', 'LYR-Sony-090221_225034.jpg', 'LYR-Sony-090221_225045.jpg', 'LYR-Sony-090221_225057.jpg', 'LYR-Sony-090221_225109.jpg', 'LYR-Sony-090221_225120.jpg', 'LYR-Sony-090221_225132.jpg', 'LYR-Sony-090221_225144.jpg', 'LYR-Sony-090221_225155.jpg', 'LYR-Sony-090221_225206.jpg', 'LYR-Sony-090221_225217.jpg', 'LYR-Sony-090221_225229.jpg', 'LYR-Sony-090221_225241.jpg', 'LYR-Sony-090221_225252.jpg', 'LYR-Sony-090221_225304.jpg', 'LYR-Sony-090221_225315.jpg', 'LYR-Sony-090221_225327.jpg', 'LYR-Sony-090221_225339.jpg', 'LYR-Sony-090221_225350.jpg', 'LYR-Sony-090221_225402.jpg', 'LYR-Sony-090221_225413.jpg', 'LYR-Sony-090221_225424.jpg', 'LYR-Sony-090221_225436.jpg', 'LYR-Sony-090221_225447.jpg', 'LYR-Sony-090221_225459.jpg', 'LYR-Sony-090221_225510.jpg', 'LYR-Sony-090221_225522.jpg', 'LYR-Sony-090221_225534.jpg', 'LYR-Sony-090221_225545.jpg', 'LYR-Sony-090221_225557.jpg', 'LYR-Sony-090221_225609.jpg', 'LYR-Sony-090221_225620.jpg', 'LYR-Sony-090221_225632.jpg', 'LYR-Sony-090221_225644.jpg', 'LYR-Sony-090221_225655.jpg', 'LYR-Sony-090221_225707.jpg', 'LYR-Sony-090221_225718.jpg', 'LYR-Sony-090221_225730.jpg', 'LYR-Sony-090221_225741.jpg', 'LYR-Sony-090221_225753.jpg', 'LYR-Sony-090221_225804.jpg', 'LYR-Sony-090221_225815.jpg', 'LYR-Sony-090221_225827.jpg', 'LYR-Sony-090221_225838.jpg', 'LYR-Sony-090221_225850.jpg', 'LYR-Sony-090221_225902.jpg', 'LYR-Sony-090221_225913.jpg', 'LYR-Sony-090221_225925.jpg', 'LYR-Sony-090221_225936.jpg', 'LYR-Sony-090221_225948.jpg', 'LYR-Sony-090221_225959.jpg', 'LYR-Sony-090221_230011.jpg', 'LYR-Sony-090221_230022.jpg', 'LYR-Sony-090221_230034.jpg', 'LYR-Sony-090221_230046.jpg', 'LYR-Sony-090221_230058.jpg', 'LYR-Sony-090221_230109.jpg', 'LYR-Sony-090221_230121.jpg', 'LYR-Sony-090221_230132.jpg', 'LYR-Sony-090221_230144.jpg', 'LYR-Sony-090221_230155.jpg', 'LYR-Sony-090221_230207.jpg', 'LYR-Sony-090221_230218.jpg', 'LYR-Sony-090221_230230.jpg', 'LYR-Sony-090221_230242.jpg', 'LYR-Sony-090221_230254.jpg', 'LYR-Sony-090221_230306.jpg', 'LYR-Sony-090221_230317.jpg', 'LYR-Sony-090221_230329.jpg', 'LYR-Sony-090221_230340.jpg', 'LYR-Sony-090221_230352.jpg', 'LYR-Sony-090221_230403.jpg', 'LYR-Sony-090221_230415.jpg', 'LYR-Sony-090221_230427.jpg', 'LYR-Sony-090221_230438.jpg', 'LYR-Sony-090221_230450.jpg', 'LYR-Sony-090221_230501.jpg', 'LYR-Sony-090221_230513.jpg', 'LYR-Sony-090221_230525.jpg', 'LYR-Sony-090221_230536.jpg', 'LYR-Sony-090221_230548.jpg', 'LYR-Sony-090221_230600.jpg', 'LYR-Sony-090221_230612.jpg', 'LYR-Sony-090221_230623.jpg', 'LYR-Sony-090221_230635.jpg', 'LYR-Sony-090221_230646.jpg', 'LYR-Sony-090221_230658.jpg', 'LYR-Sony-090221_230710.jpg', 'LYR-Sony-090221_230721.jpg', 'LYR-Sony-090221_230733.jpg', 'LYR-Sony-090221_230744.jpg', 'LYR-Sony-090221_230756.jpg', 'LYR-Sony-090221_230807.jpg', 'LYR-Sony-090221_230819.jpg', 'LYR-Sony-090221_230831.jpg', 'LYR-Sony-090221_230842.jpg', 'LYR-Sony-090221_230853.jpg', 'LYR-Sony-090221_230905.jpg', 'LYR-Sony-090221_230916.jpg', 'LYR-Sony-090221_230928.jpg', 'LYR-Sony-090221_230939.jpg', 'LYR-Sony-090221_230950.jpg', 'LYR-Sony-090221_231002.jpg', 'LYR-Sony-090221_231014.jpg', 'LYR-Sony-090221_231025.jpg', 'LYR-Sony-090221_231037.jpg', 'LYR-Sony-090221_231048.jpg', 'LYR-Sony-090221_231100.jpg', 'LYR-Sony-090221_231112.jpg', 'LYR-Sony-090221_231123.jpg', 'LYR-Sony-090221_231134.jpg', 'LYR-Sony-090221_231146.jpg', 'LYR-Sony-090221_231157.jpg', 'LYR-Sony-090221_231209.jpg', 'LYR-Sony-090221_231220.jpg', 'LYR-Sony-090221_231232.jpg', 'LYR-Sony-090221_231244.jpg', 'LYR-Sony-090221_231255.jpg', 'LYR-Sony-090221_231306.jpg', 'LYR-Sony-090221_231318.jpg', 'LYR-Sony-090221_231329.jpg', 'LYR-Sony-090221_231341.jpg', 'LYR-Sony-090221_231352.jpg', 'LYR-Sony-090221_231404.jpg', 'LYR-Sony-090221_231415.jpg', 'LYR-Sony-090221_231427.jpg', 'LYR-Sony-090221_231439.jpg', 'LYR-Sony-090221_231450.jpg', 'LYR-Sony-090221_231502.jpg', 'LYR-Sony-090221_231513.jpg', 'LYR-Sony-090221_231525.jpg', 'LYR-Sony-090221_231536.jpg', 'LYR-Sony-090221_231548.jpg', 'LYR-Sony-090221_231559.jpg', 'LYR-Sony-090221_231611.jpg', 'LYR-Sony-090221_231622.jpg', 'LYR-Sony-090221_231634.jpg', 'LYR-Sony-090221_231646.jpg', 'LYR-Sony-090221_231657.jpg', 'LYR-Sony-090221_231709.jpg', 'LYR-Sony-090221_231720.jpg', 'LYR-Sony-090221_231732.jpg', 'LYR-Sony-090221_231743.jpg', 'LYR-Sony-090221_231755.jpg', 'LYR-Sony-090221_231807.jpg', 'LYR-Sony-090221_231818.jpg', 'LYR-Sony-090221_231830.jpg', 'LYR-Sony-090221_231841.jpg', 'LYR-Sony-090221_231853.jpg', 'LYR-Sony-090221_231905.jpg', 'LYR-Sony-090221_231916.jpg', 'LYR-Sony-090221_231928.jpg', 'LYR-Sony-090221_231939.jpg', 'LYR-Sony-090221_231951.jpg', 'LYR-Sony-090221_232002.jpg', 'LYR-Sony-090221_232014.jpg', 'LYR-Sony-090221_232025.jpg', 'LYR-Sony-090221_232037.jpg', 'LYR-Sony-090221_232048.jpg', 'LYR-Sony-090221_232100.jpg', 'LYR-Sony-090221_232111.jpg', 'LYR-Sony-090221_232122.jpg', 'LYR-Sony-090221_232134.jpg', 'LYR-Sony-090221_232145.jpg', 'LYR-Sony-090221_232157.jpg', 'LYR-Sony-090221_232209.jpg', 'LYR-Sony-090221_232220.jpg', 'LYR-Sony-090221_232232.jpg', 'LYR-Sony-090221_232243.jpg', 'LYR-Sony-090221_232255.jpg', 'LYR-Sony-090221_232306.jpg', 'LYR-Sony-090221_232318.jpg', 'LYR-Sony-090221_232329.jpg', 'LYR-Sony-090221_232341.jpg', 'LYR-Sony-090221_232352.jpg', 'LYR-Sony-090221_232404.jpg', 'LYR-Sony-090221_232416.jpg', 'LYR-Sony-090221_232427.jpg', 'LYR-Sony-090221_232438.jpg', 'LYR-Sony-090221_232450.jpg', 'LYR-Sony-090221_232502.jpg', 'LYR-Sony-090221_232513.jpg', 'LYR-Sony-090221_232525.jpg', 'LYR-Sony-090221_232536.jpg', 'LYR-Sony-090221_232548.jpg', 'LYR-Sony-090221_232559.jpg', 'LYR-Sony-090221_232611.jpg', 'LYR-Sony-090221_232623.jpg', 'LYR-Sony-090221_232634.jpg', 'LYR-Sony-090221_232646.jpg', 'LYR-Sony-090221_232657.jpg', 'LYR-Sony-090221_232709.jpg', 'LYR-Sony-090221_232720.jpg', 'LYR-Sony-090221_232732.jpg', 'LYR-Sony-090221_232744.jpg', 'LYR-Sony-090221_232755.jpg', 'LYR-Sony-090221_232807.jpg', 'LYR-Sony-090221_232819.jpg', 'LYR-Sony-090221_232830.jpg', 'LYR-Sony-090221_232842.jpg', 'LYR-Sony-090221_232854.jpg', 'LYR-Sony-090221_232905.jpg', 'LYR-Sony-090221_232917.jpg', 'LYR-Sony-090221_232928.jpg', 'LYR-Sony-090221_232940.jpg', 'LYR-Sony-090221_232951.jpg', 'LYR-Sony-090221_233003.jpg', 'LYR-Sony-090221_233015.jpg', 'LYR-Sony-090221_233026.jpg', 'LYR-Sony-090221_233038.jpg', 'LYR-Sony-090221_233049.jpg', 'LYR-Sony-090221_233100.jpg', 'LYR-Sony-090221_233112.jpg', 'LYR-Sony-090221_233123.jpg', 'LYR-Sony-090221_233135.jpg', 'LYR-Sony-090221_233146.jpg', 'LYR-Sony-090221_233158.jpg', 'LYR-Sony-090221_233210.jpg', 'LYR-Sony-090221_233221.jpg', 'LYR-Sony-090221_233233.jpg', 'LYR-Sony-090221_233244.jpg', 'LYR-Sony-090221_233256.jpg', 'LYR-Sony-090221_233307.jpg', 'LYR-Sony-090221_233319.jpg', 'LYR-Sony-090221_233330.jpg', 'LYR-Sony-090221_233342.jpg', 'LYR-Sony-090221_233353.jpg', 'LYR-Sony-090221_233405.jpg', 'LYR-Sony-090221_233417.jpg', 'LYR-Sony-090221_233428.jpg', 'LYR-Sony-090221_233439.jpg', 'LYR-Sony-090221_233451.jpg', 'LYR-Sony-090221_233503.jpg', 'LYR-Sony-090221_233515.jpg', 'LYR-Sony-090221_233526.jpg', 'LYR-Sony-090221_233538.jpg', 'LYR-Sony-090221_233549.jpg', 'LYR-Sony-090221_233601.jpg', 'LYR-Sony-090221_233612.jpg', 'LYR-Sony-090221_233624.jpg', 'LYR-Sony-090221_233635.jpg', 'LYR-Sony-090221_233647.jpg', 'LYR-Sony-090221_233658.jpg', 'LYR-Sony-090221_233710.jpg', 'LYR-Sony-090221_233721.jpg', 'LYR-Sony-090221_233733.jpg', 'LYR-Sony-090221_233744.jpg', 'LYR-Sony-090221_233756.jpg', 'LYR-Sony-090221_233808.jpg', 'LYR-Sony-090221_233819.jpg', 'LYR-Sony-090221_233830.jpg', 'LYR-Sony-090221_233842.jpg', 'LYR-Sony-090221_233853.jpg', 'LYR-Sony-090221_233905.jpg', 'LYR-Sony-090221_233916.jpg', 'LYR-Sony-090221_233928.jpg', 'LYR-Sony-090221_233940.jpg', 'LYR-Sony-090221_233951.jpg', 'LYR-Sony-090221_234003.jpg', 'LYR-Sony-090221_234014.jpg', 'LYR-Sony-090221_234026.jpg', 'LYR-Sony-090221_234037.jpg', 'LYR-Sony-090221_234049.jpg', 'LYR-Sony-090221_234100.jpg', 'LYR-Sony-090221_234111.jpg', 'LYR-Sony-090221_234123.jpg', 'LYR-Sony-090221_234134.jpg', 'LYR-Sony-090221_234146.jpg', 'LYR-Sony-090221_234158.jpg', 'LYR-Sony-090221_234209.jpg', 'LYR-Sony-090221_234221.jpg', 'LYR-Sony-090221_234232.jpg', 'LYR-Sony-090221_234244.jpg', 'LYR-Sony-090221_234256.jpg', 'LYR-Sony-090221_234307.jpg', 'LYR-Sony-090221_234319.jpg', 'LYR-Sony-090221_234331.jpg', 'LYR-Sony-090221_234342.jpg', 'LYR-Sony-090221_234354.jpg', 'LYR-Sony-090221_234405.jpg', 'LYR-Sony-090221_234417.jpg', 'LYR-Sony-090221_234429.jpg', 'LYR-Sony-090221_234440.jpg', 'LYR-Sony-090221_234452.jpg', 'LYR-Sony-090221_234503.jpg', 'LYR-Sony-090221_234514.jpg', 'LYR-Sony-090221_234526.jpg', 'LYR-Sony-090221_234537.jpg', 'LYR-Sony-090221_234549.jpg', 'LYR-Sony-090221_234601.jpg', 'LYR-Sony-090221_234612.jpg', 'LYR-Sony-090221_234623.jpg', 'LYR-Sony-090221_234635.jpg', 'LYR-Sony-090221_234646.jpg', 'LYR-Sony-090221_234658.jpg', 'LYR-Sony-090221_234709.jpg', 'LYR-Sony-090221_234721.jpg', 'LYR-Sony-090221_234733.jpg', 'LYR-Sony-090221_234744.jpg', 'LYR-Sony-090221_234756.jpg', 'LYR-Sony-090221_234807.jpg', 'LYR-Sony-090221_234818.jpg', 'LYR-Sony-090221_234830.jpg', 'LYR-Sony-090221_234842.jpg', 'LYR-Sony-090221_234853.jpg', 'LYR-Sony-090221_234905.jpg', 'LYR-Sony-090221_234916.jpg', 'LYR-Sony-090221_234928.jpg', 'LYR-Sony-090221_234939.jpg', 'LYR-Sony-090221_234951.jpg', 'LYR-Sony-090221_235003.jpg', 'LYR-Sony-090221_235015.jpg', 'LYR-Sony-090221_235026.jpg', 'LYR-Sony-090221_235037.jpg', 'LYR-Sony-090221_235049.jpg', 'LYR-Sony-090221_235100.jpg', 'LYR-Sony-090221_235112.jpg', 'LYR-Sony-090221_235124.jpg', 'LYR-Sony-090221_235135.jpg', 'LYR-Sony-090221_235146.jpg', 'LYR-Sony-090221_235158.jpg', 'LYR-Sony-090221_235209.jpg', 'LYR-Sony-090221_235221.jpg', 'LYR-Sony-090221_235232.jpg', 'LYR-Sony-090221_235244.jpg', 'LYR-Sony-090221_235256.jpg', 'LYR-Sony-090221_235307.jpg', 'LYR-Sony-090221_235319.jpg', 'LYR-Sony-090221_235330.jpg', 'LYR-Sony-090221_235342.jpg', 'LYR-Sony-090221_235353.jpg', 'LYR-Sony-090221_235405.jpg', 'LYR-Sony-090221_235416.jpg', 'LYR-Sony-090221_235428.jpg', 'LYR-Sony-090221_235439.jpg', 'LYR-Sony-090221_235451.jpg', 'LYR-Sony-090221_235502.jpg', 'LYR-Sony-090221_235514.jpg', 'LYR-Sony-090221_235526.jpg', 'LYR-Sony-090221_235537.jpg', 'LYR-Sony-090221_235549.jpg', 'LYR-Sony-090221_235600.jpg', 'LYR-Sony-090221_235612.jpg', 'LYR-Sony-090221_235623.jpg', 'LYR-Sony-090221_235635.jpg', 'LYR-Sony-090221_235647.jpg', 'LYR-Sony-090221_235658.jpg', 'LYR-Sony-090221_235710.jpg', 'LYR-Sony-090221_235721.jpg', 'LYR-Sony-090221_235733.jpg', 'LYR-Sony-090221_235745.jpg', 'LYR-Sony-090221_235756.jpg', 'LYR-Sony-090221_235807.jpg', 'LYR-Sony-090221_235819.jpg', 'LYR-Sony-090221_235830.jpg', 'LYR-Sony-090221_235842.jpg', 'LYR-Sony-090221_235853.jpg', 'LYR-Sony-090221_235905.jpg', 'LYR-Sony-090221_235916.jpg', 'LYR-Sony-090221_235928.jpg', 'LYR-Sony-090221_235940.jpg', 'LYR-Sony-090221_235951.jpg']"
2021-12-15,08:20,09:30,09:16:02,,"fat one with FROGS, sunlit aurora, pink skies",Tim,,True,True,424,\\birkeland.unis.no\KHO\MISS-1\2021\12\15,\\birkeland.unis.no\KHO\Sony\2021\12\15\Images,71,353,"MISS-20211215-082000.pgm, MISS-20211215-082100.pgm, MISS-20211215-082200.pgm ... (424 total)",range: 08:20:00 - 09:30:00,"['MISS-20211215-082000.pgm', 'MISS-20211215-082100.pgm', 'MISS-20211215-082200.pgm', 'MISS-20211215-082300.pgm', 'MISS-20211215-082400.pgm', 'MISS-20211215-082500.pgm', 'MISS-20211215-082600.pgm', 'MISS-20211215-082700.pgm', 'MISS-20211215-082800.pgm', 'MISS-20211215-082900.pgm', 'MISS-20211215-083000.pgm', 'MISS-20211215-083100.pgm', 'MISS-20211215-083200.pgm', 'MISS-20211215-083300.pgm', 'MISS-20211215-083400.pgm', 'MISS-20211215-083500.pgm', 'MISS-20211215-083600.pgm', 'MISS-20211215-083700.pgm', 'MISS-20211215-083800.pgm', 'MISS-20211215-083900.pgm', 'MISS-20211215-084000.pgm', 'MISS-20211215-084100.pgm', 'MISS-20211215-084200.pgm', 'MISS-20211215-084300.pgm', 'MISS-20211215-084400.pgm', 'MISS-20211215-084500.pgm', 'MISS-20211215-084600.pgm', 'MISS-20211215-084700.pgm', 'MISS-20211215-084800.pgm', 'MISS-20211215-084900.pgm', 'MISS-20211215-085000.pgm', 'MISS-20211215-085100.pgm', 'MISS-20211215-085200.pgm', 'MISS-20211215-085300.pgm', 'MISS-20211215-085400.pgm', 'MISS-20211215-085500.pgm', 'MISS-20211215-085600.pgm', 'MISS-20211215-085700.pgm', 'MISS-20211215-085800.pgm', 'MISS-20211215-085900.pgm', 'MISS-20211215-090000.pgm', 'MISS-20211215-090100.pgm', 'MISS-20211215-090200.pgm', 'MISS-20211215-090300.pgm', 'MISS-20211215-090400.pgm', 'MISS-20211215-090500.pgm', 'MISS-20211215-090600.pgm', 'MISS-20211215-090700.pgm', 'MISS-20211215-090800.pgm', 'MISS-20211215-090900.pgm', 'MISS-20211215-091000.pgm', 'MISS-20211215-091100.pgm', 'MISS-20211215-091200.pgm', 'MISS-20211215-091300.pgm', 'MISS-20211215-091400.pgm', 'MISS-20211215-091500.pgm', 'MISS-20211215-091600.pgm', 'MISS-20211215-091700.pgm', 'MISS-20211215-091800.pgm', 'MISS-20211215-091900.pgm', 'MISS-20211215-092000.pgm', 'MISS-20211215-092100.pgm', 'MISS-20211215-092200.pgm', 'MISS-20211215-092300.pgm', 'MISS-20211215-092400.pgm', 'MISS-20211215-092500.pgm', 'MISS-20211215-092600.pgm', 'MISS-20211215-092700.pgm', 'MISS-20211215-092800.pgm', 'MISS-20211215-092900.pgm', 'MISS-20211215-093000.pgm']","['LYR-Sony-151221_082002.jpg', 'LYR-Sony-151221_082013.jpg', 'LYR-Sony-151221_082025.jpg', 'LYR-Sony-151221_082036.jpg', 'LYR-Sony-151221_082048.jpg', 'LYR-Sony-151221_082100.jpg', 'LYR-Sony-151221_082111.jpg', 'LYR-Sony-151221_082123.jpg', 'LYR-Sony-151221_082134.jpg', 'LYR-Sony-151221_082146.jpg', 'LYR-Sony-151221_082158.jpg', 'LYR-Sony-151221_082210.jpg', 'LYR-Sony-151221_082221.jpg', 'LYR-Sony-151221_082233.jpg', 'LYR-Sony-151221_082245.jpg', 'LYR-Sony-151221_082257.jpg', 'LYR-Sony-151221_082308.jpg', 'LYR-Sony-151221_082320.jpg', 'LYR-Sony-151221_082332.jpg', 'LYR-Sony-151221_082344.jpg', 'LYR-Sony-151221_082356.jpg', 'LYR-Sony-151221_082408.jpg', 'LYR-Sony-151221_082419.jpg', 'LYR-Sony-151221_082431.jpg', 'LYR-Sony-151221_082443.jpg', 'LYR-Sony-151221_082455.jpg', 'LYR-Sony-151221_082507.jpg', 'LYR-Sony-151221_082519.jpg', 'LYR-Sony-151221_082530.jpg', 'LYR-Sony-151221_082542.jpg', 'LYR-Sony-151221_082554.jpg', 'LYR-Sony-151221_082606.jpg', 'LYR-Sony-151221_082618.jpg', 'LYR-Sony-151221_082716.jpg', 'LYR-Sony-151221_082728.jpg', 'LYR-Sony-151221_082740.jpg', 'LYR-Sony-151221_082752.jpg', 'LYR-Sony-151221_082804.jpg', 'LYR-Sony-151221_082815.jpg', 'LYR-Sony-151221_082827.jpg', 'LYR-Sony-151221_082839.jpg', 'LYR-Sony-151221_082850.jpg', 'LYR-Sony-151221_082902.jpg', 'LYR-Sony-151221_082914.jpg', 'LYR-Sony-151221_082926.jpg', 'LYR-Sony-151221_082938.jpg', 'LYR-Sony-151221_082950.jpg', 'LYR-Sony-151221_083002.jpg', 'LYR-Sony-151221_083014.jpg', 'LYR-Sony-151221_083025.jpg', 'LYR-Sony-151221_083037.jpg', 'LYR-Sony-151221_083049.jpg', 'LYR-Sony-151221_083101.jpg', 'LYR-Sony-151221_083112.jpg', 'LYR-Sony-151221_083124.jpg', 'LYR-Sony-151221_083136.jpg', 'LYR-Sony-151221_083148.jpg', 'LYR-Sony-151221_083200.jpg', 'LYR-Sony-151221_083211.jpg', 'LYR-Sony-151221_083223.jpg', 'LYR-Sony-151221_083235.jpg', 'LYR-Sony-151221_083246.jpg', 'LYR-Sony-151221_083258.jpg', 'LYR-Sony-151221_083310.jpg', 'LYR-Sony-151221_083321.jpg', 'LYR-Sony-151221_083333.jpg', 'LYR-Sony-151221_083345.jpg', 'LYR-Sony-151221_083357.jpg', 'LYR-Sony-151221_083408.jpg', 'LYR-Sony-151221_083420.jpg', 'LYR-Sony-151221_083432.jpg', 'LYR-Sony-151221_083443.jpg', 'LYR-Sony-151221_083455.jpg', 'LYR-Sony-151221_083507.jpg', 'LYR-Sony-151221_083519.jpg', 'LYR-Sony-151221_083531.jpg', 'LYR-Sony-151221_083542.jpg', 'LYR-Sony-151221_083554.jpg', 'LYR-Sony-151221_083606.jpg', 'LYR-Sony-151221_083618.jpg', 'LYR-Sony-151221_083629.jpg', 'LYR-Sony-151221_083641.jpg', 'LYR-Sony-151221_083652.jpg', 'LYR-Sony-151221_083704.jpg', 'LYR-Sony-151221_083716.jpg', 'LYR-Sony-151221_083728.jpg', 'LYR-Sony-151221_083740.jpg', 'LYR-Sony-151221_083752.jpg', 'LYR-Sony-151221_083803.jpg', 'LYR-Sony-151221_083815.jpg', 'LYR-Sony-151221_083827.jpg', 'LYR-Sony-151221_083838.jpg', 'LYR-Sony-151221_083850.jpg', 'LYR-Sony-151221_083902.jpg', 'LYR-Sony-151221_083913.jpg', 'LYR-Sony-151221_083925.jpg', 'LYR-Sony-151221_083936.jpg', 'LYR-Sony-151221_083948.jpg', 'LYR-Sony-151221_084000.jpg', 'LYR-Sony-151221_084012.jpg', 'LYR-Sony-151221_084023.jpg', 'LYR-Sony-151221_084035.jpg', 'LYR-Sony-151221_084047.jpg', 'LYR-Sony-151221_084059.jpg', 'LYR-Sony-151221_084110.jpg', 'LYR-Sony-151221_084122.jpg', 'LYR-Sony-151221_084133.jpg', 'LYR-Sony-151221_084145.jpg', 'LYR-Sony-151221_084157.jpg', 'LYR-Sony-151221_084209.jpg', 'LYR-Sony-151221_084221.jpg', 'LYR-Sony-151221_084232.jpg', 'LYR-Sony-151221_084244.jpg', 'LYR-Sony-151221_084256.jpg', 'LYR-Sony-151221_084308.jpg', 'LYR-Sony-151221_084319.jpg', 'LYR-Sony-151221_084331.jpg', 'LYR-Sony-151221_084343.jpg', 'LYR-Sony-151221_084355.jpg', 'LYR-Sony-151221_084407.jpg', 'LYR-Sony-151221_084418.jpg', 'LYR-Sony-151221_084430.jpg', 'LYR-Sony-151221_084442.jpg', 'LYR-Sony-151221_084453.jpg', 'LYR-Sony-151221_084505.jpg', 'LYR-Sony-151221_084517.jpg', 'LYR-Sony-151221_084528.jpg', 'LYR-Sony-151221_084540.jpg', 'LYR-Sony-151221_084552.jpg', 'LYR-Sony-151221_084604.jpg', 'LYR-Sony-151221_084616.jpg', 'LYR-Sony-151221_084627.jpg', 'LYR-Sony-151221_084639.jpg', 'LYR-Sony-151221_084651.jpg', 'LYR-Sony-151221_084703.jpg', 'LYR-Sony-151221_084715.jpg', 'LYR-Sony-151221_084726.jpg', 'LYR-Sony-151221_084738.jpg', 'LYR-Sony-151221_084750.jpg', 'LYR-Sony-151221_084802.jpg', 'LYR-Sony-151221_084813.jpg', 'LYR-Sony-151221_084825.jpg', 'LYR-Sony-151221_084837.jpg', 'LYR-Sony-151221_084849.jpg', 'LYR-Sony-151221_084901.jpg', 'LYR-Sony-151221_084912.jpg', 'LYR-Sony-151221_084924.jpg', 'LYR-Sony-151221_084936.jpg', 'LYR-Sony-151221_084948.jpg', 'LYR-Sony-151221_084959.jpg', 'LYR-Sony-151221_085011.jpg', 'LYR-Sony-151221_085023.jpg', 'LYR-Sony-151221_085035.jpg', 'LYR-Sony-151221_085046.jpg', 'LYR-Sony-151221_085058.jpg', 'LYR-Sony-151221_085110.jpg', 'LYR-Sony-151221_085122.jpg', 'LYR-Sony-151221_085134.jpg', 'LYR-Sony-151221_085145.jpg', 'LYR-Sony-151221_085157.jpg', 'LYR-Sony-151221_085209.jpg', 'LYR-Sony-151221_085221.jpg', 'LYR-Sony-151221_085233.jpg', 'LYR-Sony-151221_085245.jpg', 'LYR-Sony-151221_085257.jpg', 'LYR-Sony-151221_085309.jpg', 'LYR-Sony-151221_085321.jpg', 'LYR-Sony-151221_085332.jpg', 'LYR-Sony-151221_085344.jpg', 'LYR-Sony-151221_085356.jpg', 'LYR-Sony-151221_085408.jpg', 'LYR-Sony-151221_085420.jpg', 'LYR-Sony-151221_085431.jpg', 'LYR-Sony-151221_085444.jpg', 'LYR-Sony-151221_085455.jpg', 'LYR-Sony-151221_085507.jpg', 'LYR-Sony-151221_085519.jpg', 'LYR-Sony-151221_085531.jpg', 'LYR-Sony-151221_085543.jpg', 'LYR-Sony-151221_085555.jpg', 'LYR-Sony-151221_085607.jpg', 'LYR-Sony-151221_085618.jpg', 'LYR-Sony-151221_085630.jpg', 'LYR-Sony-151221_085642.jpg', 'LYR-Sony-151221_085654.jpg', 'LYR-Sony-151221_085706.jpg', 'LYR-Sony-151221_085718.jpg', 'LYR-Sony-151221_085729.jpg', 'LYR-Sony-151221_085741.jpg', 'LYR-Sony-151221_085753.jpg', 'LYR-Sony-151221_085804.jpg', 'LYR-Sony-151221_085816.jpg', 'LYR-Sony-151221_085828.jpg', 'LYR-Sony-151221_085840.jpg', 'LYR-Sony-151221_085852.jpg', 'LYR-Sony-151221_085904.jpg', 'LYR-Sony-151221_085916.jpg', 'LYR-Sony-151221_085928.jpg', 'LYR-Sony-151221_085940.jpg', 'LYR-Sony-151221_085951.jpg', 'LYR-Sony-151221_090003.jpg', 'LYR-Sony-151221_090015.jpg', 'LYR-Sony-151221_090027.jpg', 'LYR-Sony-151221_090039.jpg', 'LYR-Sony-151221_090051.jpg', 'LYR-Sony-151221_090103.jpg', 'LYR-Sony-151221_090114.jpg', 'LYR-Sony-151221_090126.jpg', 'LYR-Sony-151221_090138.jpg', 'LYR-Sony-151221_090150.jpg', 'LYR-Sony-151221_090202.jpg', 'LYR-Sony-151221_090214.jpg', 'LYR-Sony-151221_090225.jpg', 'LYR-Sony-151221_090237.jpg', 'LYR-Sony-151221_090249.jpg', 'LYR-Sony-151221_090300.jpg', 'LYR-Sony-151221_090312.jpg', 'LYR-Sony-151221_090324.jpg', 'LYR-Sony-151221_090336.jpg', 'LYR-Sony-151221_090348.jpg', 'LYR-Sony-151221_090359.jpg', 'LYR-Sony-151221_090411.jpg', 'LYR-Sony-151221_090423.jpg', 'LYR-Sony-151221_090435.jpg', 'LYR-Sony-151221_090447.jpg', 'LYR-Sony-151221_090459.jpg', 'LYR-Sony-151221_090511.jpg', 'LYR-Sony-151221_090522.jpg', 'LYR-Sony-151221_090534.jpg', 'LYR-Sony-151221_090546.jpg', 'LYR-Sony-151221_090558.jpg', 'LYR-Sony-151221_090610.jpg', 'LYR-Sony-151221_090622.jpg', 'LYR-Sony-151221_090634.jpg', 'LYR-Sony-151221_090645.jpg', 'LYR-Sony-151221_090657.jpg', 'LYR-Sony-151221_090709.jpg', 'LYR-Sony-151221_090721.jpg', 'LYR-Sony-151221_090732.jpg', 'LYR-Sony-151221_090744.jpg', 'LYR-Sony-151221_090756.jpg', 'LYR-Sony-151221_090808.jpg', 'LYR-Sony-151221_090819.jpg', 'LYR-Sony-151221_090831.jpg', 'LYR-Sony-151221_090843.jpg', 'LYR-Sony-151221_090855.jpg', 'LYR-Sony-151221_090906.jpg', 'LYR-Sony-151221_090918.jpg', 'LYR-Sony-151221_090930.jpg', 'LYR-Sony-151221_090942.jpg', 'LYR-Sony-151221_090954.jpg', 'LYR-Sony-151221_091006.jpg', 'LYR-Sony-151221_091018.jpg', 'LYR-Sony-151221_091030.jpg', 'LYR-Sony-151221_091042.jpg', 'LYR-Sony-151221_091054.jpg', 'LYR-Sony-151221_091105.jpg', 'LYR-Sony-151221_091117.jpg', 'LYR-Sony-151221_091129.jpg', 'LYR-Sony-151221_091141.jpg', 'LYR-Sony-151221_091152.jpg', 'LYR-Sony-151221_091204.jpg', 'LYR-Sony-151221_091216.jpg', 'LYR-Sony-151221_091228.jpg', 'LYR-Sony-151221_091240.jpg', 'LYR-Sony-151221_091252.jpg', 'LYR-Sony-151221_091304.jpg', 'LYR-Sony-151221_091315.jpg', 'LYR-Sony-151221_091327.jpg', 'LYR-Sony-151221_091339.jpg', 'LYR-Sony-151221_091352.jpg', 'LYR-Sony-151221_091403.jpg', 'LYR-Sony-151221_091415.jpg', 'LYR-Sony-151221_091427.jpg', 'LYR-Sony-151221_091438.jpg', 'LYR-Sony-151221_091450.jpg', 'LYR-Sony-151221_091502.jpg', 'LYR-Sony-151221_091514.jpg', 'LYR-Sony-151221_091526.jpg', 'LYR-Sony-151221_091538.jpg', 'LYR-Sony-151221_091550.jpg', 'LYR-Sony-151221_091602.jpg', 'LYR-Sony-151221_091614.jpg', 'LYR-Sony-151221_091626.jpg', 'LYR-Sony-151221_091637.jpg', 'LYR-Sony-151221_091649.jpg', 'LYR-Sony-151221_091701.jpg', 'LYR-Sony-151221_091712.jpg', 'LYR-Sony-151221_091724.jpg', 'LYR-Sony-151221_091736.jpg', 'LYR-Sony-151221_091748.jpg', 'LYR-Sony-151221_091759.jpg', 'LYR-Sony-151221_091811.jpg', 'LYR-Sony-151221_091823.jpg', 'LYR-Sony-151221_091834.jpg', 'LYR-Sony-151221_091846.jpg', 'LYR-Sony-151221_091858.jpg', 'LYR-Sony-151221_091909.jpg', 'LYR-Sony-151221_091921.jpg', 'LYR-Sony-151221_091933.jpg', 'LYR-Sony-151221_091944.jpg', 'LYR-Sony-151221_091956.jpg', 'LYR-Sony-151221_092008.jpg', 'LYR-Sony-151221_092019.jpg', 'LYR-Sony-151221_092031.jpg', 'LYR-Sony-151221_092043.jpg', 'LYR-Sony-151221_092054.jpg', 'LYR-Sony-151221_092106.jpg', 'LYR-Sony-151221_092118.jpg', 'LYR-Sony-151221_092129.jpg', 'LYR-Sony-151221_092141.jpg', 'LYR-Sony-151221_092153.jpg', 'LYR-Sony-151221_092205.jpg', 'LYR-Sony-151221_092217.jpg', 'LYR-Sony-151221_092229.jpg', 'LYR-Sony-151221_092240.jpg', 'LYR-Sony-151221_092252.jpg', 'LYR-Sony-151221_092304.jpg', 'LYR-Sony-151221_092316.jpg', 'LYR-Sony-151221_092327.jpg', 'LYR-Sony-151221_092339.jpg', 'LYR-Sony-151221_092351.jpg', 'LYR-Sony-151221_092402.jpg', 'LYR-Sony-151221_092414.jpg', 'LYR-Sony-151221_092426.jpg', 'LYR-Sony-151221_092437.jpg', 'LYR-Sony-151221_092449.jpg', 'LYR-Sony-151221_092501.jpg', 'LYR-Sony-151221_092512.jpg', 'LYR-Sony-151221_092525.jpg', 'LYR-Sony-151221_092536.jpg', 'LYR-Sony-151221_092548.jpg', 'LYR-Sony-151221_092559.jpg', 'LYR-Sony-151221_092611.jpg', 'LYR-Sony-151221_092623.jpg', 'LYR-Sony-151221_092634.jpg', 'LYR-Sony-151221_092646.jpg', 'LYR-Sony-151221_092658.jpg', 'LYR-Sony-151221_092710.jpg', 'LYR-Sony-151221_092721.jpg', 'LYR-Sony-151221_092733.jpg', 'LYR-Sony-151221_092745.jpg', 'LYR-Sony-151221_092757.jpg', 'LYR-Sony-151221_092808.jpg', 'LYR-Sony-151221_092820.jpg', 'LYR-Sony-151221_092831.jpg', 'LYR-Sony-151221_092843.jpg', 'LYR-Sony-151221_092855.jpg', 'LYR-Sony-151221_092907.jpg', 'LYR-Sony-151221_092919.jpg', 'LYR-Sony-151221_092931.jpg', 'LYR-Sony-151221_092943.jpg', 'LYR-Sony-151221_092954.jpg']"
2021-12-23,?,?,?,00:13:27,,Noora,?,True,True,12,\\birkeland.unis.no\KHO\MISS-1\2021\12\23,\\birkeland.unis.no\KHO\Sony\2021\12\23\Images,2,10,"MISS-20211223-001300.pgm, MISS-20211223-001400.pgm, LYR-Sony-231221_001227.jpg ... (12 total)",spectrum time: 00:13:27 (±1 min),"['MISS-20211223-001300.pgm', 'MISS-20211223-001400.pgm']","['LYR-Sony-231221_001227.jpg', 'LYR-Sony-231221_001238.jpg', 'LYR-Sony-231221_001251.jpg', 'LYR-Sony-231221_001303.jpg', 'LYR-Sony-231221_001315.jpg', 'LYR-Sony-231221_001327.jpg', 'LYR-Sony-231221_001339.jpg', 'LYR-Sony-231221_001351.jpg', 'LYR-Sony-231221_001403.jpg', 'LYR-Sony-231221_001416.jpg']"
2021-12-30,09:12:00,09:33:00,"Yes, HiTIES",,"patchy proton aurora, visible GHOST off the meridian",Rowan,both,True,True,128,\\birkeland.unis.no\KHO\MISS-1\2021\12\30,\\birkeland.unis.no\KHO\Sony\2021\12\30\Images,22,106,"MISS-20211230-091200.pgm, MISS-20211230-091300.pgm, MISS-20211230-091400.pgm ... (128 total)",range: 09:12:00 - 09:33:00,"['MISS-20211230-091200.pgm', 'MISS-20211230-091300.pgm', 'MISS-20211230-091400.pgm', 'MISS-20211230-091500.pgm', 'MISS-20211230-091600.pgm', 'MISS-20211230-091700.pgm', 'MISS-20211230-091800.pgm', 'MISS-20211230-091900.pgm', 'MISS-20211230-092000.pgm', 'MISS-20211230-092100.pgm', 'MISS-20211230-092200.pgm', 'MISS-20211230-092300.pgm', 'MISS-20211230-092400.pgm', 'MISS-20211230-092500.pgm', 'MISS-20211230-092600.pgm', 'MISS-20211230-092700.pgm', 'MISS-20211230-092800.pgm', 'MISS-20211230-092900.pgm', 'MISS-20211230-093000.pgm', 'MISS-20211230-093100.pgm', 'MISS-20211230-093200.pgm', 'MISS-20211230-093300.pgm']","['LYR-Sony-301221_091208.jpg', 'LYR-Sony-301221_091220.jpg', 'LYR-Sony-301221_091232.jpg', 'LYR-Sony-301221_091244.jpg', 'LYR-Sony-301221_091256.jpg', 'LYR-Sony-301221_091308.jpg', 'LYR-Sony-301221_091320.jpg', 'LYR-Sony-301221_091331.jpg', 'LYR-Sony-301221_091343.jpg', 'LYR-Sony-301221_091355.jpg', 'LYR-Sony-301221_091407.jpg', 'LYR-Sony-301221_091419.jpg', 'LYR-Sony-301221_091431.jpg', 'LYR-Sony-301221_091443.jpg', 'LYR-Sony-301221_091454.jpg', 'LYR-Sony-301221_091506.jpg', 'LYR-Sony-301221_091518.jpg', 'LYR-Sony-301221_091530.jpg', 'LYR-Sony-301221_091541.jpg', 'LYR-Sony-301221_091553.jpg', 'LYR-Sony-301221_091605.jpg', 'LYR-Sony-301221_091617.jpg', 'LYR-Sony-301221_091629.jpg', 'LYR-Sony-301221_091641.jpg', 'LYR-Sony-301221_091653.jpg', 'LYR-Sony-301221_091705.jpg', 'LYR-Sony-301221_091717.jpg', 'LYR-Sony-301221_091729.jpg', 'LYR-Sony-301221_091741.jpg', 'LYR-Sony-301221_091752.jpg', 'LYR-Sony-301221_091804.jpg', 'LYR-Sony-301221_091816.jpg', 'LYR-Sony-301221_091828.jpg', 'LYR-Sony-301221_091840.jpg', 'LYR-Sony-301221_091852.jpg', 'LYR-Sony-301221_091904.jpg', 'LYR-Sony-301221_091916.jpg', 'LYR-Sony-301221_091928.jpg', 'LYR-Sony-301221_091939.jpg', 'LYR-Sony-301221_091951.jpg', 'LYR-Sony-301221_092003.jpg', 'LYR-Sony-301221_092015.jpg', 'LYR-Sony-301221_092027.jpg', 'LYR-Sony-301221_092039.jpg', 'LYR-Sony-301221_092051.jpg', 'LYR-Sony-301221_092103.jpg', 'LYR-Sony-301221_092115.jpg', 'LYR-Sony-301221_092127.jpg', 'LYR-Sony-301221_092139.jpg', 'LYR-Sony-301221_092151.jpg', 'LYR-Sony-301221_092203.jpg', 'LYR-Sony-301221_092215.jpg', 'LYR-Sony-301221_092226.jpg', 'LYR-Sony-301221_092238.jpg', 'LYR-Sony-301221_092250.jpg', 'LYR-Sony-301221_092302.jpg', 'LYR-Sony-301221_092314.jpg', 'LYR-Sony-301221_092326.jpg', 'LYR-Sony-301221_092338.jpg', 'LYR-Sony-301221_092349.jpg', 'LYR-Sony-301221_092401.jpg', 'LYR-Sony-301221_092413.jpg', 'LYR-Sony-301221_092425.jpg', 'LYR-Sony-301221_092437.jpg', 'LYR-Sony-301221_092449.jpg', 'LYR-Sony-301221_092501.jpg', 'LYR-Sony-301221_092513.jpg', 'LYR-Sony-301221_092525.jpg', 'LYR-Sony-301221_092537.jpg', 'LYR-Sony-301221_092549.jpg', 'LYR-Sony-301221_092601.jpg', 'LYR-Sony-301221_092613.jpg', 'LYR-Sony-301221_092625.jpg', 'LYR-Sony-301221_092637.jpg', 'LYR-Sony-301221_092648.jpg', 'LYR-Sony-301221_092700.jpg', 'LYR-Sony-301221_092712.jpg', 'LYR-Sony-301221_092724.jpg', 'LYR-Sony-301221_092736.jpg', 'LYR-Sony-301221_092748.jpg', 'LYR-Sony-301221_092800.jpg', 'LYR-Sony-301221_092812.jpg', 'LYR-Sony-301221_092824.jpg', 'LYR-Sony-301221_092836.jpg', 'LYR-Sony-301221_092848.jpg', 'LYR-Sony-301221_092900.jpg', 'LYR-Sony-301221_092912.jpg', 'LYR-Sony-301221_092924.jpg', 'LYR-Sony-301221_092936.jpg', 'LYR-Sony-301221_092948.jpg', 'LYR-Sony-301221_093000.jpg', 'LYR-Sony-301221_093012.jpg', 'LYR-Sony-301221_093024.jpg', 'LYR-Sony-301221_093036.jpg', 'LYR-Sony-301221_093048.jpg', 'LYR-Sony-301221_093100.jpg', 'LYR-Sony-301221_093112.jpg', 'LYR-Sony-301221_093124.jpg', 'LYR-Sony-301221_093136.jpg', 'LYR-Sony-301221_093148.jpg', 'LYR-Sony-301221_093200.jpg', 'LYR-Sony-301221_093212.jpg', 'LYR-Sony-301221_093224.jpg', 'LYR-Sony-301221_093236.jpg', 'LYR-Sony-301221_093248.jpg', 'LYR-Sony-301221_093300.jpg']"
2022-02-03,?,?,?,03:09:41,,Noora,?,True,True,13,\\birkeland.unis.no\KHO\MISS-1\2022\02\03,\\birkeland.unis.no\KHO\Sony\2022\02\03\Images,2,11,"MISS-20220203-030900.pgm, MISS-20220203-031000.pgm, LYR-Sony-030222_030842.jpg ... (13 total)",spectrum time: 03:09:41 (±1 min),"['MISS-20220203-030900.pgm', 'MISS-20220203-031000.pgm']","['LYR-Sony-030222_030842.jpg', 'LYR-Sony-030222_030854.jpg', 'LYR-Sony-030222_030905.jpg', 'LYR-Sony-030222_030917.jpg', 'LYR-Sony-030222_030928.jpg', 'LYR-Sony-030222_030939.jpg', 'LYR-Sony-030222_030951.jpg', 'LYR-Sony-030222_031002.jpg', 'LYR-Sony-030222_031014.jpg', 'LYR-Sony-030222_031026.jpg', 'LYR-Sony-030222_031037.jpg']"
2022-02-03,?,?,?,01:31:01,,Noora,?,True,True,13,\\birkeland.unis.no\KHO\MISS-1\2022\02\03,\\birkeland.unis.no\KHO\Sony\2022\02\03\Images,2,11,"MISS-20220203-013100.pgm, MISS-20220203-013200.pgm, LYR-Sony-030222_013002.jpg ... (13 total)",spectrum time: 01:31:01 (±1 min),"['MISS-20220203-013100.pgm', 'MISS-20220203-013200.pgm']","['LYR-Sony-030222_013002.jpg', 'LYR-Sony-030222_013014.jpg', 'LYR-Sony-030222_013026.jpg', 'LYR-Sony-030222_013038.jpg', 'LYR-Sony-030222_013050.jpg', 'LYR-Sony-030222_013101.jpg', 'LYR-Sony-030222_013113.jpg', 'LYR-Sony-030222_013124.jpg', 'LYR-Sony-030222_013136.jpg', 'LYR-Sony-030222_013147.jpg', 'LYR-Sony-030222_013159.jpg']"
2022-11-03,01:55,?,"no, so worth being sceptical ",,"NordKapp, nordkapp.panomax.com",Noora,GHOST???,False,True,5937,\\birkeland.unis.no\KHO\MISS-1\2022\11\03,\\birkeland.unis.no\KHO\Sony\2022\11\03\Images,0,5937,"LYR-Sony-031122_000007.jpg, LYR-Sony-031122_000018.jpg, LYR-Sony-031122_000030.jpg ... (5937 total)",from: 01:55:00,[],"['LYR-Sony-031122_000007.jpg', 'LYR-Sony-031122_000018.jpg', 'LYR-Sony-031122_000030.jpg', 'LYR-Sony-031122_000041.jpg', 'LYR-Sony-031122_000053.jpg', 'LYR-Sony-031122_000104.jpg', 'LYR-Sony-031122_000115.jpg', 'LYR-Sony-031122_000127.jpg', 'LYR-Sony-031122_000138.jpg', 'LYR-Sony-031122_000150.jpg', 'LYR-Sony-031122_000201.jpg', 'LYR-Sony-031122_000213.jpg', 'LYR-Sony-031122_000224.jpg', 'LYR-Sony-031122_000235.jpg', 'LYR-Sony-031122_000247.jpg', 'LYR-Sony-031122_000258.jpg', 'LYR-Sony-031122_000310.jpg', 'LYR-Sony-031122_000321.jpg', 'LYR-Sony-031122_000332.jpg', 'LYR-Sony-031122_000344.jpg', 'LYR-Sony-031122_000355.jpg', 'LYR-Sony-031122_000407.jpg', 'LYR-Sony-031122_000418.jpg', 'LYR-Sony-031122_000430.jpg', 'LYR-Sony-031122_000441.jpg', 'LYR-Sony-031122_000453.jpg', 'LYR-Sony-031122_000504.jpg', 'LYR-Sony-031122_000515.jpg', 'LYR-Sony-031122_000527.jpg', 'LYR-Sony-031122_000538.jpg', 'LYR-Sony-031122_000550.jpg', 'LYR-Sony-031122_000601.jpg', 'LYR-Sony-031122_000612.jpg', 'LYR-Sony-031122_000623.jpg', 'LYR-Sony-031122_000635.jpg', 'LYR-Sony-031122_000646.jpg', 'LYR-Sony-031122_000658.jpg', 'LYR-Sony-031122_000709.jpg', 'LYR-Sony-031122_000720.jpg', 'LYR-Sony-031122_000732.jpg', 'LYR-Sony-031122_000743.jpg', 'LYR-Sony-031122_000755.jpg', 'LYR-Sony-031122_000806.jpg', 'LYR-Sony-031122_000817.jpg', 'LYR-Sony-031122_000829.jpg', 'LYR-Sony-031122_000840.jpg', 'LYR-Sony-031122_000852.jpg', 'LYR-Sony-031122_000904.jpg', 'LYR-Sony-031122_000915.jpg', 'LYR-Sony-031122_000927.jpg', 'LYR-Sony-031122_000938.jpg', 'LYR-Sony-031122_000950.jpg', 'LYR-Sony-031122_001002.jpg', 'LYR-Sony-031122_001013.jpg', 'LYR-Sony-031122_001024.jpg', 'LYR-Sony-031122_001036.jpg', 'LYR-Sony-031122_001047.jpg', 'LYR-Sony-031122_001059.jpg', 'LYR-Sony-031122_001110.jpg', 'LYR-Sony-031122_001122.jpg', 'LYR-Sony-031122_001133.jpg', 'LYR-Sony-031122_001145.jpg', 'LYR-Sony-031122_001156.jpg', 'LYR-Sony-031122_001208.jpg', 'LYR-Sony-031122_001219.jpg', 'LYR-Sony-031122_001231.jpg', 'LYR-Sony-031122_001243.jpg', 'LYR-Sony-031122_001254.jpg', 'LYR-Sony-031122_001305.jpg', 'LYR-Sony-031122_001317.jpg', 'LYR-Sony-031122_001328.jpg', 'LYR-Sony-031122_001339.jpg', 'LYR-Sony-031122_001350.jpg', 'LYR-Sony-031122_001402.jpg', 'LYR-Sony-031122_001413.jpg', 'LYR-Sony-031122_001424.jpg', 'LYR-Sony-031122_001436.jpg', 'LYR-Sony-031122_001447.jpg', 'LYR-Sony-031122_001459.jpg', 'LYR-Sony-031122_001510.jpg', 'LYR-Sony-031122_001521.jpg', 'LYR-Sony-031122_001533.jpg', 'LYR-Sony-031122_001544.jpg', 'LYR-Sony-031122_001556.jpg', 'LYR-Sony-031122_001607.jpg', 'LYR-Sony-031122_001619.jpg', 'LYR-Sony-031122_001631.jpg', 'LYR-Sony-031122_001642.jpg', 'LYR-Sony-031122_001654.jpg', 'LYR-Sony-031122_001705.jpg', 'LYR-Sony-031122_001716.jpg', 'LYR-Sony-031122_001728.jpg', 'LYR-Sony-031122_001740.jpg', 'LYR-Sony-031122_001751.jpg', 'LYR-Sony-031122_001802.jpg', 'LYR-Sony-031122_001814.jpg', 'LYR-Sony-031122_001826.jpg', 'LYR-Sony-031122_001837.jpg', 'LYR-Sony-031122_001848.jpg', 'LYR-Sony-031122_001900.jpg', 'LYR-Sony-031122_001911.jpg', 'LYR-Sony-031122_001923.jpg', 'LYR-Sony-031122_001935.jpg', 'LYR-Sony-031122_001947.jpg', 'LYR-Sony-031122_001958.jpg', 'LYR-Sony-031122_002009.jpg', 'LYR-Sony-031122_002020.jpg', 'LYR-Sony-031122_002032.jpg', 'LYR-Sony-031122_002043.jpg', 'LYR-Sony-031122_002055.jpg', 'LYR-Sony-031122_002106.jpg', 'LYR-Sony-031122_002118.jpg', 'LYR-Sony-031122_002130.jpg', 'LYR-Sony-031122_002141.jpg', 'LYR-Sony-031122_002153.jpg', 'LYR-Sony-031122_002204.jpg', 'LYR-Sony-031122_002215.jpg', 'LYR-Sony-031122_002227.jpg', 'LYR-Sony-031122_002238.jpg', 'LYR-Sony-031122_002249.jpg', 'LYR-Sony-031122_002301.jpg', 'LYR-Sony-031122_002312.jpg', 'LYR-Sony-031122_002324.jpg', 'LYR-Sony-031122_002335.jpg', 'LYR-Sony-031122_002347.jpg', 'LYR-Sony-031122_002358.jpg', 'LYR-Sony-031122_002410.jpg', 'LYR-Sony-031122_002421.jpg', 'LYR-Sony-031122_002433.jpg', 'LYR-Sony-031122_002444.jpg', 'LYR-Sony-031122_002456.jpg', 'LYR-Sony-031122_002507.jpg', 'LYR-Sony-031122_002518.jpg', 'LYR-Sony-031122_002530.jpg', 'LYR-Sony-031122_002541.jpg', 'LYR-Sony-031122_002552.jpg', 'LYR-Sony-031122_002604.jpg', 'LYR-Sony-031122_002615.jpg', 'LYR-Sony-031122_002626.jpg', 'LYR-Sony-031122_002638.jpg', 'LYR-Sony-031122_002649.jpg', 'LYR-Sony-031122_002701.jpg', 'LYR-Sony-031122_002712.jpg', 'LYR-Sony-031122_002724.jpg', 'LYR-Sony-031122_002735.jpg', 'LYR-Sony-031122_002747.jpg', 'LYR-Sony-031122_002758.jpg', 'LYR-Sony-031122_002810.jpg', 'LYR-Sony-031122_002821.jpg', 'LYR-Sony-031122_002833.jpg', 'LYR-Sony-031122_002844.jpg', 'LYR-Sony-031122_002855.jpg', 'LYR-Sony-031122_002907.jpg', 'LYR-Sony-031122_002918.jpg', 'LYR-Sony-031122_002929.jpg', 'LYR-Sony-031122_002941.jpg', 'LYR-Sony-031122_002952.jpg', 'LYR-Sony-031122_003003.jpg', 'LYR-Sony-031122_003015.jpg', 'LYR-Sony-031122_003026.jpg', 'LYR-Sony-031122_003038.jpg', 'LYR-Sony-031122_003049.jpg', 'LYR-Sony-031122_003101.jpg', 'LYR-Sony-031122_003112.jpg', 'LYR-Sony-031122_003123.jpg', 'LYR-Sony-031122_003135.jpg', 'LYR-Sony-031122_003146.jpg', 'LYR-Sony-031122_003157.jpg', 'LYR-Sony-031122_003209.jpg', 'LYR-Sony-031122_003220.jpg', 'LYR-Sony-031122_003231.jpg', 'LYR-Sony-031122_003243.jpg', 'LYR-Sony-031122_003254.jpg', 'LYR-Sony-031122_003305.jpg', 'LYR-Sony-031122_003317.jpg', 'LYR-Sony-031122_003328.jpg', 'LYR-Sony-031122_003340.jpg', 'LYR-Sony-031122_003351.jpg', 'LYR-Sony-031122_003402.jpg', 'LYR-Sony-031122_003414.jpg', 'LYR-Sony-031122_003425.jpg', 'LYR-Sony-031122_003436.jpg', 'LYR-Sony-031122_003448.jpg', 'LYR-Sony-031122_003459.jpg', 'LYR-Sony-031122_003511.jpg', 'LYR-Sony-031122_003522.jpg', 'LYR-Sony-031122_003534.jpg', 'LYR-Sony-031122_003546.jpg', 'LYR-Sony-031122_003557.jpg', 'LYR-Sony-031122_003608.jpg', 'LYR-Sony-031122_003620.jpg', 'LYR-Sony-031122_003631.jpg', 'LYR-Sony-031122_003643.jpg', 'LYR-Sony-031122_003654.jpg', 'LYR-Sony-031122_003706.jpg', 'LYR-Sony-031122_003718.jpg', 'LYR-Sony-031122_003729.jpg', 'LYR-Sony-031122_003741.jpg', 'LYR-Sony-031122_003752.jpg', 'LYR-Sony-031122_003804.jpg', 'LYR-Sony-031122_003815.jpg', 'LYR-Sony-031122_003826.jpg', 'LYR-Sony-031122_003838.jpg', 'LYR-Sony-031122_003849.jpg', 'LYR-Sony-031122_003901.jpg', 'LYR-Sony-031122_003913.jpg', 'LYR-Sony-031122_003925.jpg', 'LYR-Sony-031122_003936.jpg', 'LYR-Sony-031122_003947.jpg', 'LYR-Sony-031122_003959.jpg', 'LYR-Sony-031122_004010.jpg', 'LYR-Sony-031122_004022.jpg', 'LYR-Sony-031122_004033.jpg', 'LYR-Sony-031122_004044.jpg', 'LYR-Sony-031122_004056.jpg', 'LYR-Sony-031122_004108.jpg', 'LYR-Sony-031122_004119.jpg', 'LYR-Sony-031122_004131.jpg', 'LYR-Sony-031122_004142.jpg', 'LYR-Sony-031122_004154.jpg', 'LYR-Sony-031122_004205.jpg', 'LYR-Sony-031122_004217.jpg', 'LYR-Sony-031122_004228.jpg', 'LYR-Sony-031122_004240.jpg', 'LYR-Sony-031122_004251.jpg', 'LYR-Sony-031122_004303.jpg', 'LYR-Sony-031122_004314.jpg', 'LYR-Sony-031122_004326.jpg', 'LYR-Sony-031122_004337.jpg', 'LYR-Sony-031122_004349.jpg', 'LYR-Sony-031122_004400.jpg', 'LYR-Sony-031122_004412.jpg', 'LYR-Sony-031122_004423.jpg', 'LYR-Sony-031122_004435.jpg', 'LYR-Sony-031122_004447.jpg', 'LYR-Sony-031122_004458.jpg', 'LYR-Sony-031122_004510.jpg', 'LYR-Sony-031122_004521.jpg', 'LYR-Sony-031122_004532.jpg', 'LYR-Sony-031122_004544.jpg', 'LYR-Sony-031122_004556.jpg', 'LYR-Sony-031122_004607.jpg', 'LYR-Sony-031122_004618.jpg', 'LYR-Sony-031122_004630.jpg', 'LYR-Sony-031122_004641.jpg', 'LYR-Sony-031122_004653.jpg', 'LYR-Sony-031122_004704.jpg', 'LYR-Sony-031122_004715.jpg', 'LYR-Sony-031122_004727.jpg', 'LYR-Sony-031122_004738.jpg', 'LYR-Sony-031122_004750.jpg', 'LYR-Sony-031122_004802.jpg', 'LYR-Sony-031122_004813.jpg', 'LYR-Sony-031122_004824.jpg', 'LYR-Sony-031122_004836.jpg', 'LYR-Sony-031122_004848.jpg', 'LYR-Sony-031122_004859.jpg', 'LYR-Sony-031122_004911.jpg', 'LYR-Sony-031122_004922.jpg', 'LYR-Sony-031122_004934.jpg', 'LYR-Sony-031122_004946.jpg', 'LYR-Sony-031122_004957.jpg', 'LYR-Sony-031122_005009.jpg', 'LYR-Sony-031122_005020.jpg', 'LYR-Sony-031122_005032.jpg', 'LYR-Sony-031122_005044.jpg', 'LYR-Sony-031122_005055.jpg', 'LYR-Sony-031122_005106.jpg', 'LYR-Sony-031122_005118.jpg', 'LYR-Sony-031122_005130.jpg', 'LYR-Sony-031122_005141.jpg', 'LYR-Sony-031122_005153.jpg', 'LYR-Sony-031122_005204.jpg', 'LYR-Sony-031122_005216.jpg', 'LYR-Sony-031122_005227.jpg', 'LYR-Sony-031122_005239.jpg', 'LYR-Sony-031122_005251.jpg', 'LYR-Sony-031122_005302.jpg', 'LYR-Sony-031122_005314.jpg', 'LYR-Sony-031122_005326.jpg', 'LYR-Sony-031122_005337.jpg', 'LYR-Sony-031122_005349.jpg', 'LYR-Sony-031122_005400.jpg', 'LYR-Sony-031122_005412.jpg', 'LYR-Sony-031122_005424.jpg', 'LYR-Sony-031122_005435.jpg', 'LYR-Sony-031122_005447.jpg', 'LYR-Sony-031122_005458.jpg', 'LYR-Sony-031122_005509.jpg', 'LYR-Sony-031122_005521.jpg', 'LYR-Sony-031122_005533.jpg', 'LYR-Sony-031122_005544.jpg', 'LYR-Sony-031122_005556.jpg', 'LYR-Sony-031122_005607.jpg', 'LYR-Sony-031122_005619.jpg', 'LYR-Sony-031122_005630.jpg', 'LYR-Sony-031122_005642.jpg', 'LYR-Sony-031122_005653.jpg', 'LYR-Sony-031122_005705.jpg', 'LYR-Sony-031122_005716.jpg', 'LYR-Sony-031122_005728.jpg', 'LYR-Sony-031122_005740.jpg', 'LYR-Sony-031122_005751.jpg', 'LYR-Sony-031122_005802.jpg', 'LYR-Sony-031122_005814.jpg', 'LYR-Sony-031122_005826.jpg', 'LYR-Sony-031122_005837.jpg', 'LYR-Sony-031122_005849.jpg', 'LYR-Sony-031122_005900.jpg', 'LYR-Sony-031122_005912.jpg', 'LYR-Sony-031122_005923.jpg', 'LYR-Sony-031122_005935.jpg', 'LYR-Sony-031122_005947.jpg', 'LYR-Sony-031122_005958.jpg', 'LYR-Sony-031122_010010.jpg', 'LYR-Sony-031122_010021.jpg', 'LYR-Sony-031122_010033.jpg', 'LYR-Sony-031122_010044.jpg', 'LYR-Sony-031122_010056.jpg', 'LYR-Sony-031122_010107.jpg', 'LYR-Sony-031122_010118.jpg', 'LYR-Sony-031122_010130.jpg', 'LYR-Sony-031122_010142.jpg', 'LYR-Sony-031122_010153.jpg', 'LYR-Sony-031122_010204.jpg', 'LYR-Sony-031122_010216.jpg', 'LYR-Sony-031122_010228.jpg', 'LYR-Sony-031122_010239.jpg', 'LYR-Sony-031122_010251.jpg', 'LYR-Sony-031122_010302.jpg', 'LYR-Sony-031122_010313.jpg', 'LYR-Sony-031122_010325.jpg', 'LYR-Sony-031122_010336.jpg', 'LYR-Sony-031122_010347.jpg', 'LYR-Sony-031122_010359.jpg', 'LYR-Sony-031122_010411.jpg', 'LYR-Sony-031122_010422.jpg', 'LYR-Sony-031122_010434.jpg', 'LYR-Sony-031122_010445.jpg', 'LYR-Sony-031122_010457.jpg', 'LYR-Sony-031122_010509.jpg', 'LYR-Sony-031122_010520.jpg', 'LYR-Sony-031122_010532.jpg', 'LYR-Sony-031122_010543.jpg', 'LYR-Sony-031122_010555.jpg', 'LYR-Sony-031122_010606.jpg', 'LYR-Sony-031122_010618.jpg', 'LYR-Sony-031122_010630.jpg', 'LYR-Sony-031122_010641.jpg', 'LYR-Sony-031122_010653.jpg', 'LYR-Sony-031122_010705.jpg', 'LYR-Sony-031122_010716.jpg', 'LYR-Sony-031122_010728.jpg', 'LYR-Sony-031122_010739.jpg', 'LYR-Sony-031122_010750.jpg', 'LYR-Sony-031122_010802.jpg', 'LYR-Sony-031122_010813.jpg', 'LYR-Sony-031122_010825.jpg', 'LYR-Sony-031122_010836.jpg', 'LYR-Sony-031122_010848.jpg', 'LYR-Sony-031122_010900.jpg', 'LYR-Sony-031122_010911.jpg', 'LYR-Sony-031122_010923.jpg', 'LYR-Sony-031122_010934.jpg', 'LYR-Sony-031122_010945.jpg', 'LYR-Sony-031122_010957.jpg', 'LYR-Sony-031122_011008.jpg', 'LYR-Sony-031122_011020.jpg', 'LYR-Sony-031122_011031.jpg', 'LYR-Sony-031122_011042.jpg', 'LYR-Sony-031122_011054.jpg', 'LYR-Sony-031122_011106.jpg', 'LYR-Sony-031122_011117.jpg', 'LYR-Sony-031122_011129.jpg', 'LYR-Sony-031122_011140.jpg', 'LYR-Sony-031122_011152.jpg', 'LYR-Sony-031122_011203.jpg', 'LYR-Sony-031122_011215.jpg', 'LYR-Sony-031122_011226.jpg', 'LYR-Sony-031122_011238.jpg', 'LYR-Sony-031122_011249.jpg', 'LYR-Sony-031122_011300.jpg', 'LYR-Sony-031122_011312.jpg', 'LYR-Sony-031122_011323.jpg', 'LYR-Sony-031122_011335.jpg', 'LYR-Sony-031122_011346.jpg', 'LYR-Sony-031122_011358.jpg', 'LYR-Sony-031122_011410.jpg', 'LYR-Sony-031122_011421.jpg', 'LYR-Sony-031122_011432.jpg', 'LYR-Sony-031122_011444.jpg', 'LYR-Sony-031122_011455.jpg', 'LYR-Sony-031122_011507.jpg', 'LYR-Sony-031122_011519.jpg', 'LYR-Sony-031122_011530.jpg', 'LYR-Sony-031122_011542.jpg', 'LYR-Sony-031122_011553.jpg', 'LYR-Sony-031122_011605.jpg', 'LYR-Sony-031122_011616.jpg', 'LYR-Sony-031122_011628.jpg', 'LYR-Sony-031122_011639.jpg', 'LYR-Sony-031122_011651.jpg', 'LYR-Sony-031122_011702.jpg', 'LYR-Sony-031122_011714.jpg', 'LYR-Sony-031122_011726.jpg', 'LYR-Sony-031122_011737.jpg', 'LYR-Sony-031122_011749.jpg', 'LYR-Sony-031122_011800.jpg', 'LYR-Sony-031122_011811.jpg', 'LYR-Sony-031122_011823.jpg', 'LYR-Sony-031122_011834.jpg', 'LYR-Sony-031122_011846.jpg', 'LYR-Sony-031122_011857.jpg', 'LYR-Sony-031122_011909.jpg', 'LYR-Sony-031122_011921.jpg', 'LYR-Sony-031122_011932.jpg', 'LYR-Sony-031122_011944.jpg', 'LYR-Sony-031122_011955.jpg', 'LYR-Sony-031122_012007.jpg', 'LYR-Sony-031122_012019.jpg', 'LYR-Sony-031122_012030.jpg', 'LYR-Sony-031122_012042.jpg', 'LYR-Sony-031122_012053.jpg', 'LYR-Sony-031122_012105.jpg', 'LYR-Sony-031122_012116.jpg', 'LYR-Sony-031122_012128.jpg', 'LYR-Sony-031122_012139.jpg', 'LYR-Sony-031122_012151.jpg', 'LYR-Sony-031122_012202.jpg', 'LYR-Sony-031122_012214.jpg', 'LYR-Sony-031122_012225.jpg', 'LYR-Sony-031122_012236.jpg', 'LYR-Sony-031122_012248.jpg', 'LYR-Sony-031122_012259.jpg', 'LYR-Sony-031122_012311.jpg', 'LYR-Sony-031122_012322.jpg', 'LYR-Sony-031122_012334.jpg', 'LYR-Sony-031122_012346.jpg', 'LYR-Sony-031122_012357.jpg', 'LYR-Sony-031122_012409.jpg', 'LYR-Sony-031122_012421.jpg', 'LYR-Sony-031122_012432.jpg', 'LYR-Sony-031122_012444.jpg', 'LYR-Sony-031122_012455.jpg', 'LYR-Sony-031122_012507.jpg', 'LYR-Sony-031122_012518.jpg', 'LYR-Sony-031122_012529.jpg', 'LYR-Sony-031122_012541.jpg', 'LYR-Sony-031122_012552.jpg', 'LYR-Sony-031122_012604.jpg', 'LYR-Sony-031122_012615.jpg', 'LYR-Sony-031122_012626.jpg', 'LYR-Sony-031122_012638.jpg', 'LYR-Sony-031122_012650.jpg', 'LYR-Sony-031122_012702.jpg', 'LYR-Sony-031122_012713.jpg', 'LYR-Sony-031122_012725.jpg', 'LYR-Sony-031122_012736.jpg', 'LYR-Sony-031122_012747.jpg', 'LYR-Sony-031122_012759.jpg', 'LYR-Sony-031122_012810.jpg', 'LYR-Sony-031122_012822.jpg', 'LYR-Sony-031122_012834.jpg', 'LYR-Sony-031122_012845.jpg', 'LYR-Sony-031122_012857.jpg', 'LYR-Sony-031122_012909.jpg', 'LYR-Sony-031122_012920.jpg', 'LYR-Sony-031122_012932.jpg', 'LYR-Sony-031122_012943.jpg', 'LYR-Sony-031122_012954.jpg', 'LYR-Sony-031122_013006.jpg', 'LYR-Sony-031122_013017.jpg', 'LYR-Sony-031122_013029.jpg', 'LYR-Sony-031122_013040.jpg', 'LYR-Sony-031122_013052.jpg', 'LYR-Sony-031122_013103.jpg', 'LYR-Sony-031122_013115.jpg', 'LYR-Sony-031122_013126.jpg', 'LYR-Sony-031122_013137.jpg', 'LYR-Sony-031122_013149.jpg', 'LYR-Sony-031122_013201.jpg', 'LYR-Sony-031122_013212.jpg', 'LYR-Sony-031122_013223.jpg', 'LYR-Sony-031122_013235.jpg', 'LYR-Sony-031122_013246.jpg', 'LYR-Sony-031122_013258.jpg', 'LYR-Sony-031122_013309.jpg', 'LYR-Sony-031122_013321.jpg', 'LYR-Sony-031122_013333.jpg', 'LYR-Sony-031122_013344.jpg', 'LYR-Sony-031122_013356.jpg', 'LYR-Sony-031122_013407.jpg', 'LYR-Sony-031122_013419.jpg', 'LYR-Sony-031122_013430.jpg', 'LYR-Sony-031122_013442.jpg', 'LYR-Sony-031122_013453.jpg', 'LYR-Sony-031122_013504.jpg', 'LYR-Sony-031122_013516.jpg', 'LYR-Sony-031122_013528.jpg', 'LYR-Sony-031122_013540.jpg', 'LYR-Sony-031122_013551.jpg', 'LYR-Sony-031122_013603.jpg', 'LYR-Sony-031122_013615.jpg', 'LYR-Sony-031122_013627.jpg', 'LYR-Sony-031122_013639.jpg', 'LYR-Sony-031122_013650.jpg', 'LYR-Sony-031122_013702.jpg', 'LYR-Sony-031122_013713.jpg', 'LYR-Sony-031122_013725.jpg', 'LYR-Sony-031122_013737.jpg', 'LYR-Sony-031122_013748.jpg', 'LYR-Sony-031122_013759.jpg', 'LYR-Sony-031122_013811.jpg', 'LYR-Sony-031122_013823.jpg', 'LYR-Sony-031122_013834.jpg', 'LYR-Sony-031122_013846.jpg', 'LYR-Sony-031122_013857.jpg', 'LYR-Sony-031122_013909.jpg', 'LYR-Sony-031122_013921.jpg', 'LYR-Sony-031122_013932.jpg', 'LYR-Sony-031122_013944.jpg', 'LYR-Sony-031122_013956.jpg', 'LYR-Sony-031122_014007.jpg', 'LYR-Sony-031122_014018.jpg', 'LYR-Sony-031122_014030.jpg', 'LYR-Sony-031122_014041.jpg', 'LYR-Sony-031122_014053.jpg', 'LYR-Sony-031122_014104.jpg', 'LYR-Sony-031122_014116.jpg', 'LYR-Sony-031122_014128.jpg', 'LYR-Sony-031122_014139.jpg', 'LYR-Sony-031122_014151.jpg', 'LYR-Sony-031122_014202.jpg', 'LYR-Sony-031122_014214.jpg', 'LYR-Sony-031122_014225.jpg', 'LYR-Sony-031122_014237.jpg', 'LYR-Sony-031122_014248.jpg', 'LYR-Sony-031122_014300.jpg', 'LYR-Sony-031122_014311.jpg', 'LYR-Sony-031122_014323.jpg', 'LYR-Sony-031122_014334.jpg', 'LYR-Sony-031122_014346.jpg', 'LYR-Sony-031122_014357.jpg', 'LYR-Sony-031122_014409.jpg', 'LYR-Sony-031122_014420.jpg', 'LYR-Sony-031122_014432.jpg', 'LYR-Sony-031122_014443.jpg', 'LYR-Sony-031122_014455.jpg', 'LYR-Sony-031122_014506.jpg', 'LYR-Sony-031122_014517.jpg', 'LYR-Sony-031122_014529.jpg', 'LYR-Sony-031122_014540.jpg', 'LYR-Sony-031122_014552.jpg', 'LYR-Sony-031122_014603.jpg', 'LYR-Sony-031122_014615.jpg', 'LYR-Sony-031122_014626.jpg', 'LYR-Sony-031122_014638.jpg', 'LYR-Sony-031122_014650.jpg', 'LYR-Sony-031122_014701.jpg', 'LYR-Sony-031122_014713.jpg', 'LYR-Sony-031122_014724.jpg', 'LYR-Sony-031122_014736.jpg', 'LYR-Sony-031122_014747.jpg', 'LYR-Sony-031122_014759.jpg', 'LYR-Sony-031122_014810.jpg', 'LYR-Sony-031122_014822.jpg', 'LYR-Sony-031122_014834.jpg', 'LYR-Sony-031122_014845.jpg', 'LYR-Sony-031122_014857.jpg', 'LYR-Sony-031122_014908.jpg', 'LYR-Sony-031122_014920.jpg', 'LYR-Sony-031122_014931.jpg', 'LYR-Sony-031122_014943.jpg', 'LYR-Sony-031122_014954.jpg', 'LYR-Sony-031122_015006.jpg', 'LYR-Sony-031122_015018.jpg', 'LYR-Sony-031122_015029.jpg', 'LYR-Sony-031122_015040.jpg', 'LYR-Sony-031122_015052.jpg', 'LYR-Sony-031122_015103.jpg', 'LYR-Sony-031122_015115.jpg', 'LYR-Sony-031122_015126.jpg', 'LYR-Sony-031122_015138.jpg', 'LYR-Sony-031122_015149.jpg', 'LYR-Sony-031122_015201.jpg', 'LYR-Sony-031122_015212.jpg', 'LYR-Sony-031122_015224.jpg', 'LYR-Sony-031122_015235.jpg', 'LYR-Sony-031122_015247.jpg', 'LYR-Sony-031122_015259.jpg', 'LYR-Sony-031122_015310.jpg', 'LYR-Sony-031122_015322.jpg', 'LYR-Sony-031122_015334.jpg', 'LYR-Sony-031122_015345.jpg', 'LYR-Sony-031122_015357.jpg', 'LYR-Sony-031122_015408.jpg', 'LYR-Sony-031122_015420.jpg', 'LYR-Sony-031122_015431.jpg', 'LYR-Sony-031122_015443.jpg', 'LYR-Sony-031122_015454.jpg', 'LYR-Sony-031122_015506.jpg', 'LYR-Sony-031122_015517.jpg', 'LYR-Sony-031122_015529.jpg', 'LYR-Sony-031122_015540.jpg', 'LYR-Sony-031122_015552.jpg', 'LYR-Sony-031122_015604.jpg', 'LYR-Sony-031122_015615.jpg', 'LYR-Sony-031122_015626.jpg', 'LYR-Sony-031122_015638.jpg', 'LYR-Sony-031122_015650.jpg', 'LYR-Sony-031122_015701.jpg', 'LYR-Sony-031122_015713.jpg', 'LYR-Sony-031122_015725.jpg', 'LYR-Sony-031122_015736.jpg', 'LYR-Sony-031122_015747.jpg', 'LYR-Sony-031122_015759.jpg', 'LYR-Sony-031122_015810.jpg', 'LYR-Sony-031122_015822.jpg', 'LYR-Sony-031122_015833.jpg', 'LYR-Sony-031122_015845.jpg', 'LYR-Sony-031122_015856.jpg', 'LYR-Sony-031122_015908.jpg', 'LYR-Sony-031122_015919.jpg', 'LYR-Sony-031122_015931.jpg', 'LYR-Sony-031122_015943.jpg', 'LYR-Sony-031122_015954.jpg', 'LYR-Sony-031122_020006.jpg', 'LYR-Sony-031122_020018.jpg', 'LYR-Sony-031122_020029.jpg', 'LYR-Sony-031122_020041.jpg', 'LYR-Sony-031122_020052.jpg', 'LYR-Sony-031122_020104.jpg', 'LYR-Sony-031122_020116.jpg', 'LYR-Sony-031122_020127.jpg', 'LYR-Sony-031122_020139.jpg', 'LYR-Sony-031122_020150.jpg', 'LYR-Sony-031122_020202.jpg', 'LYR-Sony-031122_020213.jpg', 'LYR-Sony-031122_020225.jpg', 'LYR-Sony-031122_020236.jpg', 'LYR-Sony-031122_020248.jpg', 'LYR-Sony-031122_020300.jpg', 'LYR-Sony-031122_020311.jpg', 'LYR-Sony-031122_020323.jpg', 'LYR-Sony-031122_020335.jpg', 'LYR-Sony-031122_020346.jpg', 'LYR-Sony-031122_020358.jpg', 'LYR-Sony-031122_020409.jpg', 'LYR-Sony-031122_020421.jpg', 'LYR-Sony-031122_020433.jpg', 'LYR-Sony-031122_020444.jpg', 'LYR-Sony-031122_020456.jpg', 'LYR-Sony-031122_020507.jpg', 'LYR-Sony-031122_020519.jpg', 'LYR-Sony-031122_020530.jpg', 'LYR-Sony-031122_020542.jpg', 'LYR-Sony-031122_020554.jpg', 'LYR-Sony-031122_020605.jpg', 'LYR-Sony-031122_020617.jpg', 'LYR-Sony-031122_020628.jpg', 'LYR-Sony-031122_020640.jpg', 'LYR-Sony-031122_020652.jpg', 'LYR-Sony-031122_020703.jpg', 'LYR-Sony-031122_020715.jpg', 'LYR-Sony-031122_020726.jpg', 'LYR-Sony-031122_020738.jpg', 'LYR-Sony-031122_020749.jpg', 'LYR-Sony-031122_020800.jpg', 'LYR-Sony-031122_020812.jpg', 'LYR-Sony-031122_020824.jpg', 'LYR-Sony-031122_020835.jpg', 'LYR-Sony-031122_020847.jpg', 'LYR-Sony-031122_020859.jpg', 'LYR-Sony-031122_020910.jpg', 'LYR-Sony-031122_020922.jpg', 'LYR-Sony-031122_020934.jpg', 'LYR-Sony-031122_020945.jpg', 'LYR-Sony-031122_020956.jpg', 'LYR-Sony-031122_021008.jpg', 'LYR-Sony-031122_021019.jpg', 'LYR-Sony-031122_021030.jpg', 'LYR-Sony-031122_021042.jpg', 'LYR-Sony-031122_021053.jpg', 'LYR-Sony-031122_021105.jpg', 'LYR-Sony-031122_021116.jpg', 'LYR-Sony-031122_021128.jpg', 'LYR-Sony-031122_021140.jpg', 'LYR-Sony-031122_021151.jpg', 'LYR-Sony-031122_021203.jpg', 'LYR-Sony-031122_021215.jpg', 'LYR-Sony-031122_021226.jpg', 'LYR-Sony-031122_021238.jpg', 'LYR-Sony-031122_021249.jpg', 'LYR-Sony-031122_021300.jpg', 'LYR-Sony-031122_021312.jpg', 'LYR-Sony-031122_021323.jpg', 'LYR-Sony-031122_021335.jpg', 'LYR-Sony-031122_021346.jpg', 'LYR-Sony-031122_021357.jpg', 'LYR-Sony-031122_021409.jpg', 'LYR-Sony-031122_021421.jpg', 'LYR-Sony-031122_021432.jpg', 'LYR-Sony-031122_021444.jpg', 'LYR-Sony-031122_021455.jpg', 'LYR-Sony-031122_021507.jpg', 'LYR-Sony-031122_021519.jpg', 'LYR-Sony-031122_021530.jpg', 'LYR-Sony-031122_021541.jpg', 'LYR-Sony-031122_021553.jpg', 'LYR-Sony-031122_021604.jpg', 'LYR-Sony-031122_021616.jpg', 'LYR-Sony-031122_021628.jpg', 'LYR-Sony-031122_021639.jpg', 'LYR-Sony-031122_021651.jpg', 'LYR-Sony-031122_021702.jpg', 'LYR-Sony-031122_021713.jpg', 'LYR-Sony-031122_021725.jpg', 'LYR-Sony-031122_021737.jpg', 'LYR-Sony-031122_021748.jpg', 'LYR-Sony-031122_021759.jpg', 'LYR-Sony-031122_021811.jpg', 'LYR-Sony-031122_021823.jpg', 'LYR-Sony-031122_021834.jpg', 'LYR-Sony-031122_021846.jpg', 'LYR-Sony-031122_021858.jpg', 'LYR-Sony-031122_021909.jpg', 'LYR-Sony-031122_021921.jpg', 'LYR-Sony-031122_021932.jpg', 'LYR-Sony-031122_021944.jpg', 'LYR-Sony-031122_021955.jpg', 'LYR-Sony-031122_022007.jpg', 'LYR-Sony-031122_022018.jpg', 'LYR-Sony-031122_022030.jpg', 'LYR-Sony-031122_022041.jpg', 'LYR-Sony-031122_022053.jpg', 'LYR-Sony-031122_022104.jpg', 'LYR-Sony-031122_022116.jpg', 'LYR-Sony-031122_022127.jpg', 'LYR-Sony-031122_022139.jpg', 'LYR-Sony-031122_022151.jpg', 'LYR-Sony-031122_022202.jpg', 'LYR-Sony-031122_022213.jpg', 'LYR-Sony-031122_022225.jpg', 'LYR-Sony-031122_022236.jpg', 'LYR-Sony-031122_022248.jpg', 'LYR-Sony-031122_022300.jpg', 'LYR-Sony-031122_022311.jpg', 'LYR-Sony-031122_022323.jpg', 'LYR-Sony-031122_022334.jpg', 'LYR-Sony-031122_022346.jpg', 'LYR-Sony-031122_022357.jpg', 'LYR-Sony-031122_022409.jpg', 'LYR-Sony-031122_022421.jpg', 'LYR-Sony-031122_022432.jpg', 'LYR-Sony-031122_022444.jpg', 'LYR-Sony-031122_022456.jpg', 'LYR-Sony-031122_022508.jpg', 'LYR-Sony-031122_022519.jpg', 'LYR-Sony-031122_022530.jpg', 'LYR-Sony-031122_022542.jpg', 'LYR-Sony-031122_022554.jpg', 'LYR-Sony-031122_022605.jpg', 'LYR-Sony-031122_022617.jpg', 'LYR-Sony-031122_022628.jpg', 'LYR-Sony-031122_022640.jpg', 'LYR-Sony-031122_022652.jpg', 'LYR-Sony-031122_022703.jpg', 'LYR-Sony-031122_022715.jpg', 'LYR-Sony-031122_022726.jpg', 'LYR-Sony-031122_022738.jpg', 'LYR-Sony-031122_022750.jpg', 'LYR-Sony-031122_022801.jpg', 'LYR-Sony-031122_022813.jpg', 'LYR-Sony-031122_022824.jpg', 'LYR-Sony-031122_022836.jpg', 'LYR-Sony-031122_022847.jpg', 'LYR-Sony-031122_022858.jpg', 'LYR-Sony-031122_022910.jpg', 'LYR-Sony-031122_022922.jpg', 'LYR-Sony-031122_022933.jpg', 'LYR-Sony-031122_022944.jpg', 'LYR-Sony-031122_022956.jpg', 'LYR-Sony-031122_023007.jpg', 'LYR-Sony-031122_023019.jpg', 'LYR-Sony-031122_023031.jpg', 'LYR-Sony-031122_023042.jpg', 'LYR-Sony-031122_023054.jpg', 'LYR-Sony-031122_023105.jpg', 'LYR-Sony-031122_023117.jpg', 'LYR-Sony-031122_023128.jpg', 'LYR-Sony-031122_023140.jpg', 'LYR-Sony-031122_023151.jpg', 'LYR-Sony-031122_023203.jpg', 'LYR-Sony-031122_023215.jpg', 'LYR-Sony-031122_023226.jpg', 'LYR-Sony-031122_023238.jpg', 'LYR-Sony-031122_023249.jpg', 'LYR-Sony-031122_023301.jpg', 'LYR-Sony-031122_023312.jpg', 'LYR-Sony-031122_023324.jpg', 'LYR-Sony-031122_023335.jpg', 'LYR-Sony-031122_023347.jpg', 'LYR-Sony-031122_023358.jpg', 'LYR-Sony-031122_023410.jpg', 'LYR-Sony-031122_023422.jpg', 'LYR-Sony-031122_023433.jpg', 'LYR-Sony-031122_023445.jpg', 'LYR-Sony-031122_023456.jpg', 'LYR-Sony-031122_023508.jpg', 'LYR-Sony-031122_023520.jpg', 'LYR-Sony-031122_023531.jpg', 'LYR-Sony-031122_023543.jpg', 'LYR-Sony-031122_023554.jpg', 'LYR-Sony-031122_023606.jpg', 'LYR-Sony-031122_023617.jpg', 'LYR-Sony-031122_023629.jpg', 'LYR-Sony-031122_023640.jpg', 'LYR-Sony-031122_023652.jpg', 'LYR-Sony-031122_023704.jpg', 'LYR-Sony-031122_023715.jpg', 'LYR-Sony-031122_023727.jpg', 'LYR-Sony-031122_023738.jpg', 'LYR-Sony-031122_023750.jpg', 'LYR-Sony-031122_023801.jpg', 'LYR-Sony-031122_023813.jpg', 'LYR-Sony-031122_023824.jpg', 'LYR-Sony-031122_023836.jpg', 'LYR-Sony-031122_023848.jpg', 'LYR-Sony-031122_023859.jpg', 'LYR-Sony-031122_023911.jpg', 'LYR-Sony-031122_023923.jpg', 'LYR-Sony-031122_023935.jpg', 'LYR-Sony-031122_023946.jpg', 'LYR-Sony-031122_023958.jpg', 'LYR-Sony-031122_024009.jpg', 'LYR-Sony-031122_024021.jpg', 'LYR-Sony-031122_024032.jpg', 'LYR-Sony-031122_024044.jpg', 'LYR-Sony-031122_024056.jpg', 'LYR-Sony-031122_024107.jpg', 'LYR-Sony-031122_024119.jpg', 'LYR-Sony-031122_024131.jpg', 'LYR-Sony-031122_024142.jpg', 'LYR-Sony-031122_024154.jpg', 'LYR-Sony-031122_024206.jpg', 'LYR-Sony-031122_024217.jpg', 'LYR-Sony-031122_024229.jpg', 'LYR-Sony-031122_024240.jpg', 'LYR-Sony-031122_024252.jpg', 'LYR-Sony-031122_024304.jpg', 'LYR-Sony-031122_024315.jpg', 'LYR-Sony-031122_024327.jpg', 'LYR-Sony-031122_024339.jpg', 'LYR-Sony-031122_024351.jpg', 'LYR-Sony-031122_024403.jpg', 'LYR-Sony-031122_024414.jpg', 'LYR-Sony-031122_024426.jpg', 'LYR-Sony-031122_024438.jpg', 'LYR-Sony-031122_024449.jpg', 'LYR-Sony-031122_024501.jpg', 'LYR-Sony-031122_024513.jpg', 'LYR-Sony-031122_024524.jpg', 'LYR-Sony-031122_024536.jpg', 'LYR-Sony-031122_024548.jpg', 'LYR-Sony-031122_024600.jpg', 'LYR-Sony-031122_024612.jpg', 'LYR-Sony-031122_024623.jpg', 'LYR-Sony-031122_024635.jpg', 'LYR-Sony-031122_024646.jpg', 'LYR-Sony-031122_024658.jpg', 'LYR-Sony-031122_024709.jpg', 'LYR-Sony-031122_024721.jpg', 'LYR-Sony-031122_024732.jpg', 'LYR-Sony-031122_024744.jpg', 'LYR-Sony-031122_024756.jpg', 'LYR-Sony-031122_024807.jpg', 'LYR-Sony-031122_024819.jpg', 'LYR-Sony-031122_024830.jpg', 'LYR-Sony-031122_024842.jpg', 'LYR-Sony-031122_024853.jpg', 'LYR-Sony-031122_024905.jpg', 'LYR-Sony-031122_024917.jpg', 'LYR-Sony-031122_024929.jpg', 'LYR-Sony-031122_024940.jpg', 'LYR-Sony-031122_024952.jpg', 'LYR-Sony-031122_025004.jpg', 'LYR-Sony-031122_025015.jpg', 'LYR-Sony-031122_025027.jpg', 'LYR-Sony-031122_025038.jpg', 'LYR-Sony-031122_025050.jpg', 'LYR-Sony-031122_025102.jpg', 'LYR-Sony-031122_025113.jpg', 'LYR-Sony-031122_025125.jpg', 'LYR-Sony-031122_025137.jpg', 'LYR-Sony-031122_025148.jpg', 'LYR-Sony-031122_025200.jpg', 'LYR-Sony-031122_025211.jpg', 'LYR-Sony-031122_025223.jpg', 'LYR-Sony-031122_025234.jpg', 'LYR-Sony-031122_025246.jpg', 'LYR-Sony-031122_025258.jpg', 'LYR-Sony-031122_025310.jpg', 'LYR-Sony-031122_025321.jpg', 'LYR-Sony-031122_025333.jpg', 'LYR-Sony-031122_025344.jpg', 'LYR-Sony-031122_025355.jpg', 'LYR-Sony-031122_025407.jpg', 'LYR-Sony-031122_025418.jpg', 'LYR-Sony-031122_025429.jpg', 'LYR-Sony-031122_025441.jpg', 'LYR-Sony-031122_025452.jpg', 'LYR-Sony-031122_025504.jpg', 'LYR-Sony-031122_025516.jpg', 'LYR-Sony-031122_025527.jpg', 'LYR-Sony-031122_025539.jpg', 'LYR-Sony-031122_025551.jpg', 'LYR-Sony-031122_025602.jpg', 'LYR-Sony-031122_025614.jpg', 'LYR-Sony-031122_025625.jpg', 'LYR-Sony-031122_025636.jpg', 'LYR-Sony-031122_025648.jpg', 'LYR-Sony-031122_025659.jpg', 'LYR-Sony-031122_025711.jpg', 'LYR-Sony-031122_025722.jpg', 'LYR-Sony-031122_025734.jpg', 'LYR-Sony-031122_025745.jpg', 'LYR-Sony-031122_025757.jpg', 'LYR-Sony-031122_025809.jpg', 'LYR-Sony-031122_025820.jpg', 'LYR-Sony-031122_025831.jpg', 'LYR-Sony-031122_025843.jpg', 'LYR-Sony-031122_025855.jpg', 'LYR-Sony-031122_025906.jpg', 'LYR-Sony-031122_025918.jpg', 'LYR-Sony-031122_025929.jpg', 'LYR-Sony-031122_025941.jpg', 'LYR-Sony-031122_025952.jpg', 'LYR-Sony-031122_030004.jpg', 'LYR-Sony-031122_030015.jpg', 'LYR-Sony-031122_030027.jpg', 'LYR-Sony-031122_030038.jpg', 'LYR-Sony-031122_030050.jpg', 'LYR-Sony-031122_030101.jpg', 'LYR-Sony-031122_030113.jpg', 'LYR-Sony-031122_030124.jpg', 'LYR-Sony-031122_030136.jpg', 'LYR-Sony-031122_030148.jpg', 'LYR-Sony-031122_030159.jpg', 'LYR-Sony-031122_030211.jpg', 'LYR-Sony-031122_030222.jpg', 'LYR-Sony-031122_030234.jpg', 'LYR-Sony-031122_030245.jpg', 'LYR-Sony-031122_030257.jpg', 'LYR-Sony-031122_030308.jpg', 'LYR-Sony-031122_030319.jpg', 'LYR-Sony-031122_030331.jpg', 'LYR-Sony-031122_030342.jpg', 'LYR-Sony-031122_030354.jpg', 'LYR-Sony-031122_030405.jpg', 'LYR-Sony-031122_030417.jpg', 'LYR-Sony-031122_030428.jpg', 'LYR-Sony-031122_030440.jpg', 'LYR-Sony-031122_030451.jpg', 'LYR-Sony-031122_030503.jpg', 'LYR-Sony-031122_030515.jpg', 'LYR-Sony-031122_030526.jpg', 'LYR-Sony-031122_030537.jpg', 'LYR-Sony-031122_030549.jpg', 'LYR-Sony-031122_030601.jpg', 'LYR-Sony-031122_030612.jpg', 'LYR-Sony-031122_030623.jpg', 'LYR-Sony-031122_030635.jpg', 'LYR-Sony-031122_030646.jpg', 'LYR-Sony-031122_030658.jpg', 'LYR-Sony-031122_030709.jpg', 'LYR-Sony-031122_030721.jpg', 'LYR-Sony-031122_030733.jpg', 'LYR-Sony-031122_030744.jpg', 'LYR-Sony-031122_030755.jpg', 'LYR-Sony-031122_030807.jpg', 'LYR-Sony-031122_030818.jpg', 'LYR-Sony-031122_030830.jpg', 'LYR-Sony-031122_030842.jpg', 'LYR-Sony-031122_030853.jpg', 'LYR-Sony-031122_030904.jpg', 'LYR-Sony-031122_030916.jpg', 'LYR-Sony-031122_030928.jpg', 'LYR-Sony-031122_030939.jpg', 'LYR-Sony-031122_030950.jpg', 'LYR-Sony-031122_031002.jpg', 'LYR-Sony-031122_031014.jpg', 'LYR-Sony-031122_031025.jpg', 'LYR-Sony-031122_031037.jpg', 'LYR-Sony-031122_031048.jpg', 'LYR-Sony-031122_031059.jpg', 'LYR-Sony-031122_031111.jpg', 'LYR-Sony-031122_031122.jpg', 'LYR-Sony-031122_031134.jpg', 'LYR-Sony-031122_031145.jpg', 'LYR-Sony-031122_031156.jpg', 'LYR-Sony-031122_031208.jpg', 'LYR-Sony-031122_031219.jpg', 'LYR-Sony-031122_031231.jpg', 'LYR-Sony-031122_031242.jpg', 'LYR-Sony-031122_031254.jpg', 'LYR-Sony-031122_031306.jpg', 'LYR-Sony-031122_031317.jpg', 'LYR-Sony-031122_031328.jpg', 'LYR-Sony-031122_031340.jpg', 'LYR-Sony-031122_031351.jpg', 'LYR-Sony-031122_031403.jpg', 'LYR-Sony-031122_031414.jpg', 'LYR-Sony-031122_031426.jpg', 'LYR-Sony-031122_031437.jpg', 'LYR-Sony-031122_031448.jpg', 'LYR-Sony-031122_031500.jpg', 'LYR-Sony-031122_031511.jpg', 'LYR-Sony-031122_031523.jpg', 'LYR-Sony-031122_031534.jpg', 'LYR-Sony-031122_031545.jpg', 'LYR-Sony-031122_031557.jpg', 'LYR-Sony-031122_031608.jpg', 'LYR-Sony-031122_031620.jpg', 'LYR-Sony-031122_031631.jpg', 'LYR-Sony-031122_031642.jpg', 'LYR-Sony-031122_031654.jpg', 'LYR-Sony-031122_031706.jpg', 'LYR-Sony-031122_031717.jpg', 'LYR-Sony-031122_031729.jpg', 'LYR-Sony-031122_031740.jpg', 'LYR-Sony-031122_031751.jpg', 'LYR-Sony-031122_031803.jpg', 'LYR-Sony-031122_031814.jpg', 'LYR-Sony-031122_031826.jpg', 'LYR-Sony-031122_031837.jpg', 'LYR-Sony-031122_031849.jpg', 'LYR-Sony-031122_031900.jpg', 'LYR-Sony-031122_031912.jpg', 'LYR-Sony-031122_031924.jpg', 'LYR-Sony-031122_031935.jpg', 'LYR-Sony-031122_031947.jpg', 'LYR-Sony-031122_031958.jpg', 'LYR-Sony-031122_032010.jpg', 'LYR-Sony-031122_032021.jpg', 'LYR-Sony-031122_032033.jpg', 'LYR-Sony-031122_032044.jpg', 'LYR-Sony-031122_032056.jpg', 'LYR-Sony-031122_032107.jpg', 'LYR-Sony-031122_032119.jpg', 'LYR-Sony-031122_032130.jpg', 'LYR-Sony-031122_032142.jpg', 'LYR-Sony-031122_032153.jpg', 'LYR-Sony-031122_032205.jpg', 'LYR-Sony-031122_032216.jpg', 'LYR-Sony-031122_032228.jpg', 'LYR-Sony-031122_032239.jpg', 'LYR-Sony-031122_032251.jpg', 'LYR-Sony-031122_032303.jpg', 'LYR-Sony-031122_032314.jpg', 'LYR-Sony-031122_032326.jpg', 'LYR-Sony-031122_032338.jpg', 'LYR-Sony-031122_032349.jpg', 'LYR-Sony-031122_032401.jpg', 'LYR-Sony-031122_032413.jpg', 'LYR-Sony-031122_032425.jpg', 'LYR-Sony-031122_032436.jpg', 'LYR-Sony-031122_032448.jpg', 'LYR-Sony-031122_032459.jpg', 'LYR-Sony-031122_032511.jpg', 'LYR-Sony-031122_032523.jpg', 'LYR-Sony-031122_032534.jpg', 'LYR-Sony-031122_032545.jpg', 'LYR-Sony-031122_032557.jpg', 'LYR-Sony-031122_032608.jpg', 'LYR-Sony-031122_032620.jpg', 'LYR-Sony-031122_032631.jpg', 'LYR-Sony-031122_032643.jpg', 'LYR-Sony-031122_032654.jpg', 'LYR-Sony-031122_032706.jpg', 'LYR-Sony-031122_032717.jpg', 'LYR-Sony-031122_032729.jpg', 'LYR-Sony-031122_032740.jpg', 'LYR-Sony-031122_032752.jpg', 'LYR-Sony-031122_032804.jpg', 'LYR-Sony-031122_032815.jpg', 'LYR-Sony-031122_032827.jpg', 'LYR-Sony-031122_032838.jpg', 'LYR-Sony-031122_032850.jpg', 'LYR-Sony-031122_032901.jpg', 'LYR-Sony-031122_032913.jpg', 'LYR-Sony-031122_032924.jpg', 'LYR-Sony-031122_032936.jpg', 'LYR-Sony-031122_032948.jpg', 'LYR-Sony-031122_032959.jpg', 'LYR-Sony-031122_033011.jpg', 'LYR-Sony-031122_033023.jpg', 'LYR-Sony-031122_033034.jpg', 'LYR-Sony-031122_033045.jpg', 'LYR-Sony-031122_033057.jpg', 'LYR-Sony-031122_033109.jpg', 'LYR-Sony-031122_033120.jpg', 'LYR-Sony-031122_033132.jpg', 'LYR-Sony-031122_033143.jpg', 'LYR-Sony-031122_033155.jpg', 'LYR-Sony-031122_033206.jpg', 'LYR-Sony-031122_033218.jpg', 'LYR-Sony-031122_033230.jpg', 'LYR-Sony-031122_033241.jpg', 'LYR-Sony-031122_033253.jpg', 'LYR-Sony-031122_033305.jpg', 'LYR-Sony-031122_033316.jpg', 'LYR-Sony-031122_033328.jpg', 'LYR-Sony-031122_033339.jpg', 'LYR-Sony-031122_033350.jpg', 'LYR-Sony-031122_033402.jpg', 'LYR-Sony-031122_033413.jpg', 'LYR-Sony-031122_033425.jpg', 'LYR-Sony-031122_033436.jpg', 'LYR-Sony-031122_033448.jpg', 'LYR-Sony-031122_033500.jpg', 'LYR-Sony-031122_033511.jpg', 'LYR-Sony-031122_033523.jpg', 'LYR-Sony-031122_033534.jpg', 'LYR-Sony-031122_033546.jpg', 'LYR-Sony-031122_033557.jpg', 'LYR-Sony-031122_033609.jpg', 'LYR-Sony-031122_033620.jpg', 'LYR-Sony-031122_033632.jpg', 'LYR-Sony-031122_033643.jpg', 'LYR-Sony-031122_033655.jpg', 'LYR-Sony-031122_033706.jpg', 'LYR-Sony-031122_033718.jpg', 'LYR-Sony-031122_033730.jpg', 'LYR-Sony-031122_033741.jpg', 'LYR-Sony-031122_033753.jpg', 'LYR-Sony-031122_033805.jpg', 'LYR-Sony-031122_033817.jpg', 'LYR-Sony-031122_033828.jpg', 'LYR-Sony-031122_033840.jpg', 'LYR-Sony-031122_033851.jpg', 'LYR-Sony-031122_033903.jpg', 'LYR-Sony-031122_033915.jpg', 'LYR-Sony-031122_033926.jpg', 'LYR-Sony-031122_033937.jpg', 'LYR-Sony-031122_033949.jpg', 'LYR-Sony-031122_034001.jpg', 'LYR-Sony-031122_034012.jpg', 'LYR-Sony-031122_034024.jpg', 'LYR-Sony-031122_034036.jpg', 'LYR-Sony-031122_034047.jpg', 'LYR-Sony-031122_034059.jpg', 'LYR-Sony-031122_034110.jpg', 'LYR-Sony-031122_034121.jpg', 'LYR-Sony-031122_034133.jpg', 'LYR-Sony-031122_034144.jpg', 'LYR-Sony-031122_034155.jpg', 'LYR-Sony-031122_034207.jpg', 'LYR-Sony-031122_034218.jpg', 'LYR-Sony-031122_034230.jpg', 'LYR-Sony-031122_034241.jpg', 'LYR-Sony-031122_034253.jpg', 'LYR-Sony-031122_034304.jpg', 'LYR-Sony-031122_034316.jpg', 'LYR-Sony-031122_034327.jpg', 'LYR-Sony-031122_034339.jpg', 'LYR-Sony-031122_034350.jpg', 'LYR-Sony-031122_034401.jpg', 'LYR-Sony-031122_034413.jpg', 'LYR-Sony-031122_034424.jpg', 'LYR-Sony-031122_034436.jpg', 'LYR-Sony-031122_034447.jpg', 'LYR-Sony-031122_034458.jpg', 'LYR-Sony-031122_034510.jpg', 'LYR-Sony-031122_034521.jpg', 'LYR-Sony-031122_034533.jpg', 'LYR-Sony-031122_034544.jpg', 'LYR-Sony-031122_034555.jpg', 'LYR-Sony-031122_034607.jpg', 'LYR-Sony-031122_034618.jpg', 'LYR-Sony-031122_034630.jpg', 'LYR-Sony-031122_034641.jpg', 'LYR-Sony-031122_034653.jpg', 'LYR-Sony-031122_034704.jpg', 'LYR-Sony-031122_034716.jpg', 'LYR-Sony-031122_034727.jpg', 'LYR-Sony-031122_034739.jpg', 'LYR-Sony-031122_034750.jpg', 'LYR-Sony-031122_034802.jpg', 'LYR-Sony-031122_034813.jpg', 'LYR-Sony-031122_034824.jpg', 'LYR-Sony-031122_034836.jpg', 'LYR-Sony-031122_034847.jpg', 'LYR-Sony-031122_034859.jpg', 'LYR-Sony-031122_034910.jpg', 'LYR-Sony-031122_034922.jpg', 'LYR-Sony-031122_034934.jpg', 'LYR-Sony-031122_034945.jpg', 'LYR-Sony-031122_034957.jpg', 'LYR-Sony-031122_035008.jpg', 'LYR-Sony-031122_035020.jpg', 'LYR-Sony-031122_035031.jpg', 'LYR-Sony-031122_035042.jpg', 'LYR-Sony-031122_035054.jpg', 'LYR-Sony-031122_035105.jpg', 'LYR-Sony-031122_035117.jpg', 'LYR-Sony-031122_035129.jpg', 'LYR-Sony-031122_035140.jpg', 'LYR-Sony-031122_035152.jpg', 'LYR-Sony-031122_035203.jpg', 'LYR-Sony-031122_035215.jpg', 'LYR-Sony-031122_035227.jpg', 'LYR-Sony-031122_035239.jpg', 'LYR-Sony-031122_035250.jpg', 'LYR-Sony-031122_035302.jpg', 'LYR-Sony-031122_035313.jpg', 'LYR-Sony-031122_035324.jpg', 'LYR-Sony-031122_035336.jpg', 'LYR-Sony-031122_035347.jpg', 'LYR-Sony-031122_035359.jpg', 'LYR-Sony-031122_035410.jpg', 'LYR-Sony-031122_035421.jpg', 'LYR-Sony-031122_035433.jpg', 'LYR-Sony-031122_035444.jpg', 'LYR-Sony-031122_035456.jpg', 'LYR-Sony-031122_035508.jpg', 'LYR-Sony-031122_035519.jpg', 'LYR-Sony-031122_035531.jpg', 'LYR-Sony-031122_035543.jpg', 'LYR-Sony-031122_035554.jpg', 'LYR-Sony-031122_035606.jpg', 'LYR-Sony-031122_035617.jpg', 'LYR-Sony-031122_035629.jpg', 'LYR-Sony-031122_035640.jpg', 'LYR-Sony-031122_035652.jpg', 'LYR-Sony-031122_035704.jpg', 'LYR-Sony-031122_035715.jpg', 'LYR-Sony-031122_035727.jpg', 'LYR-Sony-031122_035738.jpg', 'LYR-Sony-031122_035749.jpg', 'LYR-Sony-031122_035801.jpg', 'LYR-Sony-031122_035812.jpg', 'LYR-Sony-031122_035824.jpg', 'LYR-Sony-031122_035835.jpg', 'LYR-Sony-031122_035847.jpg', 'LYR-Sony-031122_035858.jpg', 'LYR-Sony-031122_035910.jpg', 'LYR-Sony-031122_035921.jpg', 'LYR-Sony-031122_035933.jpg', 'LYR-Sony-031122_035945.jpg', 'LYR-Sony-031122_035956.jpg', 'LYR-Sony-031122_040008.jpg', 'LYR-Sony-031122_040020.jpg', 'LYR-Sony-031122_040031.jpg', 'LYR-Sony-031122_040043.jpg', 'LYR-Sony-031122_040055.jpg', 'LYR-Sony-031122_040106.jpg', 'LYR-Sony-031122_040117.jpg', 'LYR-Sony-031122_040129.jpg', 'LYR-Sony-031122_040140.jpg', 'LYR-Sony-031122_040152.jpg', 'LYR-Sony-031122_040203.jpg', 'LYR-Sony-031122_040215.jpg', 'LYR-Sony-031122_040226.jpg', 'LYR-Sony-031122_040237.jpg', 'LYR-Sony-031122_040249.jpg', 'LYR-Sony-031122_040300.jpg', 'LYR-Sony-031122_040312.jpg', 'LYR-Sony-031122_040324.jpg', 'LYR-Sony-031122_040335.jpg', 'LYR-Sony-031122_040346.jpg', 'LYR-Sony-031122_040358.jpg', 'LYR-Sony-031122_040410.jpg', 'LYR-Sony-031122_040421.jpg', 'LYR-Sony-031122_040433.jpg', 'LYR-Sony-031122_040444.jpg', 'LYR-Sony-031122_040456.jpg', 'LYR-Sony-031122_040508.jpg', 'LYR-Sony-031122_040519.jpg', 'LYR-Sony-031122_040531.jpg', 'LYR-Sony-031122_040542.jpg', 'LYR-Sony-031122_040554.jpg', 'LYR-Sony-031122_040605.jpg', 'LYR-Sony-031122_040617.jpg', 'LYR-Sony-031122_040628.jpg', 'LYR-Sony-031122_040640.jpg', 'LYR-Sony-031122_040651.jpg', 'LYR-Sony-031122_040703.jpg', 'LYR-Sony-031122_040714.jpg', 'LYR-Sony-031122_040726.jpg', 'LYR-Sony-031122_040737.jpg', 'LYR-Sony-031122_040749.jpg', 'LYR-Sony-031122_040800.jpg', 'LYR-Sony-031122_040812.jpg', 'LYR-Sony-031122_040823.jpg', 'LYR-Sony-031122_040835.jpg', 'LYR-Sony-031122_040846.jpg', 'LYR-Sony-031122_040858.jpg', 'LYR-Sony-031122_040909.jpg', 'LYR-Sony-031122_040921.jpg', 'LYR-Sony-031122_040933.jpg', 'LYR-Sony-031122_040944.jpg', 'LYR-Sony-031122_040955.jpg', 'LYR-Sony-031122_041007.jpg', 'LYR-Sony-031122_041018.jpg', 'LYR-Sony-031122_041030.jpg', 'LYR-Sony-031122_041042.jpg', 'LYR-Sony-031122_041053.jpg', 'LYR-Sony-031122_041105.jpg', 'LYR-Sony-031122_041116.jpg', 'LYR-Sony-031122_041128.jpg', 'LYR-Sony-031122_041139.jpg', 'LYR-Sony-031122_041151.jpg', 'LYR-Sony-031122_041202.jpg', 'LYR-Sony-031122_041214.jpg', 'LYR-Sony-031122_041226.jpg', 'LYR-Sony-031122_041237.jpg', 'LYR-Sony-031122_041249.jpg', 'LYR-Sony-031122_041300.jpg', 'LYR-Sony-031122_041312.jpg', 'LYR-Sony-031122_041323.jpg', 'LYR-Sony-031122_041335.jpg', 'LYR-Sony-031122_041346.jpg', 'LYR-Sony-031122_041358.jpg', 'LYR-Sony-031122_041410.jpg', 'LYR-Sony-031122_041422.jpg', 'LYR-Sony-031122_041433.jpg', 'LYR-Sony-031122_041444.jpg', 'LYR-Sony-031122_041456.jpg', 'LYR-Sony-031122_041507.jpg', 'LYR-Sony-031122_041519.jpg', 'LYR-Sony-031122_041530.jpg', 'LYR-Sony-031122_041542.jpg', 'LYR-Sony-031122_041553.jpg', 'LYR-Sony-031122_041604.jpg', 'LYR-Sony-031122_041616.jpg', 'LYR-Sony-031122_041627.jpg', 'LYR-Sony-031122_041639.jpg', 'LYR-Sony-031122_041650.jpg', 'LYR-Sony-031122_041702.jpg', 'LYR-Sony-031122_041713.jpg', 'LYR-Sony-031122_041724.jpg', 'LYR-Sony-031122_041736.jpg', 'LYR-Sony-031122_041747.jpg', 'LYR-Sony-031122_041759.jpg', 'LYR-Sony-031122_041810.jpg', 'LYR-Sony-031122_041822.jpg', 'LYR-Sony-031122_041833.jpg', 'LYR-Sony-031122_041845.jpg', 'LYR-Sony-031122_041857.jpg', 'LYR-Sony-031122_041908.jpg', 'LYR-Sony-031122_041920.jpg', 'LYR-Sony-031122_041931.jpg', 'LYR-Sony-031122_041943.jpg', 'LYR-Sony-031122_041954.jpg', 'LYR-Sony-031122_042005.jpg', 'LYR-Sony-031122_042017.jpg', 'LYR-Sony-031122_042028.jpg', 'LYR-Sony-031122_042040.jpg', 'LYR-Sony-031122_042051.jpg', 'LYR-Sony-031122_042103.jpg', 'LYR-Sony-031122_042114.jpg', 'LYR-Sony-031122_042125.jpg', 'LYR-Sony-031122_042137.jpg', 'LYR-Sony-031122_042148.jpg', 'LYR-Sony-031122_042159.jpg', 'LYR-Sony-031122_042211.jpg', 'LYR-Sony-031122_042222.jpg', 'LYR-Sony-031122_042234.jpg', 'LYR-Sony-031122_042246.jpg', 'LYR-Sony-031122_042258.jpg', 'LYR-Sony-031122_042309.jpg', 'LYR-Sony-031122_042320.jpg', 'LYR-Sony-031122_042332.jpg', 'LYR-Sony-031122_042344.jpg', 'LYR-Sony-031122_042355.jpg', 'LYR-Sony-031122_042407.jpg', 'LYR-Sony-031122_042418.jpg', 'LYR-Sony-031122_042430.jpg', 'LYR-Sony-031122_042442.jpg', 'LYR-Sony-031122_042453.jpg', 'LYR-Sony-031122_042504.jpg', 'LYR-Sony-031122_042516.jpg', 'LYR-Sony-031122_042527.jpg', 'LYR-Sony-031122_042539.jpg', 'LYR-Sony-031122_042550.jpg', 'LYR-Sony-031122_042602.jpg', 'LYR-Sony-031122_042613.jpg', 'LYR-Sony-031122_042625.jpg', 'LYR-Sony-031122_042636.jpg', 'LYR-Sony-031122_042648.jpg', 'LYR-Sony-031122_042659.jpg', 'LYR-Sony-031122_042711.jpg', 'LYR-Sony-031122_042723.jpg', 'LYR-Sony-031122_042734.jpg', 'LYR-Sony-031122_042746.jpg', 'LYR-Sony-031122_042757.jpg', 'LYR-Sony-031122_042809.jpg', 'LYR-Sony-031122_042820.jpg', 'LYR-Sony-031122_042832.jpg', 'LYR-Sony-031122_042843.jpg', 'LYR-Sony-031122_042855.jpg', 'LYR-Sony-031122_042907.jpg', 'LYR-Sony-031122_042918.jpg', 'LYR-Sony-031122_042929.jpg', 'LYR-Sony-031122_042941.jpg', 'LYR-Sony-031122_042952.jpg', 'LYR-Sony-031122_043004.jpg', 'LYR-Sony-031122_043016.jpg', 'LYR-Sony-031122_043027.jpg', 'LYR-Sony-031122_043039.jpg', 'LYR-Sony-031122_043050.jpg', 'LYR-Sony-031122_043102.jpg', 'LYR-Sony-031122_043113.jpg', 'LYR-Sony-031122_043125.jpg', 'LYR-Sony-031122_043136.jpg', 'LYR-Sony-031122_043148.jpg', 'LYR-Sony-031122_043159.jpg', 'LYR-Sony-031122_043210.jpg', 'LYR-Sony-031122_043222.jpg', 'LYR-Sony-031122_043233.jpg', 'LYR-Sony-031122_043244.jpg', 'LYR-Sony-031122_043256.jpg', 'LYR-Sony-031122_043308.jpg', 'LYR-Sony-031122_043319.jpg', 'LYR-Sony-031122_043330.jpg', 'LYR-Sony-031122_043342.jpg', 'LYR-Sony-031122_043353.jpg', 'LYR-Sony-031122_043405.jpg', 'LYR-Sony-031122_043416.jpg', 'LYR-Sony-031122_043428.jpg', 'LYR-Sony-031122_043439.jpg', 'LYR-Sony-031122_043451.jpg', 'LYR-Sony-031122_043503.jpg', 'LYR-Sony-031122_043514.jpg', 'LYR-Sony-031122_043526.jpg', 'LYR-Sony-031122_043537.jpg', 'LYR-Sony-031122_043548.jpg', 'LYR-Sony-031122_043600.jpg', 'LYR-Sony-031122_043611.jpg', 'LYR-Sony-031122_043623.jpg', 'LYR-Sony-031122_043634.jpg', 'LYR-Sony-031122_043645.jpg', 'LYR-Sony-031122_043657.jpg', 'LYR-Sony-031122_043708.jpg', 'LYR-Sony-031122_043720.jpg', 'LYR-Sony-031122_043731.jpg', 'LYR-Sony-031122_043743.jpg', 'LYR-Sony-031122_043754.jpg', 'LYR-Sony-031122_043806.jpg', 'LYR-Sony-031122_043817.jpg', 'LYR-Sony-031122_043829.jpg', 'LYR-Sony-031122_043841.jpg', 'LYR-Sony-031122_043852.jpg', 'LYR-Sony-031122_043904.jpg', 'LYR-Sony-031122_043915.jpg', 'LYR-Sony-031122_043926.jpg', 'LYR-Sony-031122_043938.jpg', 'LYR-Sony-031122_043949.jpg', 'LYR-Sony-031122_044001.jpg', 'LYR-Sony-031122_044013.jpg', 'LYR-Sony-031122_044024.jpg', 'LYR-Sony-031122_044036.jpg', 'LYR-Sony-031122_044048.jpg', 'LYR-Sony-031122_044059.jpg', 'LYR-Sony-031122_044111.jpg', 'LYR-Sony-031122_044122.jpg', 'LYR-Sony-031122_044134.jpg', 'LYR-Sony-031122_044145.jpg', 'LYR-Sony-031122_044157.jpg', 'LYR-Sony-031122_044208.jpg', 'LYR-Sony-031122_044220.jpg', 'LYR-Sony-031122_044231.jpg', 'LYR-Sony-031122_044242.jpg', 'LYR-Sony-031122_044254.jpg', 'LYR-Sony-031122_044305.jpg', 'LYR-Sony-031122_044317.jpg', 'LYR-Sony-031122_044329.jpg', 'LYR-Sony-031122_044340.jpg', 'LYR-Sony-031122_044352.jpg', 'LYR-Sony-031122_044403.jpg', 'LYR-Sony-031122_044415.jpg', 'LYR-Sony-031122_044427.jpg', 'LYR-Sony-031122_044438.jpg', 'LYR-Sony-031122_044450.jpg', 'LYR-Sony-031122_044501.jpg', 'LYR-Sony-031122_044513.jpg', 'LYR-Sony-031122_044524.jpg', 'LYR-Sony-031122_044536.jpg', 'LYR-Sony-031122_044548.jpg', 'LYR-Sony-031122_044559.jpg', 'LYR-Sony-031122_044611.jpg', 'LYR-Sony-031122_044622.jpg', 'LYR-Sony-031122_044634.jpg', 'LYR-Sony-031122_044646.jpg', 'LYR-Sony-031122_044657.jpg', 'LYR-Sony-031122_044709.jpg', 'LYR-Sony-031122_044720.jpg', 'LYR-Sony-031122_044732.jpg', 'LYR-Sony-031122_044743.jpg', 'LYR-Sony-031122_044755.jpg', 'LYR-Sony-031122_044807.jpg', 'LYR-Sony-031122_044818.jpg', 'LYR-Sony-031122_044830.jpg', 'LYR-Sony-031122_044841.jpg', 'LYR-Sony-031122_044853.jpg', 'LYR-Sony-031122_044905.jpg', 'LYR-Sony-031122_044916.jpg', 'LYR-Sony-031122_044928.jpg', 'LYR-Sony-031122_044940.jpg', 'LYR-Sony-031122_044951.jpg', 'LYR-Sony-031122_045003.jpg', 'LYR-Sony-031122_045015.jpg', 'LYR-Sony-031122_045026.jpg', 'LYR-Sony-031122_045038.jpg', 'LYR-Sony-031122_045050.jpg', 'LYR-Sony-031122_045101.jpg', 'LYR-Sony-031122_045113.jpg', 'LYR-Sony-031122_045125.jpg', 'LYR-Sony-031122_045136.jpg', 'LYR-Sony-031122_045148.jpg', 'LYR-Sony-031122_045200.jpg', 'LYR-Sony-031122_045211.jpg', 'LYR-Sony-031122_045223.jpg', 'LYR-Sony-031122_045234.jpg', 'LYR-Sony-031122_045246.jpg', 'LYR-Sony-031122_045257.jpg', 'LYR-Sony-031122_045309.jpg', 'LYR-Sony-031122_045320.jpg', 'LYR-Sony-031122_045332.jpg', 'LYR-Sony-031122_045343.jpg', 'LYR-Sony-031122_045355.jpg', 'LYR-Sony-031122_045407.jpg', 'LYR-Sony-031122_045418.jpg', 'LYR-Sony-031122_045430.jpg', 'LYR-Sony-031122_045442.jpg', 'LYR-Sony-031122_045453.jpg', 'LYR-Sony-031122_045505.jpg', 'LYR-Sony-031122_045517.jpg', 'LYR-Sony-031122_045529.jpg', 'LYR-Sony-031122_045540.jpg', 'LYR-Sony-031122_045552.jpg', 'LYR-Sony-031122_045604.jpg', 'LYR-Sony-031122_045616.jpg', 'LYR-Sony-031122_045627.jpg', 'LYR-Sony-031122_045639.jpg', 'LYR-Sony-031122_045651.jpg', 'LYR-Sony-031122_045702.jpg', 'LYR-Sony-031122_045714.jpg', 'LYR-Sony-031122_045726.jpg', 'LYR-Sony-031122_045737.jpg', 'LYR-Sony-031122_045749.jpg', 'LYR-Sony-031122_045800.jpg', 'LYR-Sony-031122_045812.jpg', 'LYR-Sony-031122_045824.jpg', 'LYR-Sony-031122_045835.jpg', 'LYR-Sony-031122_045847.jpg', 'LYR-Sony-031122_045859.jpg', 'LYR-Sony-031122_045911.jpg', 'LYR-Sony-031122_045922.jpg', 'LYR-Sony-031122_045934.jpg', 'LYR-Sony-031122_045946.jpg', 'LYR-Sony-031122_045958.jpg', 'LYR-Sony-031122_050009.jpg', 'LYR-Sony-031122_050021.jpg', 'LYR-Sony-031122_050033.jpg', 'LYR-Sony-031122_050045.jpg', 'LYR-Sony-031122_050057.jpg', 'LYR-Sony-031122_050108.jpg', 'LYR-Sony-031122_050120.jpg', 'LYR-Sony-031122_050132.jpg', 'LYR-Sony-031122_050143.jpg', 'LYR-Sony-031122_050155.jpg', 'LYR-Sony-031122_050207.jpg', 'LYR-Sony-031122_050218.jpg', 'LYR-Sony-031122_050230.jpg', 'LYR-Sony-031122_050241.jpg', 'LYR-Sony-031122_050253.jpg', 'LYR-Sony-031122_050305.jpg', 'LYR-Sony-031122_050316.jpg', 'LYR-Sony-031122_050328.jpg', 'LYR-Sony-031122_050340.jpg', 'LYR-Sony-031122_050352.jpg', 'LYR-Sony-031122_050403.jpg', 'LYR-Sony-031122_050415.jpg', 'LYR-Sony-031122_050427.jpg', 'LYR-Sony-031122_050438.jpg', 'LYR-Sony-031122_050450.jpg', 'LYR-Sony-031122_050502.jpg', 'LYR-Sony-031122_050513.jpg', 'LYR-Sony-031122_050525.jpg', 'LYR-Sony-031122_050537.jpg', 'LYR-Sony-031122_050549.jpg', 'LYR-Sony-031122_050600.jpg', 'LYR-Sony-031122_050612.jpg', 'LYR-Sony-031122_050623.jpg', 'LYR-Sony-031122_050635.jpg', 'LYR-Sony-031122_050647.jpg', 'LYR-Sony-031122_050659.jpg', 'LYR-Sony-031122_050711.jpg', 'LYR-Sony-031122_050723.jpg', 'LYR-Sony-031122_050734.jpg', 'LYR-Sony-031122_050746.jpg', 'LYR-Sony-031122_050758.jpg', 'LYR-Sony-031122_050810.jpg', 'LYR-Sony-031122_050822.jpg', 'LYR-Sony-031122_050834.jpg', 'LYR-Sony-031122_050845.jpg', 'LYR-Sony-031122_050857.jpg', 'LYR-Sony-031122_050908.jpg', 'LYR-Sony-031122_050920.jpg', 'LYR-Sony-031122_050932.jpg', 'LYR-Sony-031122_050944.jpg', 'LYR-Sony-031122_050956.jpg', 'LYR-Sony-031122_051007.jpg', 'LYR-Sony-031122_051019.jpg', 'LYR-Sony-031122_051031.jpg', 'LYR-Sony-031122_051042.jpg', 'LYR-Sony-031122_051054.jpg', 'LYR-Sony-031122_051106.jpg', 'LYR-Sony-031122_051117.jpg', 'LYR-Sony-031122_051129.jpg', 'LYR-Sony-031122_051141.jpg', 'LYR-Sony-031122_051152.jpg', 'LYR-Sony-031122_051204.jpg', 'LYR-Sony-031122_051216.jpg', 'LYR-Sony-031122_051228.jpg', 'LYR-Sony-031122_051240.jpg', 'LYR-Sony-031122_051251.jpg', 'LYR-Sony-031122_051303.jpg', 'LYR-Sony-031122_051315.jpg', 'LYR-Sony-031122_051326.jpg', 'LYR-Sony-031122_051338.jpg', 'LYR-Sony-031122_051350.jpg', 'LYR-Sony-031122_051401.jpg', 'LYR-Sony-031122_051413.jpg', 'LYR-Sony-031122_051425.jpg', 'LYR-Sony-031122_051437.jpg', 'LYR-Sony-031122_051449.jpg', 'LYR-Sony-031122_051500.jpg', 'LYR-Sony-031122_051512.jpg', 'LYR-Sony-031122_051524.jpg', 'LYR-Sony-031122_051536.jpg', 'LYR-Sony-031122_051547.jpg', 'LYR-Sony-031122_051559.jpg', 'LYR-Sony-031122_051611.jpg', 'LYR-Sony-031122_051622.jpg', 'LYR-Sony-031122_051634.jpg', 'LYR-Sony-031122_051646.jpg', 'LYR-Sony-031122_051657.jpg', 'LYR-Sony-031122_051709.jpg', 'LYR-Sony-031122_051721.jpg', 'LYR-Sony-031122_051733.jpg', 'LYR-Sony-031122_051744.jpg', 'LYR-Sony-031122_051756.jpg', 'LYR-Sony-031122_051808.jpg', 'LYR-Sony-031122_051820.jpg', 'LYR-Sony-031122_051832.jpg', 'LYR-Sony-031122_051844.jpg', 'LYR-Sony-031122_051856.jpg', 'LYR-Sony-031122_051908.jpg', 'LYR-Sony-031122_051919.jpg', 'LYR-Sony-031122_051931.jpg', 'LYR-Sony-031122_051943.jpg', 'LYR-Sony-031122_051955.jpg', 'LYR-Sony-031122_052006.jpg', 'LYR-Sony-031122_052019.jpg', 'LYR-Sony-031122_052030.jpg', 'LYR-Sony-031122_052042.jpg', 'LYR-Sony-031122_052054.jpg', 'LYR-Sony-031122_052105.jpg', 'LYR-Sony-031122_052117.jpg', 'LYR-Sony-031122_052129.jpg', 'LYR-Sony-031122_052141.jpg', 'LYR-Sony-031122_052152.jpg', 'LYR-Sony-031122_052204.jpg', 'LYR-Sony-031122_052216.jpg', 'LYR-Sony-031122_052227.jpg', 'LYR-Sony-031122_052239.jpg', 'LYR-Sony-031122_052251.jpg', 'LYR-Sony-031122_052302.jpg', 'LYR-Sony-031122_052314.jpg', 'LYR-Sony-031122_052326.jpg', 'LYR-Sony-031122_052337.jpg', 'LYR-Sony-031122_052350.jpg', 'LYR-Sony-031122_052402.jpg', 'LYR-Sony-031122_052414.jpg', 'LYR-Sony-031122_052425.jpg', 'LYR-Sony-031122_052437.jpg', 'LYR-Sony-031122_052448.jpg', 'LYR-Sony-031122_052500.jpg', 'LYR-Sony-031122_052512.jpg', 'LYR-Sony-031122_052523.jpg', 'LYR-Sony-031122_052535.jpg', 'LYR-Sony-031122_052547.jpg', 'LYR-Sony-031122_052558.jpg', 'LYR-Sony-031122_052610.jpg', 'LYR-Sony-031122_052622.jpg', 'LYR-Sony-031122_052633.jpg', 'LYR-Sony-031122_052645.jpg', 'LYR-Sony-031122_052657.jpg', 'LYR-Sony-031122_052709.jpg', 'LYR-Sony-031122_052720.jpg', 'LYR-Sony-031122_052732.jpg', 'LYR-Sony-031122_052744.jpg', 'LYR-Sony-031122_052756.jpg', 'LYR-Sony-031122_052808.jpg', 'LYR-Sony-031122_052819.jpg', 'LYR-Sony-031122_052832.jpg', 'LYR-Sony-031122_052843.jpg', 'LYR-Sony-031122_052855.jpg', 'LYR-Sony-031122_052907.jpg', 'LYR-Sony-031122_052918.jpg', 'LYR-Sony-031122_052930.jpg', 'LYR-Sony-031122_052942.jpg', 'LYR-Sony-031122_052954.jpg', 'LYR-Sony-031122_053006.jpg', 'LYR-Sony-031122_053017.jpg', 'LYR-Sony-031122_053029.jpg', 'LYR-Sony-031122_053041.jpg', 'LYR-Sony-031122_053053.jpg', 'LYR-Sony-031122_053105.jpg', 'LYR-Sony-031122_053116.jpg', 'LYR-Sony-031122_053128.jpg', 'LYR-Sony-031122_053140.jpg', 'LYR-Sony-031122_053151.jpg', 'LYR-Sony-031122_053203.jpg', 'LYR-Sony-031122_053214.jpg', 'LYR-Sony-031122_053226.jpg', 'LYR-Sony-031122_053238.jpg', 'LYR-Sony-031122_053250.jpg', 'LYR-Sony-031122_053302.jpg', 'LYR-Sony-031122_053314.jpg', 'LYR-Sony-031122_053326.jpg', 'LYR-Sony-031122_053337.jpg', 'LYR-Sony-031122_053350.jpg', 'LYR-Sony-031122_053401.jpg', 'LYR-Sony-031122_053413.jpg', 'LYR-Sony-031122_053424.jpg', 'LYR-Sony-031122_053436.jpg', 'LYR-Sony-031122_053448.jpg', 'LYR-Sony-031122_053459.jpg', 'LYR-Sony-031122_053511.jpg', 'LYR-Sony-031122_053522.jpg', 'LYR-Sony-031122_053534.jpg', 'LYR-Sony-031122_053545.jpg', 'LYR-Sony-031122_053557.jpg', 'LYR-Sony-031122_053609.jpg', 'LYR-Sony-031122_053621.jpg', 'LYR-Sony-031122_053633.jpg', 'LYR-Sony-031122_053644.jpg', 'LYR-Sony-031122_053656.jpg', 'LYR-Sony-031122_053708.jpg', 'LYR-Sony-031122_053719.jpg', 'LYR-Sony-031122_053731.jpg', 'LYR-Sony-031122_053743.jpg', 'LYR-Sony-031122_053755.jpg', 'LYR-Sony-031122_053807.jpg', 'LYR-Sony-031122_053818.jpg', 'LYR-Sony-031122_053830.jpg', 'LYR-Sony-031122_053842.jpg', 'LYR-Sony-031122_053854.jpg', 'LYR-Sony-031122_053905.jpg', 'LYR-Sony-031122_053917.jpg', 'LYR-Sony-031122_053929.jpg', 'LYR-Sony-031122_053941.jpg', 'LYR-Sony-031122_053952.jpg', 'LYR-Sony-031122_054004.jpg', 'LYR-Sony-031122_054016.jpg', 'LYR-Sony-031122_054028.jpg', 'LYR-Sony-031122_054039.jpg', 'LYR-Sony-031122_054051.jpg', 'LYR-Sony-031122_054103.jpg', 'LYR-Sony-031122_054115.jpg', 'LYR-Sony-031122_054127.jpg', 'LYR-Sony-031122_054139.jpg', 'LYR-Sony-031122_054151.jpg', 'LYR-Sony-031122_054202.jpg', 'LYR-Sony-031122_054214.jpg', 'LYR-Sony-031122_054226.jpg', 'LYR-Sony-031122_054238.jpg', 'LYR-Sony-031122_054250.jpg', 'LYR-Sony-031122_054302.jpg', 'LYR-Sony-031122_054314.jpg', 'LYR-Sony-031122_054325.jpg', 'LYR-Sony-031122_054337.jpg', 'LYR-Sony-031122_054348.jpg', 'LYR-Sony-031122_054401.jpg', 'LYR-Sony-031122_054412.jpg', 'LYR-Sony-031122_054424.jpg', 'LYR-Sony-031122_054436.jpg', 'LYR-Sony-031122_054448.jpg', 'LYR-Sony-031122_054500.jpg', 'LYR-Sony-031122_054512.jpg', 'LYR-Sony-031122_054523.jpg', 'LYR-Sony-031122_054535.jpg', 'LYR-Sony-031122_054547.jpg', 'LYR-Sony-031122_054559.jpg', 'LYR-Sony-031122_054611.jpg', 'LYR-Sony-031122_054622.jpg', 'LYR-Sony-031122_054634.jpg', 'LYR-Sony-031122_054646.jpg', 'LYR-Sony-031122_054657.jpg', 'LYR-Sony-031122_054709.jpg', 'LYR-Sony-031122_054721.jpg', 'LYR-Sony-031122_054733.jpg', 'LYR-Sony-031122_054744.jpg', 'LYR-Sony-031122_054756.jpg', 'LYR-Sony-031122_054808.jpg', 'LYR-Sony-031122_054819.jpg', 'LYR-Sony-031122_054831.jpg', 'LYR-Sony-031122_054843.jpg', 'LYR-Sony-031122_054855.jpg', 'LYR-Sony-031122_054907.jpg', 'LYR-Sony-031122_054918.jpg', 'LYR-Sony-031122_054930.jpg', 'LYR-Sony-031122_054942.jpg', 'LYR-Sony-031122_054953.jpg', 'LYR-Sony-031122_055005.jpg', 'LYR-Sony-031122_055017.jpg', 'LYR-Sony-031122_055029.jpg', 'LYR-Sony-031122_055040.jpg', 'LYR-Sony-031122_055052.jpg', 'LYR-Sony-031122_055103.jpg', 'LYR-Sony-031122_055115.jpg', 'LYR-Sony-031122_055127.jpg', 'LYR-Sony-031122_055139.jpg', 'LYR-Sony-031122_055150.jpg', 'LYR-Sony-031122_055202.jpg', 'LYR-Sony-031122_055214.jpg', 'LYR-Sony-031122_055226.jpg', 'LYR-Sony-031122_055238.jpg', 'LYR-Sony-031122_055249.jpg', 'LYR-Sony-031122_055301.jpg', 'LYR-Sony-031122_055313.jpg', 'LYR-Sony-031122_055325.jpg', 'LYR-Sony-031122_055336.jpg', 'LYR-Sony-031122_055348.jpg', 'LYR-Sony-031122_055400.jpg', 'LYR-Sony-031122_055411.jpg', 'LYR-Sony-031122_055423.jpg', 'LYR-Sony-031122_055434.jpg', 'LYR-Sony-031122_055446.jpg', 'LYR-Sony-031122_055458.jpg', 'LYR-Sony-031122_055509.jpg', 'LYR-Sony-031122_055521.jpg', 'LYR-Sony-031122_055533.jpg', 'LYR-Sony-031122_055545.jpg', 'LYR-Sony-031122_055557.jpg', 'LYR-Sony-031122_055608.jpg', 'LYR-Sony-031122_055620.jpg', 'LYR-Sony-031122_055632.jpg', 'LYR-Sony-031122_055644.jpg', 'LYR-Sony-031122_055655.jpg', 'LYR-Sony-031122_055707.jpg', 'LYR-Sony-031122_055719.jpg', 'LYR-Sony-031122_055730.jpg', 'LYR-Sony-031122_055742.jpg', 'LYR-Sony-031122_055754.jpg', 'LYR-Sony-031122_055806.jpg', 'LYR-Sony-031122_055817.jpg', 'LYR-Sony-031122_055829.jpg', 'LYR-Sony-031122_055841.jpg', 'LYR-Sony-031122_055853.jpg', 'LYR-Sony-031122_055905.jpg', 'LYR-Sony-031122_055917.jpg', 'LYR-Sony-031122_055929.jpg', 'LYR-Sony-031122_055940.jpg', 'LYR-Sony-031122_055952.jpg', 'LYR-Sony-031122_060003.jpg', 'LYR-Sony-031122_060015.jpg', 'LYR-Sony-031122_060027.jpg', 'LYR-Sony-031122_060038.jpg', 'LYR-Sony-031122_060050.jpg', 'LYR-Sony-031122_060102.jpg', 'LYR-Sony-031122_060113.jpg', 'LYR-Sony-031122_060125.jpg', 'LYR-Sony-031122_060137.jpg', 'LYR-Sony-031122_060148.jpg', 'LYR-Sony-031122_060200.jpg', 'LYR-Sony-031122_060212.jpg', 'LYR-Sony-031122_060224.jpg', 'LYR-Sony-031122_060236.jpg', 'LYR-Sony-031122_060247.jpg', 'LYR-Sony-031122_060259.jpg', 'LYR-Sony-031122_060311.jpg', 'LYR-Sony-031122_060323.jpg', 'LYR-Sony-031122_060334.jpg', 'LYR-Sony-031122_060346.jpg', 'LYR-Sony-031122_060357.jpg', 'LYR-Sony-031122_060409.jpg', 'LYR-Sony-031122_060421.jpg', 'LYR-Sony-031122_060433.jpg', 'LYR-Sony-031122_060444.jpg', 'LYR-Sony-031122_060456.jpg', 'LYR-Sony-031122_060508.jpg', 'LYR-Sony-031122_060519.jpg', 'LYR-Sony-031122_060531.jpg', 'LYR-Sony-031122_060543.jpg', 'LYR-Sony-031122_060555.jpg', 'LYR-Sony-031122_060607.jpg', 'LYR-Sony-031122_060618.jpg', 'LYR-Sony-031122_060630.jpg', 'LYR-Sony-031122_060642.jpg', 'LYR-Sony-031122_060653.jpg', 'LYR-Sony-031122_060706.jpg', 'LYR-Sony-031122_060717.jpg', 'LYR-Sony-031122_060729.jpg', 'LYR-Sony-031122_060741.jpg', 'LYR-Sony-031122_060752.jpg', 'LYR-Sony-031122_060804.jpg', 'LYR-Sony-031122_060816.jpg', 'LYR-Sony-031122_060827.jpg', 'LYR-Sony-031122_060839.jpg', 'LYR-Sony-031122_060851.jpg', 'LYR-Sony-031122_060903.jpg', 'LYR-Sony-031122_060914.jpg', 'LYR-Sony-031122_060926.jpg', 'LYR-Sony-031122_060938.jpg', 'LYR-Sony-031122_060950.jpg', 'LYR-Sony-031122_061001.jpg', 'LYR-Sony-031122_061013.jpg', 'LYR-Sony-031122_061025.jpg', 'LYR-Sony-031122_061037.jpg', 'LYR-Sony-031122_061048.jpg', 'LYR-Sony-031122_061100.jpg', 'LYR-Sony-031122_061112.jpg', 'LYR-Sony-031122_061123.jpg', 'LYR-Sony-031122_061135.jpg', 'LYR-Sony-031122_061147.jpg', 'LYR-Sony-031122_061158.jpg', 'LYR-Sony-031122_061210.jpg', 'LYR-Sony-031122_061222.jpg', 'LYR-Sony-031122_061233.jpg', 'LYR-Sony-031122_061245.jpg', 'LYR-Sony-031122_061257.jpg', 'LYR-Sony-031122_061309.jpg', 'LYR-Sony-031122_061321.jpg', 'LYR-Sony-031122_061333.jpg', 'LYR-Sony-031122_061344.jpg', 'LYR-Sony-031122_061356.jpg', 'LYR-Sony-031122_061407.jpg', 'LYR-Sony-031122_061419.jpg', 'LYR-Sony-031122_061430.jpg', 'LYR-Sony-031122_061442.jpg', 'LYR-Sony-031122_061453.jpg', 'LYR-Sony-031122_061505.jpg', 'LYR-Sony-031122_061517.jpg', 'LYR-Sony-031122_061529.jpg', 'LYR-Sony-031122_061540.jpg', 'LYR-Sony-031122_061552.jpg', 'LYR-Sony-031122_061604.jpg', 'LYR-Sony-031122_061616.jpg', 'LYR-Sony-031122_061627.jpg', 'LYR-Sony-031122_061639.jpg', 'LYR-Sony-031122_061651.jpg', 'LYR-Sony-031122_061702.jpg', 'LYR-Sony-031122_061714.jpg', 'LYR-Sony-031122_061726.jpg', 'LYR-Sony-031122_061738.jpg', 'LYR-Sony-031122_061750.jpg', 'LYR-Sony-031122_061801.jpg', 'LYR-Sony-031122_061813.jpg', 'LYR-Sony-031122_061824.jpg', 'LYR-Sony-031122_061836.jpg', 'LYR-Sony-031122_061848.jpg', 'LYR-Sony-031122_061859.jpg', 'LYR-Sony-031122_061911.jpg', 'LYR-Sony-031122_061923.jpg', 'LYR-Sony-031122_061934.jpg', 'LYR-Sony-031122_061946.jpg', 'LYR-Sony-031122_061958.jpg', 'LYR-Sony-031122_062010.jpg', 'LYR-Sony-031122_062022.jpg', 'LYR-Sony-031122_062034.jpg', 'LYR-Sony-031122_062045.jpg', 'LYR-Sony-031122_062057.jpg', 'LYR-Sony-031122_062108.jpg', 'LYR-Sony-031122_062120.jpg', 'LYR-Sony-031122_062132.jpg', 'LYR-Sony-031122_062143.jpg', 'LYR-Sony-031122_062155.jpg', 'LYR-Sony-031122_062207.jpg', 'LYR-Sony-031122_062218.jpg', 'LYR-Sony-031122_062230.jpg', 'LYR-Sony-031122_062242.jpg', 'LYR-Sony-031122_062253.jpg', 'LYR-Sony-031122_062305.jpg', 'LYR-Sony-031122_062316.jpg', 'LYR-Sony-031122_062328.jpg', 'LYR-Sony-031122_062340.jpg', 'LYR-Sony-031122_062352.jpg', 'LYR-Sony-031122_062403.jpg', 'LYR-Sony-031122_062414.jpg', 'LYR-Sony-031122_062426.jpg', 'LYR-Sony-031122_062438.jpg', 'LYR-Sony-031122_062449.jpg', 'LYR-Sony-031122_062501.jpg', 'LYR-Sony-031122_062513.jpg', 'LYR-Sony-031122_062524.jpg', 'LYR-Sony-031122_062536.jpg', 'LYR-Sony-031122_062548.jpg', 'LYR-Sony-031122_062559.jpg', 'LYR-Sony-031122_062611.jpg', 'LYR-Sony-031122_062623.jpg', 'LYR-Sony-031122_062634.jpg', 'LYR-Sony-031122_062646.jpg', 'LYR-Sony-031122_062657.jpg', 'LYR-Sony-031122_062709.jpg', 'LYR-Sony-031122_062720.jpg', 'LYR-Sony-031122_062732.jpg', 'LYR-Sony-031122_062744.jpg', 'LYR-Sony-031122_062756.jpg', 'LYR-Sony-031122_062807.jpg', 'LYR-Sony-031122_062819.jpg', 'LYR-Sony-031122_062830.jpg', 'LYR-Sony-031122_062842.jpg', 'LYR-Sony-031122_062853.jpg', 'LYR-Sony-031122_062904.jpg', 'LYR-Sony-031122_062916.jpg', 'LYR-Sony-031122_062928.jpg', 'LYR-Sony-031122_062939.jpg', 'LYR-Sony-031122_062950.jpg', 'LYR-Sony-031122_063002.jpg', 'LYR-Sony-031122_063014.jpg', 'LYR-Sony-031122_063025.jpg', 'LYR-Sony-031122_063037.jpg', 'LYR-Sony-031122_063049.jpg', 'LYR-Sony-031122_063100.jpg', 'LYR-Sony-031122_063112.jpg', 'LYR-Sony-031122_063123.jpg', 'LYR-Sony-031122_063134.jpg', 'LYR-Sony-031122_063146.jpg', 'LYR-Sony-031122_063158.jpg', 'LYR-Sony-031122_063209.jpg', 'LYR-Sony-031122_063221.jpg', 'LYR-Sony-031122_063232.jpg', 'LYR-Sony-031122_063244.jpg', 'LYR-Sony-031122_063255.jpg', 'LYR-Sony-031122_063307.jpg', 'LYR-Sony-031122_063318.jpg', 'LYR-Sony-031122_063330.jpg', 'LYR-Sony-031122_063342.jpg', 'LYR-Sony-031122_063353.jpg', 'LYR-Sony-031122_063405.jpg', 'LYR-Sony-031122_063417.jpg', 'LYR-Sony-031122_063429.jpg', 'LYR-Sony-031122_063441.jpg', 'LYR-Sony-031122_063452.jpg', 'LYR-Sony-031122_063504.jpg', 'LYR-Sony-031122_063515.jpg', 'LYR-Sony-031122_063527.jpg', 'LYR-Sony-031122_063538.jpg', 'LYR-Sony-031122_063550.jpg', 'LYR-Sony-031122_063601.jpg', 'LYR-Sony-031122_063613.jpg', 'LYR-Sony-031122_063625.jpg', 'LYR-Sony-031122_063636.jpg', 'LYR-Sony-031122_063647.jpg', 'LYR-Sony-031122_063659.jpg', 'LYR-Sony-031122_063710.jpg', 'LYR-Sony-031122_063722.jpg', 'LYR-Sony-031122_063733.jpg', 'LYR-Sony-031122_063745.jpg', 'LYR-Sony-031122_063756.jpg', 'LYR-Sony-031122_063823.jpg', 'LYR-Sony-031122_063853.jpg', 'LYR-Sony-031122_063922.jpg', 'LYR-Sony-031122_063951.jpg', 'LYR-Sony-031122_064021.jpg', 'LYR-Sony-031122_064051.jpg', 'LYR-Sony-031122_064120.jpg', 'LYR-Sony-031122_064150.jpg', 'LYR-Sony-031122_064219.jpg', 'LYR-Sony-031122_064249.jpg', 'LYR-Sony-031122_064318.jpg', 'LYR-Sony-031122_064347.jpg', 'LYR-Sony-031122_064417.jpg', 'LYR-Sony-031122_064446.jpg', 'LYR-Sony-031122_064515.jpg', 'LYR-Sony-031122_064545.jpg', 'LYR-Sony-031122_064614.jpg', 'LYR-Sony-031122_064644.jpg', 'LYR-Sony-031122_064713.jpg', 'LYR-Sony-031122_064742.jpg', 'LYR-Sony-031122_064812.jpg', 'LYR-Sony-031122_064841.jpg', 'LYR-Sony-031122_064910.jpg', 'LYR-Sony-031122_064940.jpg', 'LYR-Sony-031122_065009.jpg', 'LYR-Sony-031122_065038.jpg', 'LYR-Sony-031122_065108.jpg', 'LYR-Sony-031122_065137.jpg', 'LYR-Sony-031122_065207.jpg', 'LYR-Sony-031122_065236.jpg', 'LYR-Sony-031122_065306.jpg', 'LYR-Sony-031122_065335.jpg', 'LYR-Sony-031122_065405.jpg', 'LYR-Sony-031122_065434.jpg', 'LYR-Sony-031122_065504.jpg', 'LYR-Sony-031122_065533.jpg', 'LYR-Sony-031122_065603.jpg', 'LYR-Sony-031122_065632.jpg', 'LYR-Sony-031122_065702.jpg', 'LYR-Sony-031122_065731.jpg', 'LYR-Sony-031122_065801.jpg', 'LYR-Sony-031122_065831.jpg', 'LYR-Sony-031122_065901.jpg', 'LYR-Sony-031122_065930.jpg', 'LYR-Sony-031122_070000.jpg', 'LYR-Sony-031122_070029.jpg', 'LYR-Sony-031122_070059.jpg', 'LYR-Sony-031122_070128.jpg', 'LYR-Sony-031122_070157.jpg', 'LYR-Sony-031122_070227.jpg', 'LYR-Sony-031122_070257.jpg', 'LYR-Sony-031122_070327.jpg', 'LYR-Sony-031122_070356.jpg', 'LYR-Sony-031122_070425.jpg', 'LYR-Sony-031122_070455.jpg', 'LYR-Sony-031122_070524.jpg', 'LYR-Sony-031122_070554.jpg', 'LYR-Sony-031122_070624.jpg', 'LYR-Sony-031122_070654.jpg', 'LYR-Sony-031122_070723.jpg', 'LYR-Sony-031122_070753.jpg', 'LYR-Sony-031122_070822.jpg', 'LYR-Sony-031122_070852.jpg', 'LYR-Sony-031122_070922.jpg', 'LYR-Sony-031122_070951.jpg', 'LYR-Sony-031122_071021.jpg', 'LYR-Sony-031122_071050.jpg', 'LYR-Sony-031122_071120.jpg', 'LYR-Sony-031122_071149.jpg', 'LYR-Sony-031122_071218.jpg', 'LYR-Sony-031122_071248.jpg', 'LYR-Sony-031122_071317.jpg', 'LYR-Sony-031122_071347.jpg', 'LYR-Sony-031122_071417.jpg', 'LYR-Sony-031122_071446.jpg', 'LYR-Sony-031122_071516.jpg', 'LYR-Sony-031122_071545.jpg', 'LYR-Sony-031122_071615.jpg', 'LYR-Sony-031122_071645.jpg', 'LYR-Sony-031122_071714.jpg', 'LYR-Sony-031122_071744.jpg', 'LYR-Sony-031122_071813.jpg', 'LYR-Sony-031122_071843.jpg', 'LYR-Sony-031122_071913.jpg', 'LYR-Sony-031122_071943.jpg', 'LYR-Sony-031122_072012.jpg', 'LYR-Sony-031122_072042.jpg', 'LYR-Sony-031122_072112.jpg', 'LYR-Sony-031122_072141.jpg', 'LYR-Sony-031122_072211.jpg', 'LYR-Sony-031122_072241.jpg', 'LYR-Sony-031122_072310.jpg', 'LYR-Sony-031122_072340.jpg', 'LYR-Sony-031122_072409.jpg', 'LYR-Sony-031122_072438.jpg', 'LYR-Sony-031122_072508.jpg', 'LYR-Sony-031122_072538.jpg', 'LYR-Sony-031122_072607.jpg', 'LYR-Sony-031122_072637.jpg', 'LYR-Sony-031122_072707.jpg', 'LYR-Sony-031122_072736.jpg', 'LYR-Sony-031122_072806.jpg', 'LYR-Sony-031122_072836.jpg', 'LYR-Sony-031122_072905.jpg', 'LYR-Sony-031122_072935.jpg', 'LYR-Sony-031122_073004.jpg', 'LYR-Sony-031122_073033.jpg', 'LYR-Sony-031122_073103.jpg', 'LYR-Sony-031122_073133.jpg', 'LYR-Sony-031122_073202.jpg', 'LYR-Sony-031122_073232.jpg', 'LYR-Sony-031122_073301.jpg', 'LYR-Sony-031122_073330.jpg', 'LYR-Sony-031122_073400.jpg', 'LYR-Sony-031122_073430.jpg', 'LYR-Sony-031122_073459.jpg', 'LYR-Sony-031122_073529.jpg', 'LYR-Sony-031122_073558.jpg', 'LYR-Sony-031122_073628.jpg', 'LYR-Sony-031122_073657.jpg', 'LYR-Sony-031122_073727.jpg', 'LYR-Sony-031122_073756.jpg', 'LYR-Sony-031122_073826.jpg', 'LYR-Sony-031122_073856.jpg', 'LYR-Sony-031122_073926.jpg', 'LYR-Sony-031122_073955.jpg', 'LYR-Sony-031122_074025.jpg', 'LYR-Sony-031122_074054.jpg', 'LYR-Sony-031122_074124.jpg', 'LYR-Sony-031122_074153.jpg', 'LYR-Sony-031122_074223.jpg', 'LYR-Sony-031122_074253.jpg', 'LYR-Sony-031122_074322.jpg', 'LYR-Sony-031122_074352.jpg', 'LYR-Sony-031122_074421.jpg', 'LYR-Sony-031122_074451.jpg', 'LYR-Sony-031122_074520.jpg', 'LYR-Sony-031122_074550.jpg', 'LYR-Sony-031122_074619.jpg', 'LYR-Sony-031122_074649.jpg', 'LYR-Sony-031122_074719.jpg', 'LYR-Sony-031122_074748.jpg', 'LYR-Sony-031122_074818.jpg', 'LYR-Sony-031122_074848.jpg', 'LYR-Sony-031122_074917.jpg', 'LYR-Sony-031122_074947.jpg', 'LYR-Sony-031122_075016.jpg', 'LYR-Sony-031122_075046.jpg', 'LYR-Sony-031122_075115.jpg', 'LYR-Sony-031122_075145.jpg', 'LYR-Sony-031122_075208.jpg', 'LYR-Sony-031122_075238.jpg', 'LYR-Sony-031122_075308.jpg', 'LYR-Sony-031122_075337.jpg', 'LYR-Sony-031122_075407.jpg', 'LYR-Sony-031122_075437.jpg', 'LYR-Sony-031122_075506.jpg', 'LYR-Sony-031122_075536.jpg', 'LYR-Sony-031122_075605.jpg', 'LYR-Sony-031122_075635.jpg', 'LYR-Sony-031122_075705.jpg', 'LYR-Sony-031122_075734.jpg', 'LYR-Sony-031122_075804.jpg', 'LYR-Sony-031122_075833.jpg', 'LYR-Sony-031122_075903.jpg', 'LYR-Sony-031122_075933.jpg', 'LYR-Sony-031122_080002.jpg', 'LYR-Sony-031122_080032.jpg', 'LYR-Sony-031122_080101.jpg', 'LYR-Sony-031122_080131.jpg', 'LYR-Sony-031122_080201.jpg', 'LYR-Sony-031122_080230.jpg', 'LYR-Sony-031122_080300.jpg', 'LYR-Sony-031122_080330.jpg', 'LYR-Sony-031122_080400.jpg', 'LYR-Sony-031122_080429.jpg', 'LYR-Sony-031122_080459.jpg', 'LYR-Sony-031122_080528.jpg', 'LYR-Sony-031122_080558.jpg', 'LYR-Sony-031122_080628.jpg', 'LYR-Sony-031122_080657.jpg', 'LYR-Sony-031122_080727.jpg', 'LYR-Sony-031122_080757.jpg', 'LYR-Sony-031122_080827.jpg', 'LYR-Sony-031122_080856.jpg', 'LYR-Sony-031122_080926.jpg', 'LYR-Sony-031122_080955.jpg', 'LYR-Sony-031122_081025.jpg', 'LYR-Sony-031122_081054.jpg', 'LYR-Sony-031122_081124.jpg', 'LYR-Sony-031122_081153.jpg', 'LYR-Sony-031122_081223.jpg', 'LYR-Sony-031122_081252.jpg', 'LYR-Sony-031122_081322.jpg', 'LYR-Sony-031122_081352.jpg', 'LYR-Sony-031122_081421.jpg', 'LYR-Sony-031122_081451.jpg', 'LYR-Sony-031122_081520.jpg', 'LYR-Sony-031122_081550.jpg', 'LYR-Sony-031122_081620.jpg', 'LYR-Sony-031122_081649.jpg', 'LYR-Sony-031122_081719.jpg', 'LYR-Sony-031122_081748.jpg', 'LYR-Sony-031122_081818.jpg', 'LYR-Sony-031122_081847.jpg', 'LYR-Sony-031122_081917.jpg', 'LYR-Sony-031122_081946.jpg', 'LYR-Sony-031122_082016.jpg', 'LYR-Sony-031122_082045.jpg', 'LYR-Sony-031122_082114.jpg', 'LYR-Sony-031122_082144.jpg', 'LYR-Sony-031122_082214.jpg', 'LYR-Sony-031122_082243.jpg', 'LYR-Sony-031122_082313.jpg', 'LYR-Sony-031122_082342.jpg', 'LYR-Sony-031122_082411.jpg', 'LYR-Sony-031122_082441.jpg', 'LYR-Sony-031122_082510.jpg', 'LYR-Sony-031122_082540.jpg', 'LYR-Sony-031122_082609.jpg', 'LYR-Sony-031122_082638.jpg', 'LYR-Sony-031122_082708.jpg', 'LYR-Sony-031122_082737.jpg', 'LYR-Sony-031122_082806.jpg', 'LYR-Sony-031122_082836.jpg', 'LYR-Sony-031122_082905.jpg', 'LYR-Sony-031122_082935.jpg', 'LYR-Sony-031122_083004.jpg', 'LYR-Sony-031122_083034.jpg', 'LYR-Sony-031122_083103.jpg', 'LYR-Sony-031122_083133.jpg', 'LYR-Sony-031122_083203.jpg', 'LYR-Sony-031122_083232.jpg', 'LYR-Sony-031122_083302.jpg', 'LYR-Sony-031122_083331.jpg', 'LYR-Sony-031122_083401.jpg', 'LYR-Sony-031122_083431.jpg', 'LYR-Sony-031122_083500.jpg', 'LYR-Sony-031122_083530.jpg', 'LYR-Sony-031122_083559.jpg', 'LYR-Sony-031122_083628.jpg', 'LYR-Sony-031122_083657.jpg', 'LYR-Sony-031122_083727.jpg', 'LYR-Sony-031122_083756.jpg', 'LYR-Sony-031122_083826.jpg', 'LYR-Sony-031122_083855.jpg', 'LYR-Sony-031122_083924.jpg', 'LYR-Sony-031122_083953.jpg', 'LYR-Sony-031122_084023.jpg', 'LYR-Sony-031122_084052.jpg', 'LYR-Sony-031122_084121.jpg', 'LYR-Sony-031122_084151.jpg', 'LYR-Sony-031122_084220.jpg', 'LYR-Sony-031122_084249.jpg', 'LYR-Sony-031122_084318.jpg', 'LYR-Sony-031122_084347.jpg', 'LYR-Sony-031122_084417.jpg', 'LYR-Sony-031122_084446.jpg', 'LYR-Sony-031122_084515.jpg', 'LYR-Sony-031122_084545.jpg', 'LYR-Sony-031122_084614.jpg', 'LYR-Sony-031122_084644.jpg', 'LYR-Sony-031122_084713.jpg', 'LYR-Sony-031122_084742.jpg', 'LYR-Sony-031122_084812.jpg', 'LYR-Sony-031122_084841.jpg', 'LYR-Sony-031122_084910.jpg', 'LYR-Sony-031122_084940.jpg', 'LYR-Sony-031122_085009.jpg', 'LYR-Sony-031122_085038.jpg', 'LYR-Sony-031122_085108.jpg', 'LYR-Sony-031122_085137.jpg', 'LYR-Sony-031122_085207.jpg', 'LYR-Sony-031122_085236.jpg', 'LYR-Sony-031122_085305.jpg', 'LYR-Sony-031122_085335.jpg', 'LYR-Sony-031122_085358.jpg', 'LYR-Sony-031122_085428.jpg', 'LYR-Sony-031122_085457.jpg', 'LYR-Sony-031122_085527.jpg', 'LYR-Sony-031122_085556.jpg', 'LYR-Sony-031122_085626.jpg', 'LYR-Sony-031122_085655.jpg', 'LYR-Sony-031122_085724.jpg', 'LYR-Sony-031122_085754.jpg', 'LYR-Sony-031122_085824.jpg', 'LYR-Sony-031122_085853.jpg', 'LYR-Sony-031122_085923.jpg', 'LYR-Sony-031122_085952.jpg', 'LYR-Sony-031122_090022.jpg', 'LYR-Sony-031122_090052.jpg', 'LYR-Sony-031122_090121.jpg', 'LYR-Sony-031122_090151.jpg', 'LYR-Sony-031122_090220.jpg', 'LYR-Sony-031122_090250.jpg', 'LYR-Sony-031122_090319.jpg', 'LYR-Sony-031122_090349.jpg', 'LYR-Sony-031122_090419.jpg', 'LYR-Sony-031122_090448.jpg', 'LYR-Sony-031122_090517.jpg', 'LYR-Sony-031122_090547.jpg', 'LYR-Sony-031122_090616.jpg', 'LYR-Sony-031122_090646.jpg', 'LYR-Sony-031122_090715.jpg', 'LYR-Sony-031122_090745.jpg', 'LYR-Sony-031122_090814.jpg', 'LYR-Sony-031122_090843.jpg', 'LYR-Sony-031122_090913.jpg', 'LYR-Sony-031122_090943.jpg', 'LYR-Sony-031122_091012.jpg', 'LYR-Sony-031122_091042.jpg', 'LYR-Sony-031122_091111.jpg', 'LYR-Sony-031122_091141.jpg', 'LYR-Sony-031122_091210.jpg', 'LYR-Sony-031122_091240.jpg', 'LYR-Sony-031122_091309.jpg', 'LYR-Sony-031122_091339.jpg', 'LYR-Sony-031122_091408.jpg', 'LYR-Sony-031122_091437.jpg', 'LYR-Sony-031122_091507.jpg', 'LYR-Sony-031122_091536.jpg', 'LYR-Sony-031122_091606.jpg', 'LYR-Sony-031122_091635.jpg', 'LYR-Sony-031122_091705.jpg', 'LYR-Sony-031122_091735.jpg', 'LYR-Sony-031122_091804.jpg', 'LYR-Sony-031122_091834.jpg', 'LYR-Sony-031122_091903.jpg', 'LYR-Sony-031122_091933.jpg', 'LYR-Sony-031122_092003.jpg', 'LYR-Sony-031122_092032.jpg', 'LYR-Sony-031122_092102.jpg', 'LYR-Sony-031122_092131.jpg', 'LYR-Sony-031122_092201.jpg', 'LYR-Sony-031122_092231.jpg', 'LYR-Sony-031122_092301.jpg', 'LYR-Sony-031122_092330.jpg', 'LYR-Sony-031122_092359.jpg', 'LYR-Sony-031122_092429.jpg', 'LYR-Sony-031122_092458.jpg', 'LYR-Sony-031122_092528.jpg', 'LYR-Sony-031122_092557.jpg', 'LYR-Sony-031122_092627.jpg', 'LYR-Sony-031122_092656.jpg', 'LYR-Sony-031122_092726.jpg', 'LYR-Sony-031122_092756.jpg', 'LYR-Sony-031122_092825.jpg', 'LYR-Sony-031122_092855.jpg', 'LYR-Sony-031122_092925.jpg', 'LYR-Sony-031122_092955.jpg', 'LYR-Sony-031122_093024.jpg', 'LYR-Sony-031122_093053.jpg', 'LYR-Sony-031122_093123.jpg', 'LYR-Sony-031122_093152.jpg', 'LYR-Sony-031122_093222.jpg', 'LYR-Sony-031122_093251.jpg', 'LYR-Sony-031122_093320.jpg', 'LYR-Sony-031122_093350.jpg', 'LYR-Sony-031122_093419.jpg', 'LYR-Sony-031122_093449.jpg', 'LYR-Sony-031122_093519.jpg', 'LYR-Sony-031122_093549.jpg', 'LYR-Sony-031122_093618.jpg', 'LYR-Sony-031122_093648.jpg', 'LYR-Sony-031122_093717.jpg', 'LYR-Sony-031122_093746.jpg', 'LYR-Sony-031122_093816.jpg', 'LYR-Sony-031122_093845.jpg', 'LYR-Sony-031122_093915.jpg', 'LYR-Sony-031122_093944.jpg', 'LYR-Sony-031122_094014.jpg', 'LYR-Sony-031122_094043.jpg', 'LYR-Sony-031122_094112.jpg', 'LYR-Sony-031122_094142.jpg', 'LYR-Sony-031122_094212.jpg', 'LYR-Sony-031122_094242.jpg', 'LYR-Sony-031122_094311.jpg', 'LYR-Sony-031122_094341.jpg', 'LYR-Sony-031122_094411.jpg', 'LYR-Sony-031122_094440.jpg', 'LYR-Sony-031122_094510.jpg', 'LYR-Sony-031122_094540.jpg', 'LYR-Sony-031122_094609.jpg', 'LYR-Sony-031122_094638.jpg', 'LYR-Sony-031122_094708.jpg', 'LYR-Sony-031122_094738.jpg', 'LYR-Sony-031122_094808.jpg', 'LYR-Sony-031122_094837.jpg', 'LYR-Sony-031122_094907.jpg', 'LYR-Sony-031122_094937.jpg', 'LYR-Sony-031122_095006.jpg', 'LYR-Sony-031122_095036.jpg', 'LYR-Sony-031122_095105.jpg', 'LYR-Sony-031122_095135.jpg', 'LYR-Sony-031122_095205.jpg', 'LYR-Sony-031122_095235.jpg', 'LYR-Sony-031122_095304.jpg', 'LYR-Sony-031122_095334.jpg', 'LYR-Sony-031122_095403.jpg', 'LYR-Sony-031122_095432.jpg', 'LYR-Sony-031122_095502.jpg', 'LYR-Sony-031122_095532.jpg', 'LYR-Sony-031122_095601.jpg', 'LYR-Sony-031122_095631.jpg', 'LYR-Sony-031122_095701.jpg', 'LYR-Sony-031122_095730.jpg', 'LYR-Sony-031122_095759.jpg', 'LYR-Sony-031122_095829.jpg', 'LYR-Sony-031122_095858.jpg', 'LYR-Sony-031122_095928.jpg', 'LYR-Sony-031122_095957.jpg', 'LYR-Sony-031122_100026.jpg', 'LYR-Sony-031122_100056.jpg', 'LYR-Sony-031122_100125.jpg', 'LYR-Sony-031122_100154.jpg', 'LYR-Sony-031122_100224.jpg', 'LYR-Sony-031122_100253.jpg', 'LYR-Sony-031122_100323.jpg', 'LYR-Sony-031122_100352.jpg', 'LYR-Sony-031122_100422.jpg', 'LYR-Sony-031122_100451.jpg', 'LYR-Sony-031122_100520.jpg', 'LYR-Sony-031122_100550.jpg', 'LYR-Sony-031122_100619.jpg', 'LYR-Sony-031122_100649.jpg', 'LYR-Sony-031122_100719.jpg', 'LYR-Sony-031122_100748.jpg', 'LYR-Sony-031122_100818.jpg', 'LYR-Sony-031122_100847.jpg', 'LYR-Sony-031122_100916.jpg', 'LYR-Sony-031122_100946.jpg', 'LYR-Sony-031122_101015.jpg', 'LYR-Sony-031122_101045.jpg', 'LYR-Sony-031122_101114.jpg', 'LYR-Sony-031122_101144.jpg', 'LYR-Sony-031122_101214.jpg', 'LYR-Sony-031122_101244.jpg', 'LYR-Sony-031122_101313.jpg', 'LYR-Sony-031122_101343.jpg', 'LYR-Sony-031122_101412.jpg', 'LYR-Sony-031122_101442.jpg', 'LYR-Sony-031122_101511.jpg', 'LYR-Sony-031122_101541.jpg', 'LYR-Sony-031122_101611.jpg', 'LYR-Sony-031122_101641.jpg', 'LYR-Sony-031122_101710.jpg', 'LYR-Sony-031122_101739.jpg', 'LYR-Sony-031122_101809.jpg', 'LYR-Sony-031122_101838.jpg', 'LYR-Sony-031122_101908.jpg', 'LYR-Sony-031122_101937.jpg', 'LYR-Sony-031122_102007.jpg', 'LYR-Sony-031122_102037.jpg', 'LYR-Sony-031122_102106.jpg', 'LYR-Sony-031122_102136.jpg', 'LYR-Sony-031122_102205.jpg', 'LYR-Sony-031122_102235.jpg', 'LYR-Sony-031122_102304.jpg', 'LYR-Sony-031122_102334.jpg', 'LYR-Sony-031122_102404.jpg', 'LYR-Sony-031122_102433.jpg', 'LYR-Sony-031122_102503.jpg', 'LYR-Sony-031122_102533.jpg', 'LYR-Sony-031122_102602.jpg', 'LYR-Sony-031122_102632.jpg', 'LYR-Sony-031122_102701.jpg', 'LYR-Sony-031122_102731.jpg', 'LYR-Sony-031122_102801.jpg', 'LYR-Sony-031122_102830.jpg', 'LYR-Sony-031122_102900.jpg', 'LYR-Sony-031122_102929.jpg', 'LYR-Sony-031122_102959.jpg', 'LYR-Sony-031122_103028.jpg', 'LYR-Sony-031122_103058.jpg', 'LYR-Sony-031122_103128.jpg', 'LYR-Sony-031122_103157.jpg', 'LYR-Sony-031122_103227.jpg', 'LYR-Sony-031122_103256.jpg', 'LYR-Sony-031122_103325.jpg', 'LYR-Sony-031122_103355.jpg', 'LYR-Sony-031122_103425.jpg', 'LYR-Sony-031122_103454.jpg', 'LYR-Sony-031122_103524.jpg', 'LYR-Sony-031122_103553.jpg', 'LYR-Sony-031122_103623.jpg', 'LYR-Sony-031122_103652.jpg', 'LYR-Sony-031122_103722.jpg', 'LYR-Sony-031122_103752.jpg', 'LYR-Sony-031122_103821.jpg', 'LYR-Sony-031122_103850.jpg', 'LYR-Sony-031122_103920.jpg', 'LYR-Sony-031122_103949.jpg', 'LYR-Sony-031122_104019.jpg', 'LYR-Sony-031122_104049.jpg', 'LYR-Sony-031122_104118.jpg', 'LYR-Sony-031122_104148.jpg', 'LYR-Sony-031122_104218.jpg', 'LYR-Sony-031122_104247.jpg', 'LYR-Sony-031122_104317.jpg', 'LYR-Sony-031122_104346.jpg', 'LYR-Sony-031122_104416.jpg', 'LYR-Sony-031122_104445.jpg', 'LYR-Sony-031122_104515.jpg', 'LYR-Sony-031122_104545.jpg', 'LYR-Sony-031122_104614.jpg', 'LYR-Sony-031122_104644.jpg', 'LYR-Sony-031122_104713.jpg', 'LYR-Sony-031122_104743.jpg', 'LYR-Sony-031122_104812.jpg', 'LYR-Sony-031122_104842.jpg', 'LYR-Sony-031122_104912.jpg', 'LYR-Sony-031122_104941.jpg', 'LYR-Sony-031122_105010.jpg', 'LYR-Sony-031122_105040.jpg', 'LYR-Sony-031122_105109.jpg', 'LYR-Sony-031122_105139.jpg', 'LYR-Sony-031122_105208.jpg', 'LYR-Sony-031122_105238.jpg', 'LYR-Sony-031122_105308.jpg', 'LYR-Sony-031122_105337.jpg', 'LYR-Sony-031122_105407.jpg', 'LYR-Sony-031122_105436.jpg', 'LYR-Sony-031122_105506.jpg', 'LYR-Sony-031122_105535.jpg', 'LYR-Sony-031122_105605.jpg', 'LYR-Sony-031122_105634.jpg', 'LYR-Sony-031122_105704.jpg', 'LYR-Sony-031122_105734.jpg', 'LYR-Sony-031122_105803.jpg', 'LYR-Sony-031122_105832.jpg', 'LYR-Sony-031122_105902.jpg', 'LYR-Sony-031122_105931.jpg', 'LYR-Sony-031122_110001.jpg', 'LYR-Sony-031122_110030.jpg', 'LYR-Sony-031122_110100.jpg', 'LYR-Sony-031122_110129.jpg', 'LYR-Sony-031122_110158.jpg', 'LYR-Sony-031122_110228.jpg', 'LYR-Sony-031122_110257.jpg', 'LYR-Sony-031122_110326.jpg', 'LYR-Sony-031122_110355.jpg', 'LYR-Sony-031122_110425.jpg', 'LYR-Sony-031122_110454.jpg', 'LYR-Sony-031122_110523.jpg', 'LYR-Sony-031122_110552.jpg', 'LYR-Sony-031122_110622.jpg', 'LYR-Sony-031122_110652.jpg', 'LYR-Sony-031122_110722.jpg', 'LYR-Sony-031122_110751.jpg', 'LYR-Sony-031122_110821.jpg', 'LYR-Sony-031122_110850.jpg', 'LYR-Sony-031122_110920.jpg', 'LYR-Sony-031122_110949.jpg', 'LYR-Sony-031122_111018.jpg', 'LYR-Sony-031122_111048.jpg', 'LYR-Sony-031122_111118.jpg', 'LYR-Sony-031122_111147.jpg', 'LYR-Sony-031122_111216.jpg', 'LYR-Sony-031122_111246.jpg', 'LYR-Sony-031122_111315.jpg', 'LYR-Sony-031122_111345.jpg', 'LYR-Sony-031122_111414.jpg', 'LYR-Sony-031122_111444.jpg', 'LYR-Sony-031122_111513.jpg', 'LYR-Sony-031122_111543.jpg', 'LYR-Sony-031122_111612.jpg', 'LYR-Sony-031122_111642.jpg', 'LYR-Sony-031122_111712.jpg', 'LYR-Sony-031122_111741.jpg', 'LYR-Sony-031122_111811.jpg', 'LYR-Sony-031122_111840.jpg', 'LYR-Sony-031122_111910.jpg', 'LYR-Sony-031122_111940.jpg', 'LYR-Sony-031122_112010.jpg', 'LYR-Sony-031122_112039.jpg', 'LYR-Sony-031122_112109.jpg', 'LYR-Sony-031122_112138.jpg', 'LYR-Sony-031122_112208.jpg', 'LYR-Sony-031122_112237.jpg', 'LYR-Sony-031122_112307.jpg', 'LYR-Sony-031122_112336.jpg', 'LYR-Sony-031122_112406.jpg', 'LYR-Sony-031122_112435.jpg', 'LYR-Sony-031122_112505.jpg', 'LYR-Sony-031122_112535.jpg', 'LYR-Sony-031122_112604.jpg', 'LYR-Sony-031122_112634.jpg', 'LYR-Sony-031122_112703.jpg', 'LYR-Sony-031122_112732.jpg', 'LYR-Sony-031122_112802.jpg', 'LYR-Sony-031122_112832.jpg', 'LYR-Sony-031122_112901.jpg', 'LYR-Sony-031122_112931.jpg', 'LYR-Sony-031122_113000.jpg', 'LYR-Sony-031122_113030.jpg', 'LYR-Sony-031122_113100.jpg', 'LYR-Sony-031122_113130.jpg', 'LYR-Sony-031122_113159.jpg', 'LYR-Sony-031122_113229.jpg', 'LYR-Sony-031122_113259.jpg', 'LYR-Sony-031122_113328.jpg', 'LYR-Sony-031122_113358.jpg', 'LYR-Sony-031122_113427.jpg', 'LYR-Sony-031122_113457.jpg', 'LYR-Sony-031122_113526.jpg', 'LYR-Sony-031122_113556.jpg', 'LYR-Sony-031122_113626.jpg', 'LYR-Sony-031122_113656.jpg', 'LYR-Sony-031122_113725.jpg', 'LYR-Sony-031122_113754.jpg', 'LYR-Sony-031122_113824.jpg', 'LYR-Sony-031122_113854.jpg', 'LYR-Sony-031122_113923.jpg', 'LYR-Sony-031122_113952.jpg', 'LYR-Sony-031122_114022.jpg', 'LYR-Sony-031122_114052.jpg', 'LYR-Sony-031122_114121.jpg', 'LYR-Sony-031122_114151.jpg', 'LYR-Sony-031122_114220.jpg', 'LYR-Sony-031122_114249.jpg', 'LYR-Sony-031122_114319.jpg', 'LYR-Sony-031122_114348.jpg', 'LYR-Sony-031122_114418.jpg', 'LYR-Sony-031122_114448.jpg', 'LYR-Sony-031122_114517.jpg', 'LYR-Sony-031122_114547.jpg', 'LYR-Sony-031122_114616.jpg', 'LYR-Sony-031122_114645.jpg', 'LYR-Sony-031122_114715.jpg', 'LYR-Sony-031122_114745.jpg', 'LYR-Sony-031122_114815.jpg', 'LYR-Sony-031122_114845.jpg', 'LYR-Sony-031122_114914.jpg', 'LYR-Sony-031122_114944.jpg', 'LYR-Sony-031122_115013.jpg', 'LYR-Sony-031122_115043.jpg', 'LYR-Sony-031122_115112.jpg', 'LYR-Sony-031122_115142.jpg', 'LYR-Sony-031122_115211.jpg', 'LYR-Sony-031122_115241.jpg', 'LYR-Sony-031122_115311.jpg', 'LYR-Sony-031122_115340.jpg', 'LYR-Sony-031122_115410.jpg', 'LYR-Sony-031122_115439.jpg', 'LYR-Sony-031122_115508.jpg', 'LYR-Sony-031122_115538.jpg', 'LYR-Sony-031122_115608.jpg', 'LYR-Sony-031122_115637.jpg', 'LYR-Sony-031122_115707.jpg', 'LYR-Sony-031122_115737.jpg', 'LYR-Sony-031122_115806.jpg', 'LYR-Sony-031122_115836.jpg', 'LYR-Sony-031122_115905.jpg', 'LYR-Sony-031122_115935.jpg', 'LYR-Sony-031122_120004.jpg', 'LYR-Sony-031122_120034.jpg', 'LYR-Sony-031122_120103.jpg', 'LYR-Sony-031122_120133.jpg', 'LYR-Sony-031122_120202.jpg', 'LYR-Sony-031122_120232.jpg', 'LYR-Sony-031122_120301.jpg', 'LYR-Sony-031122_120331.jpg', 'LYR-Sony-031122_120400.jpg', 'LYR-Sony-031122_120430.jpg', 'LYR-Sony-031122_120500.jpg', 'LYR-Sony-031122_120529.jpg', 'LYR-Sony-031122_120559.jpg', 'LYR-Sony-031122_120628.jpg', 'LYR-Sony-031122_120658.jpg', 'LYR-Sony-031122_120728.jpg', 'LYR-Sony-031122_120757.jpg', 'LYR-Sony-031122_120827.jpg', 'LYR-Sony-031122_120856.jpg', 'LYR-Sony-031122_120925.jpg', 'LYR-Sony-031122_120955.jpg', 'LYR-Sony-031122_121024.jpg', 'LYR-Sony-031122_121054.jpg', 'LYR-Sony-031122_121124.jpg', 'LYR-Sony-031122_121153.jpg', 'LYR-Sony-031122_121223.jpg', 'LYR-Sony-031122_121252.jpg', 'LYR-Sony-031122_121321.jpg', 'LYR-Sony-031122_121351.jpg', 'LYR-Sony-031122_121420.jpg', 'LYR-Sony-031122_121450.jpg', 'LYR-Sony-031122_121519.jpg', 'LYR-Sony-031122_121549.jpg', 'LYR-Sony-031122_121618.jpg', 'LYR-Sony-031122_121647.jpg', 'LYR-Sony-031122_121717.jpg', 'LYR-Sony-031122_121746.jpg', 'LYR-Sony-031122_121816.jpg', 'LYR-Sony-031122_121845.jpg', 'LYR-Sony-031122_121915.jpg', 'LYR-Sony-031122_121945.jpg', 'LYR-Sony-031122_122014.jpg', 'LYR-Sony-031122_122043.jpg', 'LYR-Sony-031122_122113.jpg', 'LYR-Sony-031122_122142.jpg', 'LYR-Sony-031122_122212.jpg', 'LYR-Sony-031122_122241.jpg', 'LYR-Sony-031122_122313.jpg', 'LYR-Sony-031122_122343.jpg', 'LYR-Sony-031122_122412.jpg', 'LYR-Sony-031122_122442.jpg', 'LYR-Sony-031122_122511.jpg', 'LYR-Sony-031122_122540.jpg', 'LYR-Sony-031122_122610.jpg', 'LYR-Sony-031122_122640.jpg', 'LYR-Sony-031122_122710.jpg', 'LYR-Sony-031122_122739.jpg', 'LYR-Sony-031122_122809.jpg', 'LYR-Sony-031122_122838.jpg', 'LYR-Sony-031122_122908.jpg', 'LYR-Sony-031122_122937.jpg', 'LYR-Sony-031122_123006.jpg', 'LYR-Sony-031122_123035.jpg', 'LYR-Sony-031122_123105.jpg', 'LYR-Sony-031122_123134.jpg', 'LYR-Sony-031122_123203.jpg', 'LYR-Sony-031122_123232.jpg', 'LYR-Sony-031122_123302.jpg', 'LYR-Sony-031122_123331.jpg', 'LYR-Sony-031122_123401.jpg', 'LYR-Sony-031122_123430.jpg', 'LYR-Sony-031122_123500.jpg', 'LYR-Sony-031122_123530.jpg', 'LYR-Sony-031122_123559.jpg', 'LYR-Sony-031122_123628.jpg', 'LYR-Sony-031122_123658.jpg', 'LYR-Sony-031122_123727.jpg', 'LYR-Sony-031122_123757.jpg', 'LYR-Sony-031122_123827.jpg', 'LYR-Sony-031122_123856.jpg', 'LYR-Sony-031122_123925.jpg', 'LYR-Sony-031122_123954.jpg', 'LYR-Sony-031122_124024.jpg', 'LYR-Sony-031122_124053.jpg', 'LYR-Sony-031122_124122.jpg', 'LYR-Sony-031122_124151.jpg', 'LYR-Sony-031122_124220.jpg', 'LYR-Sony-031122_124250.jpg', 'LYR-Sony-031122_124320.jpg', 'LYR-Sony-031122_124349.jpg', 'LYR-Sony-031122_124418.jpg', 'LYR-Sony-031122_124448.jpg', 'LYR-Sony-031122_124517.jpg', 'LYR-Sony-031122_124546.jpg', 'LYR-Sony-031122_124616.jpg', 'LYR-Sony-031122_124646.jpg', 'LYR-Sony-031122_124715.jpg', 'LYR-Sony-031122_124744.jpg', 'LYR-Sony-031122_124813.jpg', 'LYR-Sony-031122_124843.jpg', 'LYR-Sony-031122_124912.jpg', 'LYR-Sony-031122_124941.jpg', 'LYR-Sony-031122_125011.jpg', 'LYR-Sony-031122_125040.jpg', 'LYR-Sony-031122_125110.jpg', 'LYR-Sony-031122_125140.jpg', 'LYR-Sony-031122_125209.jpg', 'LYR-Sony-031122_125239.jpg', 'LYR-Sony-031122_125308.jpg', 'LYR-Sony-031122_125338.jpg', 'LYR-Sony-031122_125408.jpg', 'LYR-Sony-031122_125438.jpg', 'LYR-Sony-031122_125507.jpg', 'LYR-Sony-031122_125536.jpg', 'LYR-Sony-031122_125605.jpg', 'LYR-Sony-031122_125634.jpg', 'LYR-Sony-031122_125704.jpg', 'LYR-Sony-031122_125733.jpg', 'LYR-Sony-031122_125802.jpg', 'LYR-Sony-031122_125832.jpg', 'LYR-Sony-031122_125901.jpg', 'LYR-Sony-031122_125930.jpg', 'LYR-Sony-031122_125959.jpg', 'LYR-Sony-031122_130029.jpg', 'LYR-Sony-031122_130058.jpg', 'LYR-Sony-031122_130128.jpg', 'LYR-Sony-031122_130157.jpg', 'LYR-Sony-031122_130226.jpg', 'LYR-Sony-031122_130256.jpg', 'LYR-Sony-031122_130326.jpg', 'LYR-Sony-031122_130355.jpg', 'LYR-Sony-031122_130424.jpg', 'LYR-Sony-031122_130453.jpg', 'LYR-Sony-031122_130523.jpg', 'LYR-Sony-031122_130552.jpg', 'LYR-Sony-031122_130621.jpg', 'LYR-Sony-031122_130650.jpg', 'LYR-Sony-031122_130720.jpg', 'LYR-Sony-031122_130749.jpg', 'LYR-Sony-031122_130819.jpg', 'LYR-Sony-031122_130848.jpg', 'LYR-Sony-031122_130917.jpg', 'LYR-Sony-031122_130947.jpg', 'LYR-Sony-031122_131016.jpg', 'LYR-Sony-031122_131045.jpg', 'LYR-Sony-031122_131114.jpg', 'LYR-Sony-031122_131144.jpg', 'LYR-Sony-031122_131213.jpg', 'LYR-Sony-031122_131243.jpg', 'LYR-Sony-031122_131312.jpg', 'LYR-Sony-031122_131341.jpg', 'LYR-Sony-031122_131410.jpg', 'LYR-Sony-031122_131440.jpg', 'LYR-Sony-031122_131509.jpg', 'LYR-Sony-031122_131538.jpg', 'LYR-Sony-031122_131607.jpg', 'LYR-Sony-031122_131636.jpg', 'LYR-Sony-031122_131705.jpg', 'LYR-Sony-031122_131735.jpg', 'LYR-Sony-031122_131804.jpg', 'LYR-Sony-031122_131833.jpg', 'LYR-Sony-031122_131903.jpg', 'LYR-Sony-031122_131932.jpg', 'LYR-Sony-031122_132001.jpg', 'LYR-Sony-031122_132031.jpg', 'LYR-Sony-031122_132100.jpg', 'LYR-Sony-031122_132129.jpg', 'LYR-Sony-031122_132159.jpg', 'LYR-Sony-031122_132228.jpg', 'LYR-Sony-031122_132257.jpg', 'LYR-Sony-031122_132326.jpg', 'LYR-Sony-031122_132355.jpg', 'LYR-Sony-031122_132425.jpg', 'LYR-Sony-031122_132452.jpg', 'LYR-Sony-031122_132521.jpg', 'LYR-Sony-031122_132551.jpg', 'LYR-Sony-031122_132621.jpg', 'LYR-Sony-031122_132650.jpg', 'LYR-Sony-031122_132720.jpg', 'LYR-Sony-031122_132750.jpg', 'LYR-Sony-031122_132819.jpg', 'LYR-Sony-031122_132849.jpg', 'LYR-Sony-031122_132918.jpg', 'LYR-Sony-031122_132948.jpg', 'LYR-Sony-031122_133017.jpg', 'LYR-Sony-031122_133047.jpg', 'LYR-Sony-031122_133116.jpg', 'LYR-Sony-031122_133146.jpg', 'LYR-Sony-031122_133216.jpg', 'LYR-Sony-031122_133245.jpg', 'LYR-Sony-031122_133314.jpg', 'LYR-Sony-031122_133344.jpg', 'LYR-Sony-031122_133413.jpg', 'LYR-Sony-031122_133443.jpg', 'LYR-Sony-031122_133512.jpg', 'LYR-Sony-031122_133541.jpg', 'LYR-Sony-031122_133611.jpg', 'LYR-Sony-031122_133641.jpg', 'LYR-Sony-031122_133710.jpg', 'LYR-Sony-031122_133740.jpg', 'LYR-Sony-031122_133810.jpg', 'LYR-Sony-031122_133839.jpg', 'LYR-Sony-031122_133909.jpg', 'LYR-Sony-031122_133939.jpg', 'LYR-Sony-031122_134009.jpg', 'LYR-Sony-031122_134039.jpg', 'LYR-Sony-031122_134108.jpg', 'LYR-Sony-031122_134138.jpg', 'LYR-Sony-031122_134208.jpg', 'LYR-Sony-031122_134238.jpg', 'LYR-Sony-031122_134308.jpg', 'LYR-Sony-031122_134337.jpg', 'LYR-Sony-031122_134407.jpg', 'LYR-Sony-031122_134437.jpg', 'LYR-Sony-031122_134506.jpg', 'LYR-Sony-031122_134535.jpg', 'LYR-Sony-031122_134605.jpg', 'LYR-Sony-031122_134634.jpg', 'LYR-Sony-031122_134704.jpg', 'LYR-Sony-031122_134734.jpg', 'LYR-Sony-031122_134804.jpg', 'LYR-Sony-031122_134833.jpg', 'LYR-Sony-031122_134902.jpg', 'LYR-Sony-031122_134931.jpg', 'LYR-Sony-031122_135001.jpg', 'LYR-Sony-031122_135031.jpg', 'LYR-Sony-031122_135101.jpg', 'LYR-Sony-031122_135130.jpg', 'LYR-Sony-031122_135200.jpg', 'LYR-Sony-031122_135229.jpg', 'LYR-Sony-031122_135258.jpg', 'LYR-Sony-031122_135328.jpg', 'LYR-Sony-031122_135358.jpg', 'LYR-Sony-031122_135428.jpg', 'LYR-Sony-031122_135457.jpg', 'LYR-Sony-031122_135527.jpg', 'LYR-Sony-031122_135557.jpg', 'LYR-Sony-031122_135626.jpg', 'LYR-Sony-031122_135655.jpg', 'LYR-Sony-031122_135725.jpg', 'LYR-Sony-031122_135754.jpg', 'LYR-Sony-031122_135824.jpg', 'LYR-Sony-031122_135854.jpg', 'LYR-Sony-031122_135924.jpg', 'LYR-Sony-031122_135953.jpg', 'LYR-Sony-031122_140023.jpg', 'LYR-Sony-031122_140052.jpg', 'LYR-Sony-031122_140121.jpg', 'LYR-Sony-031122_140151.jpg', 'LYR-Sony-031122_140220.jpg', 'LYR-Sony-031122_140250.jpg', 'LYR-Sony-031122_140320.jpg', 'LYR-Sony-031122_140349.jpg', 'LYR-Sony-031122_140419.jpg', 'LYR-Sony-031122_140448.jpg', 'LYR-Sony-031122_140517.jpg', 'LYR-Sony-031122_140547.jpg', 'LYR-Sony-031122_140616.jpg', 'LYR-Sony-031122_140646.jpg', 'LYR-Sony-031122_140716.jpg', 'LYR-Sony-031122_140745.jpg', 'LYR-Sony-031122_140815.jpg', 'LYR-Sony-031122_140844.jpg', 'LYR-Sony-031122_140913.jpg', 'LYR-Sony-031122_140943.jpg', 'LYR-Sony-031122_141012.jpg', 'LYR-Sony-031122_141042.jpg', 'LYR-Sony-031122_141111.jpg', 'LYR-Sony-031122_141140.jpg', 'LYR-Sony-031122_141209.jpg', 'LYR-Sony-031122_141238.jpg', 'LYR-Sony-031122_141308.jpg', 'LYR-Sony-031122_141338.jpg', 'LYR-Sony-031122_141408.jpg', 'LYR-Sony-031122_141437.jpg', 'LYR-Sony-031122_141506.jpg', 'LYR-Sony-031122_141536.jpg', 'LYR-Sony-031122_141606.jpg', 'LYR-Sony-031122_141636.jpg', 'LYR-Sony-031122_141705.jpg', 'LYR-Sony-031122_141734.jpg', 'LYR-Sony-031122_141804.jpg', 'LYR-Sony-031122_141833.jpg', 'LYR-Sony-031122_141902.jpg', 'LYR-Sony-031122_141931.jpg', 'LYR-Sony-031122_142000.jpg', 'LYR-Sony-031122_142030.jpg', 'LYR-Sony-031122_142059.jpg', 'LYR-Sony-031122_142129.jpg', 'LYR-Sony-031122_142158.jpg', 'LYR-Sony-031122_142227.jpg', 'LYR-Sony-031122_142257.jpg', 'LYR-Sony-031122_142326.jpg', 'LYR-Sony-031122_142356.jpg', 'LYR-Sony-031122_142425.jpg', 'LYR-Sony-031122_142455.jpg', 'LYR-Sony-031122_142524.jpg', 'LYR-Sony-031122_142554.jpg', 'LYR-Sony-031122_142623.jpg', 'LYR-Sony-031122_142652.jpg', 'LYR-Sony-031122_142722.jpg', 'LYR-Sony-031122_142751.jpg', 'LYR-Sony-031122_142820.jpg', 'LYR-Sony-031122_142850.jpg', 'LYR-Sony-031122_142919.jpg', 'LYR-Sony-031122_142949.jpg', 'LYR-Sony-031122_143018.jpg', 'LYR-Sony-031122_143048.jpg', 'LYR-Sony-031122_143118.jpg', 'LYR-Sony-031122_143147.jpg', 'LYR-Sony-031122_143217.jpg', 'LYR-Sony-031122_143247.jpg', 'LYR-Sony-031122_143316.jpg', 'LYR-Sony-031122_143345.jpg', 'LYR-Sony-031122_143415.jpg', 'LYR-Sony-031122_143445.jpg', 'LYR-Sony-031122_143515.jpg', 'LYR-Sony-031122_143545.jpg', 'LYR-Sony-031122_143614.jpg', 'LYR-Sony-031122_143643.jpg', 'LYR-Sony-031122_143713.jpg', 'LYR-Sony-031122_143743.jpg', 'LYR-Sony-031122_143813.jpg', 'LYR-Sony-031122_143844.jpg', 'LYR-Sony-031122_143856.jpg', 'LYR-Sony-031122_143907.jpg', 'LYR-Sony-031122_143918.jpg', 'LYR-Sony-031122_143930.jpg', 'LYR-Sony-031122_143942.jpg', 'LYR-Sony-031122_143953.jpg', 'LYR-Sony-031122_144005.jpg', 'LYR-Sony-031122_144016.jpg', 'LYR-Sony-031122_144027.jpg', 'LYR-Sony-031122_144039.jpg', 'LYR-Sony-031122_144051.jpg', 'LYR-Sony-031122_144102.jpg', 'LYR-Sony-031122_144114.jpg', 'LYR-Sony-031122_144125.jpg', 'LYR-Sony-031122_144137.jpg', 'LYR-Sony-031122_144148.jpg', 'LYR-Sony-031122_144200.jpg', 'LYR-Sony-031122_144211.jpg', 'LYR-Sony-031122_144223.jpg', 'LYR-Sony-031122_144234.jpg', 'LYR-Sony-031122_144246.jpg', 'LYR-Sony-031122_144257.jpg', 'LYR-Sony-031122_144308.jpg', 'LYR-Sony-031122_144320.jpg', 'LYR-Sony-031122_144332.jpg', 'LYR-Sony-031122_144343.jpg', 'LYR-Sony-031122_144355.jpg', 'LYR-Sony-031122_144407.jpg', 'LYR-Sony-031122_144418.jpg', 'LYR-Sony-031122_144430.jpg', 'LYR-Sony-031122_144442.jpg', 'LYR-Sony-031122_144453.jpg', 'LYR-Sony-031122_144505.jpg', 'LYR-Sony-031122_144517.jpg', 'LYR-Sony-031122_144528.jpg', 'LYR-Sony-031122_144540.jpg', 'LYR-Sony-031122_144551.jpg', 'LYR-Sony-031122_144603.jpg', 'LYR-Sony-031122_144615.jpg', 'LYR-Sony-031122_144626.jpg', 'LYR-Sony-031122_144638.jpg', 'LYR-Sony-031122_144649.jpg', 'LYR-Sony-031122_144701.jpg', 'LYR-Sony-031122_144712.jpg', 'LYR-Sony-031122_144724.jpg', 'LYR-Sony-031122_144736.jpg', 'LYR-Sony-031122_144748.jpg', 'LYR-Sony-031122_144759.jpg', 'LYR-Sony-031122_144811.jpg', 'LYR-Sony-031122_144822.jpg', 'LYR-Sony-031122_144834.jpg', 'LYR-Sony-031122_144845.jpg', 'LYR-Sony-031122_144857.jpg', 'LYR-Sony-031122_144909.jpg', 'LYR-Sony-031122_144920.jpg', 'LYR-Sony-031122_144932.jpg', 'LYR-Sony-031122_144944.jpg', 'LYR-Sony-031122_144956.jpg', 'LYR-Sony-031122_145008.jpg', 'LYR-Sony-031122_145019.jpg', 'LYR-Sony-031122_145031.jpg', 'LYR-Sony-031122_145042.jpg', 'LYR-Sony-031122_145054.jpg', 'LYR-Sony-031122_145105.jpg', 'LYR-Sony-031122_145117.jpg', 'LYR-Sony-031122_145129.jpg', 'LYR-Sony-031122_145141.jpg', 'LYR-Sony-031122_145152.jpg', 'LYR-Sony-031122_145204.jpg', 'LYR-Sony-031122_145215.jpg', 'LYR-Sony-031122_145227.jpg', 'LYR-Sony-031122_145239.jpg', 'LYR-Sony-031122_145250.jpg', 'LYR-Sony-031122_145302.jpg', 'LYR-Sony-031122_145314.jpg', 'LYR-Sony-031122_145326.jpg', 'LYR-Sony-031122_145337.jpg', 'LYR-Sony-031122_145349.jpg', 'LYR-Sony-031122_145401.jpg', 'LYR-Sony-031122_145413.jpg', 'LYR-Sony-031122_145425.jpg', 'LYR-Sony-031122_145437.jpg', 'LYR-Sony-031122_145449.jpg', 'LYR-Sony-031122_145500.jpg', 'LYR-Sony-031122_145512.jpg', 'LYR-Sony-031122_145524.jpg', 'LYR-Sony-031122_145536.jpg', 'LYR-Sony-031122_145548.jpg', 'LYR-Sony-031122_145600.jpg', 'LYR-Sony-031122_145612.jpg', 'LYR-Sony-031122_145624.jpg', 'LYR-Sony-031122_145635.jpg', 'LYR-Sony-031122_145647.jpg', 'LYR-Sony-031122_145659.jpg', 'LYR-Sony-031122_145711.jpg', 'LYR-Sony-031122_145722.jpg', 'LYR-Sony-031122_145734.jpg', 'LYR-Sony-031122_145746.jpg', 'LYR-Sony-031122_145758.jpg', 'LYR-Sony-031122_145810.jpg', 'LYR-Sony-031122_145822.jpg', 'LYR-Sony-031122_145834.jpg', 'LYR-Sony-031122_145845.jpg', 'LYR-Sony-031122_145857.jpg', 'LYR-Sony-031122_145909.jpg', 'LYR-Sony-031122_145920.jpg', 'LYR-Sony-031122_145932.jpg', 'LYR-Sony-031122_145944.jpg', 'LYR-Sony-031122_145956.jpg', 'LYR-Sony-031122_150008.jpg', 'LYR-Sony-031122_150019.jpg', 'LYR-Sony-031122_150032.jpg', 'LYR-Sony-031122_150043.jpg', 'LYR-Sony-031122_150055.jpg', 'LYR-Sony-031122_150107.jpg', 'LYR-Sony-031122_150118.jpg', 'LYR-Sony-031122_150130.jpg', 'LYR-Sony-031122_150142.jpg', 'LYR-Sony-031122_150154.jpg', 'LYR-Sony-031122_150206.jpg', 'LYR-Sony-031122_150218.jpg', 'LYR-Sony-031122_150229.jpg', 'LYR-Sony-031122_150241.jpg', 'LYR-Sony-031122_150253.jpg', 'LYR-Sony-031122_150305.jpg', 'LYR-Sony-031122_150317.jpg', 'LYR-Sony-031122_150329.jpg', 'LYR-Sony-031122_150341.jpg', 'LYR-Sony-031122_150352.jpg', 'LYR-Sony-031122_150404.jpg', 'LYR-Sony-031122_150416.jpg', 'LYR-Sony-031122_150428.jpg', 'LYR-Sony-031122_150440.jpg', 'LYR-Sony-031122_150452.jpg', 'LYR-Sony-031122_150503.jpg', 'LYR-Sony-031122_150515.jpg', 'LYR-Sony-031122_150527.jpg', 'LYR-Sony-031122_150539.jpg', 'LYR-Sony-031122_150551.jpg', 'LYR-Sony-031122_150603.jpg', 'LYR-Sony-031122_150614.jpg', 'LYR-Sony-031122_150627.jpg', 'LYR-Sony-031122_150638.jpg', 'LYR-Sony-031122_150650.jpg', 'LYR-Sony-031122_150702.jpg', 'LYR-Sony-031122_150714.jpg', 'LYR-Sony-031122_150726.jpg', 'LYR-Sony-031122_150738.jpg', 'LYR-Sony-031122_150750.jpg', 'LYR-Sony-031122_150802.jpg', 'LYR-Sony-031122_150814.jpg', 'LYR-Sony-031122_150825.jpg', 'LYR-Sony-031122_150837.jpg', 'LYR-Sony-031122_150849.jpg', 'LYR-Sony-031122_150901.jpg', 'LYR-Sony-031122_150913.jpg', 'LYR-Sony-031122_150925.jpg', 'LYR-Sony-031122_150937.jpg', 'LYR-Sony-031122_150949.jpg', 'LYR-Sony-031122_151001.jpg', 'LYR-Sony-031122_151012.jpg', 'LYR-Sony-031122_151024.jpg', 'LYR-Sony-031122_151037.jpg', 'LYR-Sony-031122_151049.jpg', 'LYR-Sony-031122_151100.jpg', 'LYR-Sony-031122_151112.jpg', 'LYR-Sony-031122_151124.jpg', 'LYR-Sony-031122_151136.jpg', 'LYR-Sony-031122_151148.jpg', 'LYR-Sony-031122_151200.jpg', 'LYR-Sony-031122_151212.jpg', 'LYR-Sony-031122_151224.jpg', 'LYR-Sony-031122_151236.jpg', 'LYR-Sony-031122_151248.jpg', 'LYR-Sony-031122_151300.jpg', 'LYR-Sony-031122_151312.jpg', 'LYR-Sony-031122_151324.jpg', 'LYR-Sony-031122_151336.jpg', 'LYR-Sony-031122_151348.jpg', 'LYR-Sony-031122_151400.jpg', 'LYR-Sony-031122_151412.jpg', 'LYR-Sony-031122_151424.jpg', 'LYR-Sony-031122_151436.jpg', 'LYR-Sony-031122_151448.jpg', 'LYR-Sony-031122_151459.jpg', 'LYR-Sony-031122_151511.jpg', 'LYR-Sony-031122_151524.jpg', 'LYR-Sony-031122_151535.jpg', 'LYR-Sony-031122_151547.jpg', 'LYR-Sony-031122_151559.jpg', 'LYR-Sony-031122_151612.jpg', 'LYR-Sony-031122_151623.jpg', 'LYR-Sony-031122_151636.jpg', 'LYR-Sony-031122_151648.jpg', 'LYR-Sony-031122_151700.jpg', 'LYR-Sony-031122_151712.jpg', 'LYR-Sony-031122_151723.jpg', 'LYR-Sony-031122_151735.jpg', 'LYR-Sony-031122_151747.jpg', 'LYR-Sony-031122_151759.jpg', 'LYR-Sony-031122_151811.jpg', 'LYR-Sony-031122_151823.jpg', 'LYR-Sony-031122_151835.jpg', 'LYR-Sony-031122_151847.jpg', 'LYR-Sony-031122_151859.jpg', 'LYR-Sony-031122_151911.jpg', 'LYR-Sony-031122_151923.jpg', 'LYR-Sony-031122_151935.jpg', 'LYR-Sony-031122_151947.jpg', 'LYR-Sony-031122_151959.jpg', 'LYR-Sony-031122_152011.jpg', 'LYR-Sony-031122_152023.jpg', 'LYR-Sony-031122_152036.jpg', 'LYR-Sony-031122_152048.jpg', 'LYR-Sony-031122_152100.jpg', 'LYR-Sony-031122_152112.jpg', 'LYR-Sony-031122_152124.jpg', 'LYR-Sony-031122_152136.jpg', 'LYR-Sony-031122_152148.jpg', 'LYR-Sony-031122_152200.jpg', 'LYR-Sony-031122_152212.jpg', 'LYR-Sony-031122_152224.jpg', 'LYR-Sony-031122_152235.jpg', 'LYR-Sony-031122_152247.jpg', 'LYR-Sony-031122_152259.jpg', 'LYR-Sony-031122_152310.jpg', 'LYR-Sony-031122_152322.jpg', 'LYR-Sony-031122_152334.jpg', 'LYR-Sony-031122_152346.jpg', 'LYR-Sony-031122_152358.jpg', 'LYR-Sony-031122_152409.jpg', 'LYR-Sony-031122_152421.jpg', 'LYR-Sony-031122_152434.jpg', 'LYR-Sony-031122_152446.jpg', 'LYR-Sony-031122_152458.jpg', 'LYR-Sony-031122_152510.jpg', 'LYR-Sony-031122_152521.jpg', 'LYR-Sony-031122_152534.jpg', 'LYR-Sony-031122_152546.jpg', 'LYR-Sony-031122_152557.jpg', 'LYR-Sony-031122_152609.jpg', 'LYR-Sony-031122_152621.jpg', 'LYR-Sony-031122_152633.jpg', 'LYR-Sony-031122_152645.jpg', 'LYR-Sony-031122_152657.jpg', 'LYR-Sony-031122_152709.jpg', 'LYR-Sony-031122_152720.jpg', 'LYR-Sony-031122_152732.jpg', 'LYR-Sony-031122_152744.jpg', 'LYR-Sony-031122_152756.jpg', 'LYR-Sony-031122_152808.jpg', 'LYR-Sony-031122_152820.jpg', 'LYR-Sony-031122_152832.jpg', 'LYR-Sony-031122_152844.jpg', 'LYR-Sony-031122_152856.jpg', 'LYR-Sony-031122_152908.jpg', 'LYR-Sony-031122_152920.jpg', 'LYR-Sony-031122_152932.jpg', 'LYR-Sony-031122_152944.jpg', 'LYR-Sony-031122_152956.jpg', 'LYR-Sony-031122_153007.jpg', 'LYR-Sony-031122_153019.jpg', 'LYR-Sony-031122_153031.jpg', 'LYR-Sony-031122_153043.jpg', 'LYR-Sony-031122_153055.jpg', 'LYR-Sony-031122_153107.jpg', 'LYR-Sony-031122_153119.jpg', 'LYR-Sony-031122_153131.jpg', 'LYR-Sony-031122_153142.jpg', 'LYR-Sony-031122_153154.jpg', 'LYR-Sony-031122_153206.jpg', 'LYR-Sony-031122_153218.jpg', 'LYR-Sony-031122_153230.jpg', 'LYR-Sony-031122_153242.jpg', 'LYR-Sony-031122_153254.jpg', 'LYR-Sony-031122_153305.jpg', 'LYR-Sony-031122_153317.jpg', 'LYR-Sony-031122_153329.jpg', 'LYR-Sony-031122_153341.jpg', 'LYR-Sony-031122_153353.jpg', 'LYR-Sony-031122_153404.jpg', 'LYR-Sony-031122_153416.jpg', 'LYR-Sony-031122_153427.jpg', 'LYR-Sony-031122_153439.jpg', 'LYR-Sony-031122_153451.jpg', 'LYR-Sony-031122_153503.jpg', 'LYR-Sony-031122_153514.jpg', 'LYR-Sony-031122_153526.jpg', 'LYR-Sony-031122_153538.jpg', 'LYR-Sony-031122_153550.jpg', 'LYR-Sony-031122_153602.jpg', 'LYR-Sony-031122_153613.jpg', 'LYR-Sony-031122_153625.jpg', 'LYR-Sony-031122_153637.jpg', 'LYR-Sony-031122_153649.jpg', 'LYR-Sony-031122_153701.jpg', 'LYR-Sony-031122_153712.jpg', 'LYR-Sony-031122_153724.jpg', 'LYR-Sony-031122_153736.jpg', 'LYR-Sony-031122_153748.jpg', 'LYR-Sony-031122_153800.jpg', 'LYR-Sony-031122_153811.jpg', 'LYR-Sony-031122_153823.jpg', 'LYR-Sony-031122_153835.jpg', 'LYR-Sony-031122_153847.jpg', 'LYR-Sony-031122_153859.jpg', 'LYR-Sony-031122_153910.jpg', 'LYR-Sony-031122_153922.jpg', 'LYR-Sony-031122_153934.jpg', 'LYR-Sony-031122_153946.jpg', 'LYR-Sony-031122_153958.jpg', 'LYR-Sony-031122_154010.jpg', 'LYR-Sony-031122_154022.jpg', 'LYR-Sony-031122_154033.jpg', 'LYR-Sony-031122_154045.jpg', 'LYR-Sony-031122_154057.jpg', 'LYR-Sony-031122_154108.jpg', 'LYR-Sony-031122_154120.jpg', 'LYR-Sony-031122_154132.jpg', 'LYR-Sony-031122_154144.jpg', 'LYR-Sony-031122_154156.jpg', 'LYR-Sony-031122_154207.jpg', 'LYR-Sony-031122_154219.jpg', 'LYR-Sony-031122_154231.jpg', 'LYR-Sony-031122_154242.jpg', 'LYR-Sony-031122_154255.jpg', 'LYR-Sony-031122_154306.jpg', 'LYR-Sony-031122_154318.jpg', 'LYR-Sony-031122_154330.jpg', 'LYR-Sony-031122_154341.jpg', 'LYR-Sony-031122_154353.jpg', 'LYR-Sony-031122_154404.jpg', 'LYR-Sony-031122_154416.jpg', 'LYR-Sony-031122_154428.jpg', 'LYR-Sony-031122_154440.jpg', 'LYR-Sony-031122_154451.jpg', 'LYR-Sony-031122_154503.jpg', 'LYR-Sony-031122_154515.jpg', 'LYR-Sony-031122_154527.jpg', 'LYR-Sony-031122_154539.jpg', 'LYR-Sony-031122_154550.jpg', 'LYR-Sony-031122_154602.jpg', 'LYR-Sony-031122_154614.jpg', 'LYR-Sony-031122_154626.jpg', 'LYR-Sony-031122_154637.jpg', 'LYR-Sony-031122_154649.jpg', 'LYR-Sony-031122_154701.jpg', 'LYR-Sony-031122_154713.jpg', 'LYR-Sony-031122_154725.jpg', 'LYR-Sony-031122_154736.jpg', 'LYR-Sony-031122_154748.jpg', 'LYR-Sony-031122_154800.jpg', 'LYR-Sony-031122_154812.jpg', 'LYR-Sony-031122_154823.jpg', 'LYR-Sony-031122_154835.jpg', 'LYR-Sony-031122_154846.jpg', 'LYR-Sony-031122_154858.jpg', 'LYR-Sony-031122_154910.jpg', 'LYR-Sony-031122_154922.jpg', 'LYR-Sony-031122_154933.jpg', 'LYR-Sony-031122_154945.jpg', 'LYR-Sony-031122_154957.jpg', 'LYR-Sony-031122_155008.jpg', 'LYR-Sony-031122_155020.jpg', 'LYR-Sony-031122_155032.jpg', 'LYR-Sony-031122_155044.jpg', 'LYR-Sony-031122_155055.jpg', 'LYR-Sony-031122_155107.jpg', 'LYR-Sony-031122_155119.jpg', 'LYR-Sony-031122_155130.jpg', 'LYR-Sony-031122_155142.jpg', 'LYR-Sony-031122_155154.jpg', 'LYR-Sony-031122_155206.jpg', 'LYR-Sony-031122_155217.jpg', 'LYR-Sony-031122_155229.jpg', 'LYR-Sony-031122_155241.jpg', 'LYR-Sony-031122_155253.jpg', 'LYR-Sony-031122_155304.jpg', 'LYR-Sony-031122_155316.jpg', 'LYR-Sony-031122_155328.jpg', 'LYR-Sony-031122_155340.jpg', 'LYR-Sony-031122_155351.jpg', 'LYR-Sony-031122_155403.jpg', 'LYR-Sony-031122_155415.jpg', 'LYR-Sony-031122_155426.jpg', 'LYR-Sony-031122_155438.jpg', 'LYR-Sony-031122_155450.jpg', 'LYR-Sony-031122_155502.jpg', 'LYR-Sony-031122_155514.jpg', 'LYR-Sony-031122_155525.jpg', 'LYR-Sony-031122_155537.jpg', 'LYR-Sony-031122_155549.jpg', 'LYR-Sony-031122_155601.jpg', 'LYR-Sony-031122_155612.jpg', 'LYR-Sony-031122_155624.jpg', 'LYR-Sony-031122_155636.jpg', 'LYR-Sony-031122_155647.jpg', 'LYR-Sony-031122_155659.jpg', 'LYR-Sony-031122_155711.jpg', 'LYR-Sony-031122_155722.jpg', 'LYR-Sony-031122_155734.jpg', 'LYR-Sony-031122_155746.jpg', 'LYR-Sony-031122_155757.jpg', 'LYR-Sony-031122_155809.jpg', 'LYR-Sony-031122_155821.jpg', 'LYR-Sony-031122_155833.jpg', 'LYR-Sony-031122_155844.jpg', 'LYR-Sony-031122_155856.jpg', 'LYR-Sony-031122_155908.jpg', 'LYR-Sony-031122_155919.jpg', 'LYR-Sony-031122_155931.jpg', 'LYR-Sony-031122_155943.jpg', 'LYR-Sony-031122_155954.jpg', 'LYR-Sony-031122_160006.jpg', 'LYR-Sony-031122_160018.jpg', 'LYR-Sony-031122_160029.jpg', 'LYR-Sony-031122_160041.jpg', 'LYR-Sony-031122_160053.jpg', 'LYR-Sony-031122_160105.jpg', 'LYR-Sony-031122_160117.jpg', 'LYR-Sony-031122_160129.jpg', 'LYR-Sony-031122_160140.jpg', 'LYR-Sony-031122_160152.jpg', 'LYR-Sony-031122_160203.jpg', 'LYR-Sony-031122_160215.jpg', 'LYR-Sony-031122_160226.jpg', 'LYR-Sony-031122_160238.jpg', 'LYR-Sony-031122_160250.jpg', 'LYR-Sony-031122_160301.jpg', 'LYR-Sony-031122_160313.jpg', 'LYR-Sony-031122_160325.jpg', 'LYR-Sony-031122_160336.jpg', 'LYR-Sony-031122_160348.jpg', 'LYR-Sony-031122_160400.jpg', 'LYR-Sony-031122_160411.jpg', 'LYR-Sony-031122_160423.jpg', 'LYR-Sony-031122_160434.jpg', 'LYR-Sony-031122_160446.jpg', 'LYR-Sony-031122_160458.jpg', 'LYR-Sony-031122_160509.jpg', 'LYR-Sony-031122_160521.jpg', 'LYR-Sony-031122_160533.jpg', 'LYR-Sony-031122_160544.jpg', 'LYR-Sony-031122_160556.jpg', 'LYR-Sony-031122_160608.jpg', 'LYR-Sony-031122_160620.jpg', 'LYR-Sony-031122_160632.jpg', 'LYR-Sony-031122_160644.jpg', 'LYR-Sony-031122_160656.jpg', 'LYR-Sony-031122_160708.jpg', 'LYR-Sony-031122_160719.jpg', 'LYR-Sony-031122_160731.jpg', 'LYR-Sony-031122_160742.jpg', 'LYR-Sony-031122_160754.jpg', 'LYR-Sony-031122_160806.jpg', 'LYR-Sony-031122_160817.jpg', 'LYR-Sony-031122_160829.jpg', 'LYR-Sony-031122_160841.jpg', 'LYR-Sony-031122_160852.jpg', 'LYR-Sony-031122_160904.jpg', 'LYR-Sony-031122_160916.jpg', 'LYR-Sony-031122_160927.jpg', 'LYR-Sony-031122_160939.jpg', 'LYR-Sony-031122_160951.jpg', 'LYR-Sony-031122_161003.jpg', 'LYR-Sony-031122_161015.jpg', 'LYR-Sony-031122_161026.jpg', 'LYR-Sony-031122_161038.jpg', 'LYR-Sony-031122_161050.jpg', 'LYR-Sony-031122_161102.jpg', 'LYR-Sony-031122_161114.jpg', 'LYR-Sony-031122_161125.jpg', 'LYR-Sony-031122_161137.jpg', 'LYR-Sony-031122_161149.jpg', 'LYR-Sony-031122_161201.jpg', 'LYR-Sony-031122_161212.jpg', 'LYR-Sony-031122_161224.jpg', 'LYR-Sony-031122_161235.jpg', 'LYR-Sony-031122_161247.jpg', 'LYR-Sony-031122_161259.jpg', 'LYR-Sony-031122_161311.jpg', 'LYR-Sony-031122_161323.jpg', 'LYR-Sony-031122_161334.jpg', 'LYR-Sony-031122_161346.jpg', 'LYR-Sony-031122_161358.jpg', 'LYR-Sony-031122_161409.jpg', 'LYR-Sony-031122_161421.jpg', 'LYR-Sony-031122_161433.jpg', 'LYR-Sony-031122_161444.jpg', 'LYR-Sony-031122_161456.jpg', 'LYR-Sony-031122_161508.jpg', 'LYR-Sony-031122_161520.jpg', 'LYR-Sony-031122_161532.jpg', 'LYR-Sony-031122_161543.jpg', 'LYR-Sony-031122_161555.jpg', 'LYR-Sony-031122_161606.jpg', 'LYR-Sony-031122_161618.jpg', 'LYR-Sony-031122_161630.jpg', 'LYR-Sony-031122_161642.jpg', 'LYR-Sony-031122_161653.jpg', 'LYR-Sony-031122_161705.jpg', 'LYR-Sony-031122_161717.jpg', 'LYR-Sony-031122_161728.jpg', 'LYR-Sony-031122_161740.jpg', 'LYR-Sony-031122_161752.jpg', 'LYR-Sony-031122_161804.jpg', 'LYR-Sony-031122_161815.jpg', 'LYR-Sony-031122_161826.jpg', 'LYR-Sony-031122_161838.jpg', 'LYR-Sony-031122_161849.jpg', 'LYR-Sony-031122_161901.jpg', 'LYR-Sony-031122_161913.jpg', 'LYR-Sony-031122_161925.jpg', 'LYR-Sony-031122_161936.jpg', 'LYR-Sony-031122_161948.jpg', 'LYR-Sony-031122_162000.jpg', 'LYR-Sony-031122_162012.jpg', 'LYR-Sony-031122_162023.jpg', 'LYR-Sony-031122_162035.jpg', 'LYR-Sony-031122_162046.jpg', 'LYR-Sony-031122_162058.jpg', 'LYR-Sony-031122_162109.jpg', 'LYR-Sony-031122_162121.jpg', 'LYR-Sony-031122_162133.jpg', 'LYR-Sony-031122_162145.jpg', 'LYR-Sony-031122_162156.jpg', 'LYR-Sony-031122_162208.jpg', 'LYR-Sony-031122_162219.jpg', 'LYR-Sony-031122_162231.jpg', 'LYR-Sony-031122_162243.jpg', 'LYR-Sony-031122_162254.jpg', 'LYR-Sony-031122_162306.jpg', 'LYR-Sony-031122_162317.jpg', 'LYR-Sony-031122_162329.jpg', 'LYR-Sony-031122_162341.jpg', 'LYR-Sony-031122_162352.jpg', 'LYR-Sony-031122_162404.jpg', 'LYR-Sony-031122_162416.jpg', 'LYR-Sony-031122_162427.jpg', 'LYR-Sony-031122_162439.jpg', 'LYR-Sony-031122_162451.jpg', 'LYR-Sony-031122_162502.jpg', 'LYR-Sony-031122_162514.jpg', 'LYR-Sony-031122_162526.jpg', 'LYR-Sony-031122_162538.jpg', 'LYR-Sony-031122_162550.jpg', 'LYR-Sony-031122_162601.jpg', 'LYR-Sony-031122_162613.jpg', 'LYR-Sony-031122_162625.jpg', 'LYR-Sony-031122_162636.jpg', 'LYR-Sony-031122_162648.jpg', 'LYR-Sony-031122_162700.jpg', 'LYR-Sony-031122_162711.jpg', 'LYR-Sony-031122_162723.jpg', 'LYR-Sony-031122_162734.jpg', 'LYR-Sony-031122_162746.jpg', 'LYR-Sony-031122_162758.jpg', 'LYR-Sony-031122_162809.jpg', 'LYR-Sony-031122_162821.jpg', 'LYR-Sony-031122_162832.jpg', 'LYR-Sony-031122_162844.jpg', 'LYR-Sony-031122_162856.jpg', 'LYR-Sony-031122_162908.jpg', 'LYR-Sony-031122_162919.jpg', 'LYR-Sony-031122_162931.jpg', 'LYR-Sony-031122_162943.jpg', 'LYR-Sony-031122_162954.jpg', 'LYR-Sony-031122_163006.jpg', 'LYR-Sony-031122_163018.jpg', 'LYR-Sony-031122_163029.jpg', 'LYR-Sony-031122_163041.jpg', 'LYR-Sony-031122_163053.jpg', 'LYR-Sony-031122_163105.jpg', 'LYR-Sony-031122_163116.jpg', 'LYR-Sony-031122_163128.jpg', 'LYR-Sony-031122_163140.jpg', 'LYR-Sony-031122_163151.jpg', 'LYR-Sony-031122_163203.jpg', 'LYR-Sony-031122_163215.jpg', 'LYR-Sony-031122_163226.jpg', 'LYR-Sony-031122_163238.jpg', 'LYR-Sony-031122_163250.jpg', 'LYR-Sony-031122_163302.jpg', 'LYR-Sony-031122_163313.jpg', 'LYR-Sony-031122_163325.jpg', 'LYR-Sony-031122_163336.jpg', 'LYR-Sony-031122_163348.jpg', 'LYR-Sony-031122_163359.jpg', 'LYR-Sony-031122_163411.jpg', 'LYR-Sony-031122_163423.jpg', 'LYR-Sony-031122_163434.jpg', 'LYR-Sony-031122_163446.jpg', 'LYR-Sony-031122_163457.jpg', 'LYR-Sony-031122_163509.jpg', 'LYR-Sony-031122_163521.jpg', 'LYR-Sony-031122_163532.jpg', 'LYR-Sony-031122_163544.jpg', 'LYR-Sony-031122_163556.jpg', 'LYR-Sony-031122_163607.jpg', 'LYR-Sony-031122_163619.jpg', 'LYR-Sony-031122_163631.jpg', 'LYR-Sony-031122_163642.jpg', 'LYR-Sony-031122_163654.jpg', 'LYR-Sony-031122_163706.jpg', 'LYR-Sony-031122_163717.jpg', 'LYR-Sony-031122_163729.jpg', 'LYR-Sony-031122_163740.jpg', 'LYR-Sony-031122_163751.jpg', 'LYR-Sony-031122_163803.jpg', 'LYR-Sony-031122_163815.jpg', 'LYR-Sony-031122_163826.jpg', 'LYR-Sony-031122_163839.jpg', 'LYR-Sony-031122_163850.jpg', 'LYR-Sony-031122_163902.jpg', 'LYR-Sony-031122_163913.jpg', 'LYR-Sony-031122_163925.jpg', 'LYR-Sony-031122_163936.jpg', 'LYR-Sony-031122_163948.jpg', 'LYR-Sony-031122_164000.jpg', 'LYR-Sony-031122_164011.jpg', 'LYR-Sony-031122_164022.jpg', 'LYR-Sony-031122_164034.jpg', 'LYR-Sony-031122_164046.jpg', 'LYR-Sony-031122_164057.jpg', 'LYR-Sony-031122_164109.jpg', 'LYR-Sony-031122_164121.jpg', 'LYR-Sony-031122_164132.jpg', 'LYR-Sony-031122_164144.jpg', 'LYR-Sony-031122_164155.jpg', 'LYR-Sony-031122_164206.jpg', 'LYR-Sony-031122_164218.jpg', 'LYR-Sony-031122_164230.jpg', 'LYR-Sony-031122_164242.jpg', 'LYR-Sony-031122_164253.jpg', 'LYR-Sony-031122_164305.jpg', 'LYR-Sony-031122_164316.jpg', 'LYR-Sony-031122_164328.jpg', 'LYR-Sony-031122_164340.jpg', 'LYR-Sony-031122_164352.jpg', 'LYR-Sony-031122_164403.jpg', 'LYR-Sony-031122_164415.jpg', 'LYR-Sony-031122_164426.jpg', 'LYR-Sony-031122_164438.jpg', 'LYR-Sony-031122_164450.jpg', 'LYR-Sony-031122_164502.jpg', 'LYR-Sony-031122_164513.jpg', 'LYR-Sony-031122_164525.jpg', 'LYR-Sony-031122_164536.jpg', 'LYR-Sony-031122_164548.jpg', 'LYR-Sony-031122_164600.jpg', 'LYR-Sony-031122_164611.jpg', 'LYR-Sony-031122_164623.jpg', 'LYR-Sony-031122_164634.jpg', 'LYR-Sony-031122_164646.jpg', 'LYR-Sony-031122_164658.jpg', 'LYR-Sony-031122_164710.jpg', 'LYR-Sony-031122_164721.jpg', 'LYR-Sony-031122_164733.jpg', 'LYR-Sony-031122_164744.jpg', 'LYR-Sony-031122_164756.jpg', 'LYR-Sony-031122_164808.jpg', 'LYR-Sony-031122_164819.jpg', 'LYR-Sony-031122_164831.jpg', 'LYR-Sony-031122_164843.jpg', 'LYR-Sony-031122_164854.jpg', 'LYR-Sony-031122_164906.jpg', 'LYR-Sony-031122_164917.jpg', 'LYR-Sony-031122_164929.jpg', 'LYR-Sony-031122_164940.jpg', 'LYR-Sony-031122_164952.jpg', 'LYR-Sony-031122_165003.jpg', 'LYR-Sony-031122_165015.jpg', 'LYR-Sony-031122_165026.jpg', 'LYR-Sony-031122_165038.jpg', 'LYR-Sony-031122_165050.jpg', 'LYR-Sony-031122_165101.jpg', 'LYR-Sony-031122_165113.jpg', 'LYR-Sony-031122_165125.jpg', 'LYR-Sony-031122_165136.jpg', 'LYR-Sony-031122_165148.jpg', 'LYR-Sony-031122_165159.jpg', 'LYR-Sony-031122_165211.jpg', 'LYR-Sony-031122_165222.jpg', 'LYR-Sony-031122_165234.jpg', 'LYR-Sony-031122_165245.jpg', 'LYR-Sony-031122_165257.jpg', 'LYR-Sony-031122_165309.jpg', 'LYR-Sony-031122_165321.jpg', 'LYR-Sony-031122_165332.jpg', 'LYR-Sony-031122_165344.jpg', 'LYR-Sony-031122_165356.jpg', 'LYR-Sony-031122_165407.jpg', 'LYR-Sony-031122_165419.jpg', 'LYR-Sony-031122_165431.jpg', 'LYR-Sony-031122_165442.jpg', 'LYR-Sony-031122_165454.jpg', 'LYR-Sony-031122_165505.jpg', 'LYR-Sony-031122_165517.jpg', 'LYR-Sony-031122_165529.jpg', 'LYR-Sony-031122_165540.jpg', 'LYR-Sony-031122_165552.jpg', 'LYR-Sony-031122_165603.jpg', 'LYR-Sony-031122_165615.jpg', 'LYR-Sony-031122_165626.jpg', 'LYR-Sony-031122_165638.jpg', 'LYR-Sony-031122_165650.jpg', 'LYR-Sony-031122_165701.jpg', 'LYR-Sony-031122_165712.jpg', 'LYR-Sony-031122_165724.jpg', 'LYR-Sony-031122_165736.jpg', 'LYR-Sony-031122_165747.jpg', 'LYR-Sony-031122_165759.jpg', 'LYR-Sony-031122_165811.jpg', 'LYR-Sony-031122_165823.jpg', 'LYR-Sony-031122_165834.jpg', 'LYR-Sony-031122_165846.jpg', 'LYR-Sony-031122_165858.jpg', 'LYR-Sony-031122_165910.jpg', 'LYR-Sony-031122_165922.jpg', 'LYR-Sony-031122_165933.jpg', 'LYR-Sony-031122_165945.jpg', 'LYR-Sony-031122_165956.jpg', 'LYR-Sony-031122_170008.jpg', 'LYR-Sony-031122_170020.jpg', 'LYR-Sony-031122_170031.jpg', 'LYR-Sony-031122_170043.jpg', 'LYR-Sony-031122_170055.jpg', 'LYR-Sony-031122_170106.jpg', 'LYR-Sony-031122_170118.jpg', 'LYR-Sony-031122_170129.jpg', 'LYR-Sony-031122_170141.jpg', 'LYR-Sony-031122_170153.jpg', 'LYR-Sony-031122_170205.jpg', 'LYR-Sony-031122_170217.jpg', 'LYR-Sony-031122_170228.jpg', 'LYR-Sony-031122_170240.jpg', 'LYR-Sony-031122_170252.jpg', 'LYR-Sony-031122_170303.jpg', 'LYR-Sony-031122_170315.jpg', 'LYR-Sony-031122_170327.jpg', 'LYR-Sony-031122_170338.jpg', 'LYR-Sony-031122_170350.jpg', 'LYR-Sony-031122_170402.jpg', 'LYR-Sony-031122_170414.jpg', 'LYR-Sony-031122_170426.jpg', 'LYR-Sony-031122_170438.jpg', 'LYR-Sony-031122_170449.jpg', 'LYR-Sony-031122_170501.jpg', 'LYR-Sony-031122_170513.jpg', 'LYR-Sony-031122_170525.jpg', 'LYR-Sony-031122_170536.jpg', 'LYR-Sony-031122_170548.jpg', 'LYR-Sony-031122_170600.jpg', 'LYR-Sony-031122_170611.jpg', 'LYR-Sony-031122_170623.jpg', 'LYR-Sony-031122_170635.jpg', 'LYR-Sony-031122_170646.jpg', 'LYR-Sony-031122_170658.jpg', 'LYR-Sony-031122_170709.jpg', 'LYR-Sony-031122_170721.jpg', 'LYR-Sony-031122_170733.jpg', 'LYR-Sony-031122_170745.jpg', 'LYR-Sony-031122_170756.jpg', 'LYR-Sony-031122_170808.jpg', 'LYR-Sony-031122_170820.jpg', 'LYR-Sony-031122_170831.jpg', 'LYR-Sony-031122_170843.jpg', 'LYR-Sony-031122_170854.jpg', 'LYR-Sony-031122_170906.jpg', 'LYR-Sony-031122_170918.jpg', 'LYR-Sony-031122_170929.jpg', 'LYR-Sony-031122_170941.jpg', 'LYR-Sony-031122_170952.jpg', 'LYR-Sony-031122_171004.jpg', 'LYR-Sony-031122_171015.jpg', 'LYR-Sony-031122_171027.jpg', 'LYR-Sony-031122_171038.jpg', 'LYR-Sony-031122_171050.jpg', 'LYR-Sony-031122_171101.jpg', 'LYR-Sony-031122_171113.jpg', 'LYR-Sony-031122_171125.jpg', 'LYR-Sony-031122_171137.jpg', 'LYR-Sony-031122_171148.jpg', 'LYR-Sony-031122_171200.jpg', 'LYR-Sony-031122_171212.jpg', 'LYR-Sony-031122_171224.jpg', 'LYR-Sony-031122_171235.jpg', 'LYR-Sony-031122_171247.jpg', 'LYR-Sony-031122_171258.jpg', 'LYR-Sony-031122_171310.jpg', 'LYR-Sony-031122_171322.jpg', 'LYR-Sony-031122_171333.jpg', 'LYR-Sony-031122_171345.jpg', 'LYR-Sony-031122_171356.jpg', 'LYR-Sony-031122_171408.jpg', 'LYR-Sony-031122_171419.jpg', 'LYR-Sony-031122_171431.jpg', 'LYR-Sony-031122_171442.jpg', 'LYR-Sony-031122_171454.jpg', 'LYR-Sony-031122_171505.jpg', 'LYR-Sony-031122_171517.jpg', 'LYR-Sony-031122_171529.jpg', 'LYR-Sony-031122_171541.jpg', 'LYR-Sony-031122_171552.jpg', 'LYR-Sony-031122_171604.jpg', 'LYR-Sony-031122_171615.jpg', 'LYR-Sony-031122_171627.jpg', 'LYR-Sony-031122_171638.jpg', 'LYR-Sony-031122_171650.jpg', 'LYR-Sony-031122_171701.jpg', 'LYR-Sony-031122_171713.jpg', 'LYR-Sony-031122_171725.jpg', 'LYR-Sony-031122_171737.jpg', 'LYR-Sony-031122_171748.jpg', 'LYR-Sony-031122_171800.jpg', 'LYR-Sony-031122_171811.jpg', 'LYR-Sony-031122_171823.jpg', 'LYR-Sony-031122_171835.jpg', 'LYR-Sony-031122_171846.jpg', 'LYR-Sony-031122_171858.jpg', 'LYR-Sony-031122_171910.jpg', 'LYR-Sony-031122_171921.jpg', 'LYR-Sony-031122_171933.jpg', 'LYR-Sony-031122_171945.jpg', 'LYR-Sony-031122_171956.jpg', 'LYR-Sony-031122_172008.jpg', 'LYR-Sony-031122_172019.jpg', 'LYR-Sony-031122_172031.jpg', 'LYR-Sony-031122_172043.jpg', 'LYR-Sony-031122_172055.jpg', 'LYR-Sony-031122_172106.jpg', 'LYR-Sony-031122_172118.jpg', 'LYR-Sony-031122_172129.jpg', 'LYR-Sony-031122_172141.jpg', 'LYR-Sony-031122_172152.jpg', 'LYR-Sony-031122_172204.jpg', 'LYR-Sony-031122_172215.jpg', 'LYR-Sony-031122_172227.jpg', 'LYR-Sony-031122_172239.jpg', 'LYR-Sony-031122_172250.jpg', 'LYR-Sony-031122_172302.jpg', 'LYR-Sony-031122_172314.jpg', 'LYR-Sony-031122_172326.jpg', 'LYR-Sony-031122_172337.jpg', 'LYR-Sony-031122_172349.jpg', 'LYR-Sony-031122_172401.jpg', 'LYR-Sony-031122_172412.jpg', 'LYR-Sony-031122_172424.jpg', 'LYR-Sony-031122_172436.jpg', 'LYR-Sony-031122_172448.jpg', 'LYR-Sony-031122_172459.jpg', 'LYR-Sony-031122_172511.jpg', 'LYR-Sony-031122_172522.jpg', 'LYR-Sony-031122_172534.jpg', 'LYR-Sony-031122_172546.jpg', 'LYR-Sony-031122_172557.jpg', 'LYR-Sony-031122_172609.jpg', 'LYR-Sony-031122_172621.jpg', 'LYR-Sony-031122_172633.jpg', 'LYR-Sony-031122_172644.jpg', 'LYR-Sony-031122_172656.jpg', 'LYR-Sony-031122_172708.jpg', 'LYR-Sony-031122_172719.jpg', 'LYR-Sony-031122_172731.jpg', 'LYR-Sony-031122_172742.jpg', 'LYR-Sony-031122_172754.jpg', 'LYR-Sony-031122_172805.jpg', 'LYR-Sony-031122_172817.jpg', 'LYR-Sony-031122_172828.jpg', 'LYR-Sony-031122_172840.jpg', 'LYR-Sony-031122_172851.jpg', 'LYR-Sony-031122_172903.jpg', 'LYR-Sony-031122_172915.jpg', 'LYR-Sony-031122_172926.jpg', 'LYR-Sony-031122_172938.jpg', 'LYR-Sony-031122_172950.jpg', 'LYR-Sony-031122_173001.jpg', 'LYR-Sony-031122_173013.jpg', 'LYR-Sony-031122_173024.jpg', 'LYR-Sony-031122_173035.jpg', 'LYR-Sony-031122_173047.jpg', 'LYR-Sony-031122_173058.jpg', 'LYR-Sony-031122_173110.jpg', 'LYR-Sony-031122_173122.jpg', 'LYR-Sony-031122_173133.jpg', 'LYR-Sony-031122_173145.jpg', 'LYR-Sony-031122_173156.jpg', 'LYR-Sony-031122_173208.jpg', 'LYR-Sony-031122_173220.jpg', 'LYR-Sony-031122_173231.jpg', 'LYR-Sony-031122_173243.jpg', 'LYR-Sony-031122_173254.jpg', 'LYR-Sony-031122_173306.jpg', 'LYR-Sony-031122_173317.jpg', 'LYR-Sony-031122_173329.jpg', 'LYR-Sony-031122_173340.jpg', 'LYR-Sony-031122_173352.jpg', 'LYR-Sony-031122_173403.jpg', 'LYR-Sony-031122_173415.jpg', 'LYR-Sony-031122_173426.jpg', 'LYR-Sony-031122_173438.jpg', 'LYR-Sony-031122_173449.jpg', 'LYR-Sony-031122_173501.jpg', 'LYR-Sony-031122_173512.jpg', 'LYR-Sony-031122_173524.jpg', 'LYR-Sony-031122_173536.jpg', 'LYR-Sony-031122_173548.jpg', 'LYR-Sony-031122_173559.jpg', 'LYR-Sony-031122_173611.jpg', 'LYR-Sony-031122_173623.jpg', 'LYR-Sony-031122_173634.jpg', 'LYR-Sony-031122_173646.jpg', 'LYR-Sony-031122_173658.jpg', 'LYR-Sony-031122_173709.jpg', 'LYR-Sony-031122_173721.jpg', 'LYR-Sony-031122_173733.jpg', 'LYR-Sony-031122_173744.jpg', 'LYR-Sony-031122_173756.jpg', 'LYR-Sony-031122_173807.jpg', 'LYR-Sony-031122_173819.jpg', 'LYR-Sony-031122_173830.jpg', 'LYR-Sony-031122_173842.jpg', 'LYR-Sony-031122_173854.jpg', 'LYR-Sony-031122_173905.jpg', 'LYR-Sony-031122_173917.jpg', 'LYR-Sony-031122_173928.jpg', 'LYR-Sony-031122_173940.jpg', 'LYR-Sony-031122_173951.jpg', 'LYR-Sony-031122_174003.jpg', 'LYR-Sony-031122_174014.jpg', 'LYR-Sony-031122_174026.jpg', 'LYR-Sony-031122_174038.jpg', 'LYR-Sony-031122_174050.jpg', 'LYR-Sony-031122_174101.jpg', 'LYR-Sony-031122_174113.jpg', 'LYR-Sony-031122_174125.jpg', 'LYR-Sony-031122_174136.jpg', 'LYR-Sony-031122_174148.jpg', 'LYR-Sony-031122_174200.jpg', 'LYR-Sony-031122_174212.jpg', 'LYR-Sony-031122_174223.jpg', 'LYR-Sony-031122_174235.jpg', 'LYR-Sony-031122_174246.jpg', 'LYR-Sony-031122_174258.jpg', 'LYR-Sony-031122_174309.jpg', 'LYR-Sony-031122_174321.jpg', 'LYR-Sony-031122_174332.jpg', 'LYR-Sony-031122_174344.jpg', 'LYR-Sony-031122_174356.jpg', 'LYR-Sony-031122_174407.jpg', 'LYR-Sony-031122_174419.jpg', 'LYR-Sony-031122_174431.jpg', 'LYR-Sony-031122_174442.jpg', 'LYR-Sony-031122_174454.jpg', 'LYR-Sony-031122_174506.jpg', 'LYR-Sony-031122_174517.jpg', 'LYR-Sony-031122_174529.jpg', 'LYR-Sony-031122_174541.jpg', 'LYR-Sony-031122_174552.jpg', 'LYR-Sony-031122_174604.jpg', 'LYR-Sony-031122_174615.jpg', 'LYR-Sony-031122_174627.jpg', 'LYR-Sony-031122_174639.jpg', 'LYR-Sony-031122_174650.jpg', 'LYR-Sony-031122_174702.jpg', 'LYR-Sony-031122_174713.jpg', 'LYR-Sony-031122_174725.jpg', 'LYR-Sony-031122_174736.jpg', 'LYR-Sony-031122_174748.jpg', 'LYR-Sony-031122_174800.jpg', 'LYR-Sony-031122_174812.jpg', 'LYR-Sony-031122_174823.jpg', 'LYR-Sony-031122_174835.jpg', 'LYR-Sony-031122_174847.jpg', 'LYR-Sony-031122_174858.jpg', 'LYR-Sony-031122_174910.jpg', 'LYR-Sony-031122_174921.jpg', 'LYR-Sony-031122_174933.jpg', 'LYR-Sony-031122_174944.jpg', 'LYR-Sony-031122_174956.jpg', 'LYR-Sony-031122_175007.jpg', 'LYR-Sony-031122_175019.jpg', 'LYR-Sony-031122_175031.jpg', 'LYR-Sony-031122_175042.jpg', 'LYR-Sony-031122_175054.jpg', 'LYR-Sony-031122_175105.jpg', 'LYR-Sony-031122_175117.jpg', 'LYR-Sony-031122_175128.jpg', 'LYR-Sony-031122_175140.jpg', 'LYR-Sony-031122_175151.jpg', 'LYR-Sony-031122_175203.jpg', 'LYR-Sony-031122_175215.jpg', 'LYR-Sony-031122_175227.jpg', 'LYR-Sony-031122_175239.jpg', 'LYR-Sony-031122_175250.jpg', 'LYR-Sony-031122_175302.jpg', 'LYR-Sony-031122_175314.jpg', 'LYR-Sony-031122_175325.jpg', 'LYR-Sony-031122_175337.jpg', 'LYR-Sony-031122_175349.jpg', 'LYR-Sony-031122_175400.jpg', 'LYR-Sony-031122_175412.jpg', 'LYR-Sony-031122_175423.jpg', 'LYR-Sony-031122_175435.jpg', 'LYR-Sony-031122_175447.jpg', 'LYR-Sony-031122_175458.jpg', 'LYR-Sony-031122_175510.jpg', 'LYR-Sony-031122_175521.jpg', 'LYR-Sony-031122_175533.jpg', 'LYR-Sony-031122_175545.jpg', 'LYR-Sony-031122_175557.jpg', 'LYR-Sony-031122_175609.jpg', 'LYR-Sony-031122_175620.jpg', 'LYR-Sony-031122_175632.jpg', 'LYR-Sony-031122_175643.jpg', 'LYR-Sony-031122_175655.jpg', 'LYR-Sony-031122_175707.jpg', 'LYR-Sony-031122_175718.jpg', 'LYR-Sony-031122_175730.jpg', 'LYR-Sony-031122_175741.jpg', 'LYR-Sony-031122_175753.jpg', 'LYR-Sony-031122_175805.jpg', 'LYR-Sony-031122_175816.jpg', 'LYR-Sony-031122_175828.jpg', 'LYR-Sony-031122_175840.jpg', 'LYR-Sony-031122_175851.jpg', 'LYR-Sony-031122_175903.jpg', 'LYR-Sony-031122_175915.jpg', 'LYR-Sony-031122_175926.jpg', 'LYR-Sony-031122_175938.jpg', 'LYR-Sony-031122_175949.jpg', 'LYR-Sony-031122_180001.jpg', 'LYR-Sony-031122_180013.jpg', 'LYR-Sony-031122_180025.jpg', 'LYR-Sony-031122_180036.jpg', 'LYR-Sony-031122_180048.jpg', 'LYR-Sony-031122_180059.jpg', 'LYR-Sony-031122_180111.jpg', 'LYR-Sony-031122_180122.jpg', 'LYR-Sony-031122_180134.jpg', 'LYR-Sony-031122_180145.jpg', 'LYR-Sony-031122_180157.jpg', 'LYR-Sony-031122_180209.jpg', 'LYR-Sony-031122_180220.jpg', 'LYR-Sony-031122_180232.jpg', 'LYR-Sony-031122_180244.jpg', 'LYR-Sony-031122_180255.jpg', 'LYR-Sony-031122_180307.jpg', 'LYR-Sony-031122_180318.jpg', 'LYR-Sony-031122_180330.jpg', 'LYR-Sony-031122_180342.jpg', 'LYR-Sony-031122_180353.jpg', 'LYR-Sony-031122_180405.jpg', 'LYR-Sony-031122_180416.jpg', 'LYR-Sony-031122_180428.jpg', 'LYR-Sony-031122_180439.jpg', 'LYR-Sony-031122_180451.jpg', 'LYR-Sony-031122_180502.jpg', 'LYR-Sony-031122_180513.jpg', 'LYR-Sony-031122_180525.jpg', 'LYR-Sony-031122_180537.jpg', 'LYR-Sony-031122_180548.jpg', 'LYR-Sony-031122_180600.jpg', 'LYR-Sony-031122_180611.jpg', 'LYR-Sony-031122_180623.jpg', 'LYR-Sony-031122_180634.jpg', 'LYR-Sony-031122_180646.jpg', 'LYR-Sony-031122_180657.jpg', 'LYR-Sony-031122_180709.jpg', 'LYR-Sony-031122_180721.jpg', 'LYR-Sony-031122_180732.jpg', 'LYR-Sony-031122_180744.jpg', 'LYR-Sony-031122_180755.jpg', 'LYR-Sony-031122_180807.jpg', 'LYR-Sony-031122_180818.jpg', 'LYR-Sony-031122_180830.jpg', 'LYR-Sony-031122_180842.jpg', 'LYR-Sony-031122_180853.jpg', 'LYR-Sony-031122_180905.jpg', 'LYR-Sony-031122_180917.jpg', 'LYR-Sony-031122_180928.jpg', 'LYR-Sony-031122_180940.jpg', 'LYR-Sony-031122_180952.jpg', 'LYR-Sony-031122_181003.jpg', 'LYR-Sony-031122_181015.jpg', 'LYR-Sony-031122_181027.jpg', 'LYR-Sony-031122_181038.jpg', 'LYR-Sony-031122_181050.jpg', 'LYR-Sony-031122_181101.jpg', 'LYR-Sony-031122_181113.jpg', 'LYR-Sony-031122_181125.jpg', 'LYR-Sony-031122_181136.jpg', 'LYR-Sony-031122_181147.jpg', 'LYR-Sony-031122_181159.jpg', 'LYR-Sony-031122_181210.jpg', 'LYR-Sony-031122_181222.jpg', 'LYR-Sony-031122_181233.jpg', 'LYR-Sony-031122_181245.jpg', 'LYR-Sony-031122_181256.jpg', 'LYR-Sony-031122_181307.jpg', 'LYR-Sony-031122_181319.jpg', 'LYR-Sony-031122_181330.jpg', 'LYR-Sony-031122_181342.jpg', 'LYR-Sony-031122_181354.jpg', 'LYR-Sony-031122_181405.jpg', 'LYR-Sony-031122_181417.jpg', 'LYR-Sony-031122_181428.jpg', 'LYR-Sony-031122_181440.jpg', 'LYR-Sony-031122_181451.jpg', 'LYR-Sony-031122_181503.jpg', 'LYR-Sony-031122_181515.jpg', 'LYR-Sony-031122_181526.jpg', 'LYR-Sony-031122_181538.jpg', 'LYR-Sony-031122_181550.jpg', 'LYR-Sony-031122_181601.jpg', 'LYR-Sony-031122_181613.jpg', 'LYR-Sony-031122_181624.jpg', 'LYR-Sony-031122_181636.jpg', 'LYR-Sony-031122_181647.jpg', 'LYR-Sony-031122_181659.jpg', 'LYR-Sony-031122_181711.jpg', 'LYR-Sony-031122_181723.jpg', 'LYR-Sony-031122_181734.jpg', 'LYR-Sony-031122_181745.jpg', 'LYR-Sony-031122_181757.jpg', 'LYR-Sony-031122_181809.jpg', 'LYR-Sony-031122_181820.jpg', 'LYR-Sony-031122_181832.jpg', 'LYR-Sony-031122_181843.jpg', 'LYR-Sony-031122_181855.jpg', 'LYR-Sony-031122_181907.jpg', 'LYR-Sony-031122_181918.jpg', 'LYR-Sony-031122_181930.jpg', 'LYR-Sony-031122_181942.jpg', 'LYR-Sony-031122_181954.jpg', 'LYR-Sony-031122_182005.jpg', 'LYR-Sony-031122_182017.jpg', 'LYR-Sony-031122_182029.jpg', 'LYR-Sony-031122_182040.jpg', 'LYR-Sony-031122_182052.jpg', 'LYR-Sony-031122_182104.jpg', 'LYR-Sony-031122_182115.jpg', 'LYR-Sony-031122_182127.jpg', 'LYR-Sony-031122_182138.jpg', 'LYR-Sony-031122_182150.jpg', 'LYR-Sony-031122_182201.jpg', 'LYR-Sony-031122_182213.jpg', 'LYR-Sony-031122_182225.jpg', 'LYR-Sony-031122_182237.jpg', 'LYR-Sony-031122_182248.jpg', 'LYR-Sony-031122_182300.jpg', 'LYR-Sony-031122_182312.jpg', 'LYR-Sony-031122_182323.jpg', 'LYR-Sony-031122_182335.jpg', 'LYR-Sony-031122_182346.jpg', 'LYR-Sony-031122_182358.jpg', 'LYR-Sony-031122_182409.jpg', 'LYR-Sony-031122_182421.jpg', 'LYR-Sony-031122_182432.jpg', 'LYR-Sony-031122_182444.jpg', 'LYR-Sony-031122_182456.jpg', 'LYR-Sony-031122_182508.jpg', 'LYR-Sony-031122_182519.jpg', 'LYR-Sony-031122_182531.jpg', 'LYR-Sony-031122_182542.jpg', 'LYR-Sony-031122_182554.jpg', 'LYR-Sony-031122_182605.jpg', 'LYR-Sony-031122_182617.jpg', 'LYR-Sony-031122_182629.jpg', 'LYR-Sony-031122_182640.jpg', 'LYR-Sony-031122_182652.jpg', 'LYR-Sony-031122_182704.jpg', 'LYR-Sony-031122_182715.jpg', 'LYR-Sony-031122_182726.jpg', 'LYR-Sony-031122_182738.jpg', 'LYR-Sony-031122_182749.jpg', 'LYR-Sony-031122_182801.jpg', 'LYR-Sony-031122_182813.jpg', 'LYR-Sony-031122_182824.jpg', 'LYR-Sony-031122_182836.jpg', 'LYR-Sony-031122_182847.jpg', 'LYR-Sony-031122_182859.jpg', 'LYR-Sony-031122_182910.jpg', 'LYR-Sony-031122_182922.jpg', 'LYR-Sony-031122_182934.jpg', 'LYR-Sony-031122_182945.jpg', 'LYR-Sony-031122_182957.jpg', 'LYR-Sony-031122_183008.jpg', 'LYR-Sony-031122_183020.jpg', 'LYR-Sony-031122_183031.jpg', 'LYR-Sony-031122_183043.jpg', 'LYR-Sony-031122_183054.jpg', 'LYR-Sony-031122_183106.jpg', 'LYR-Sony-031122_183117.jpg', 'LYR-Sony-031122_183129.jpg', 'LYR-Sony-031122_183141.jpg', 'LYR-Sony-031122_183152.jpg', 'LYR-Sony-031122_183204.jpg', 'LYR-Sony-031122_183215.jpg', 'LYR-Sony-031122_183227.jpg', 'LYR-Sony-031122_183238.jpg', 'LYR-Sony-031122_183250.jpg', 'LYR-Sony-031122_183302.jpg', 'LYR-Sony-031122_183313.jpg', 'LYR-Sony-031122_183325.jpg', 'LYR-Sony-031122_183336.jpg', 'LYR-Sony-031122_183348.jpg', 'LYR-Sony-031122_183359.jpg', 'LYR-Sony-031122_183410.jpg', 'LYR-Sony-031122_183422.jpg', 'LYR-Sony-031122_183433.jpg', 'LYR-Sony-031122_183445.jpg', 'LYR-Sony-031122_183457.jpg', 'LYR-Sony-031122_183509.jpg', 'LYR-Sony-031122_183520.jpg', 'LYR-Sony-031122_183531.jpg', 'LYR-Sony-031122_183543.jpg', 'LYR-Sony-031122_183554.jpg', 'LYR-Sony-031122_183606.jpg', 'LYR-Sony-031122_183617.jpg', 'LYR-Sony-031122_183629.jpg', 'LYR-Sony-031122_183640.jpg', 'LYR-Sony-031122_183652.jpg', 'LYR-Sony-031122_183703.jpg', 'LYR-Sony-031122_183715.jpg', 'LYR-Sony-031122_183726.jpg', 'LYR-Sony-031122_183738.jpg', 'LYR-Sony-031122_183749.jpg', 'LYR-Sony-031122_183801.jpg', 'LYR-Sony-031122_183813.jpg', 'LYR-Sony-031122_183824.jpg', 'LYR-Sony-031122_183836.jpg', 'LYR-Sony-031122_183847.jpg', 'LYR-Sony-031122_183859.jpg', 'LYR-Sony-031122_183910.jpg', 'LYR-Sony-031122_183922.jpg', 'LYR-Sony-031122_183934.jpg', 'LYR-Sony-031122_183946.jpg', 'LYR-Sony-031122_183957.jpg', 'LYR-Sony-031122_184009.jpg', 'LYR-Sony-031122_184020.jpg', 'LYR-Sony-031122_184032.jpg', 'LYR-Sony-031122_184044.jpg', 'LYR-Sony-031122_184055.jpg', 'LYR-Sony-031122_184106.jpg', 'LYR-Sony-031122_184118.jpg', 'LYR-Sony-031122_184130.jpg', 'LYR-Sony-031122_184141.jpg', 'LYR-Sony-031122_184152.jpg', 'LYR-Sony-031122_184204.jpg', 'LYR-Sony-031122_184215.jpg', 'LYR-Sony-031122_184227.jpg', 'LYR-Sony-031122_184238.jpg', 'LYR-Sony-031122_184250.jpg', 'LYR-Sony-031122_184301.jpg', 'LYR-Sony-031122_184313.jpg', 'LYR-Sony-031122_184325.jpg', 'LYR-Sony-031122_184337.jpg', 'LYR-Sony-031122_184349.jpg', 'LYR-Sony-031122_184400.jpg', 'LYR-Sony-031122_184412.jpg', 'LYR-Sony-031122_184423.jpg', 'LYR-Sony-031122_184434.jpg', 'LYR-Sony-031122_184446.jpg', 'LYR-Sony-031122_184457.jpg', 'LYR-Sony-031122_184509.jpg', 'LYR-Sony-031122_184520.jpg', 'LYR-Sony-031122_184532.jpg', 'LYR-Sony-031122_184543.jpg', 'LYR-Sony-031122_184555.jpg', 'LYR-Sony-031122_184606.jpg', 'LYR-Sony-031122_184618.jpg', 'LYR-Sony-031122_184629.jpg', 'LYR-Sony-031122_184641.jpg', 'LYR-Sony-031122_184652.jpg', 'LYR-Sony-031122_184704.jpg', 'LYR-Sony-031122_184715.jpg', 'LYR-Sony-031122_184726.jpg', 'LYR-Sony-031122_184738.jpg', 'LYR-Sony-031122_184750.jpg', 'LYR-Sony-031122_184801.jpg', 'LYR-Sony-031122_184813.jpg', 'LYR-Sony-031122_184824.jpg', 'LYR-Sony-031122_184836.jpg', 'LYR-Sony-031122_184848.jpg', 'LYR-Sony-031122_184900.jpg', 'LYR-Sony-031122_184912.jpg', 'LYR-Sony-031122_184923.jpg', 'LYR-Sony-031122_184935.jpg', 'LYR-Sony-031122_184947.jpg', 'LYR-Sony-031122_184959.jpg', 'LYR-Sony-031122_185010.jpg', 'LYR-Sony-031122_185021.jpg', 'LYR-Sony-031122_185033.jpg', 'LYR-Sony-031122_185044.jpg', 'LYR-Sony-031122_185056.jpg', 'LYR-Sony-031122_185108.jpg', 'LYR-Sony-031122_185119.jpg', 'LYR-Sony-031122_185130.jpg', 'LYR-Sony-031122_185142.jpg', 'LYR-Sony-031122_185154.jpg', 'LYR-Sony-031122_185205.jpg', 'LYR-Sony-031122_185217.jpg', 'LYR-Sony-031122_185229.jpg', 'LYR-Sony-031122_185240.jpg', 'LYR-Sony-031122_185252.jpg', 'LYR-Sony-031122_185303.jpg', 'LYR-Sony-031122_185315.jpg', 'LYR-Sony-031122_185327.jpg', 'LYR-Sony-031122_185338.jpg', 'LYR-Sony-031122_185350.jpg', 'LYR-Sony-031122_185401.jpg', 'LYR-Sony-031122_185413.jpg', 'LYR-Sony-031122_185424.jpg', 'LYR-Sony-031122_185436.jpg', 'LYR-Sony-031122_185448.jpg', 'LYR-Sony-031122_185500.jpg', 'LYR-Sony-031122_185511.jpg', 'LYR-Sony-031122_185523.jpg', 'LYR-Sony-031122_185535.jpg', 'LYR-Sony-031122_185546.jpg', 'LYR-Sony-031122_185558.jpg', 'LYR-Sony-031122_185610.jpg', 'LYR-Sony-031122_185621.jpg', 'LYR-Sony-031122_185632.jpg', 'LYR-Sony-031122_185644.jpg', 'LYR-Sony-031122_185656.jpg', 'LYR-Sony-031122_185707.jpg', 'LYR-Sony-031122_185719.jpg', 'LYR-Sony-031122_185730.jpg', 'LYR-Sony-031122_185741.jpg', 'LYR-Sony-031122_185753.jpg', 'LYR-Sony-031122_185805.jpg', 'LYR-Sony-031122_185816.jpg', 'LYR-Sony-031122_185828.jpg', 'LYR-Sony-031122_185839.jpg', 'LYR-Sony-031122_185851.jpg', 'LYR-Sony-031122_185903.jpg', 'LYR-Sony-031122_185914.jpg', 'LYR-Sony-031122_185926.jpg', 'LYR-Sony-031122_185938.jpg', 'LYR-Sony-031122_185950.jpg', 'LYR-Sony-031122_190001.jpg', 'LYR-Sony-031122_190013.jpg', 'LYR-Sony-031122_190024.jpg', 'LYR-Sony-031122_190036.jpg', 'LYR-Sony-031122_190047.jpg', 'LYR-Sony-031122_190059.jpg', 'LYR-Sony-031122_190111.jpg', 'LYR-Sony-031122_190122.jpg', 'LYR-Sony-031122_190134.jpg', 'LYR-Sony-031122_190145.jpg', 'LYR-Sony-031122_190157.jpg', 'LYR-Sony-031122_190209.jpg', 'LYR-Sony-031122_190220.jpg', 'LYR-Sony-031122_190232.jpg', 'LYR-Sony-031122_190243.jpg', 'LYR-Sony-031122_190255.jpg', 'LYR-Sony-031122_190306.jpg', 'LYR-Sony-031122_190318.jpg', 'LYR-Sony-031122_190330.jpg', 'LYR-Sony-031122_190341.jpg', 'LYR-Sony-031122_190353.jpg', 'LYR-Sony-031122_190405.jpg', 'LYR-Sony-031122_190416.jpg', 'LYR-Sony-031122_190428.jpg', 'LYR-Sony-031122_190440.jpg', 'LYR-Sony-031122_190451.jpg', 'LYR-Sony-031122_190503.jpg', 'LYR-Sony-031122_190515.jpg', 'LYR-Sony-031122_190526.jpg', 'LYR-Sony-031122_190538.jpg', 'LYR-Sony-031122_190550.jpg', 'LYR-Sony-031122_190601.jpg', 'LYR-Sony-031122_190613.jpg', 'LYR-Sony-031122_190625.jpg', 'LYR-Sony-031122_190637.jpg', 'LYR-Sony-031122_190648.jpg', 'LYR-Sony-031122_190700.jpg', 'LYR-Sony-031122_190712.jpg', 'LYR-Sony-031122_190723.jpg', 'LYR-Sony-031122_190735.jpg', 'LYR-Sony-031122_190746.jpg', 'LYR-Sony-031122_190758.jpg', 'LYR-Sony-031122_190810.jpg', 'LYR-Sony-031122_190822.jpg', 'LYR-Sony-031122_190833.jpg', 'LYR-Sony-031122_190845.jpg', 'LYR-Sony-031122_190856.jpg', 'LYR-Sony-031122_190908.jpg', 'LYR-Sony-031122_190919.jpg', 'LYR-Sony-031122_190931.jpg', 'LYR-Sony-031122_190942.jpg', 'LYR-Sony-031122_190954.jpg', 'LYR-Sony-031122_191005.jpg', 'LYR-Sony-031122_191017.jpg', 'LYR-Sony-031122_191029.jpg', 'LYR-Sony-031122_191040.jpg', 'LYR-Sony-031122_191052.jpg', 'LYR-Sony-031122_191103.jpg', 'LYR-Sony-031122_191115.jpg', 'LYR-Sony-031122_191127.jpg', 'LYR-Sony-031122_191138.jpg', 'LYR-Sony-031122_191150.jpg', 'LYR-Sony-031122_191201.jpg', 'LYR-Sony-031122_191213.jpg', 'LYR-Sony-031122_191224.jpg', 'LYR-Sony-031122_191236.jpg', 'LYR-Sony-031122_191247.jpg', 'LYR-Sony-031122_191259.jpg', 'LYR-Sony-031122_191310.jpg', 'LYR-Sony-031122_191322.jpg', 'LYR-Sony-031122_191333.jpg', 'LYR-Sony-031122_191345.jpg', 'LYR-Sony-031122_191356.jpg', 'LYR-Sony-031122_191408.jpg', 'LYR-Sony-031122_191419.jpg', 'LYR-Sony-031122_191430.jpg', 'LYR-Sony-031122_191442.jpg', 'LYR-Sony-031122_191453.jpg', 'LYR-Sony-031122_191505.jpg', 'LYR-Sony-031122_191517.jpg', 'LYR-Sony-031122_191528.jpg', 'LYR-Sony-031122_191540.jpg', 'LYR-Sony-031122_191551.jpg', 'LYR-Sony-031122_191603.jpg', 'LYR-Sony-031122_191615.jpg', 'LYR-Sony-031122_191627.jpg', 'LYR-Sony-031122_191638.jpg', 'LYR-Sony-031122_191650.jpg', 'LYR-Sony-031122_191701.jpg', 'LYR-Sony-031122_191713.jpg', 'LYR-Sony-031122_191724.jpg', 'LYR-Sony-031122_191736.jpg', 'LYR-Sony-031122_191747.jpg', 'LYR-Sony-031122_191759.jpg', 'LYR-Sony-031122_191810.jpg', 'LYR-Sony-031122_191822.jpg', 'LYR-Sony-031122_191834.jpg', 'LYR-Sony-031122_191846.jpg', 'LYR-Sony-031122_191857.jpg', 'LYR-Sony-031122_191908.jpg', 'LYR-Sony-031122_191920.jpg', 'LYR-Sony-031122_191931.jpg', 'LYR-Sony-031122_191943.jpg', 'LYR-Sony-031122_191954.jpg', 'LYR-Sony-031122_192005.jpg', 'LYR-Sony-031122_192017.jpg', 'LYR-Sony-031122_192029.jpg', 'LYR-Sony-031122_192040.jpg', 'LYR-Sony-031122_192052.jpg', 'LYR-Sony-031122_192103.jpg', 'LYR-Sony-031122_192115.jpg', 'LYR-Sony-031122_192126.jpg', 'LYR-Sony-031122_192138.jpg', 'LYR-Sony-031122_192150.jpg', 'LYR-Sony-031122_192201.jpg', 'LYR-Sony-031122_192213.jpg', 'LYR-Sony-031122_192225.jpg', 'LYR-Sony-031122_192236.jpg', 'LYR-Sony-031122_192248.jpg', 'LYR-Sony-031122_192259.jpg', 'LYR-Sony-031122_192311.jpg', 'LYR-Sony-031122_192322.jpg', 'LYR-Sony-031122_192334.jpg', 'LYR-Sony-031122_192346.jpg', 'LYR-Sony-031122_192357.jpg', 'LYR-Sony-031122_192409.jpg', 'LYR-Sony-031122_192420.jpg', 'LYR-Sony-031122_192432.jpg', 'LYR-Sony-031122_192444.jpg', 'LYR-Sony-031122_192455.jpg', 'LYR-Sony-031122_192507.jpg', 'LYR-Sony-031122_192518.jpg', 'LYR-Sony-031122_192530.jpg', 'LYR-Sony-031122_192541.jpg', 'LYR-Sony-031122_192553.jpg', 'LYR-Sony-031122_192605.jpg', 'LYR-Sony-031122_192616.jpg', 'LYR-Sony-031122_192628.jpg', 'LYR-Sony-031122_192640.jpg', 'LYR-Sony-031122_192651.jpg', 'LYR-Sony-031122_192703.jpg', 'LYR-Sony-031122_192714.jpg', 'LYR-Sony-031122_192726.jpg', 'LYR-Sony-031122_192737.jpg', 'LYR-Sony-031122_192749.jpg', 'LYR-Sony-031122_192800.jpg', 'LYR-Sony-031122_192812.jpg', 'LYR-Sony-031122_192824.jpg', 'LYR-Sony-031122_192835.jpg', 'LYR-Sony-031122_192847.jpg', 'LYR-Sony-031122_192858.jpg', 'LYR-Sony-031122_192910.jpg', 'LYR-Sony-031122_192921.jpg', 'LYR-Sony-031122_192933.jpg', 'LYR-Sony-031122_192944.jpg', 'LYR-Sony-031122_192956.jpg', 'LYR-Sony-031122_193007.jpg', 'LYR-Sony-031122_193019.jpg', 'LYR-Sony-031122_193030.jpg', 'LYR-Sony-031122_193042.jpg', 'LYR-Sony-031122_193054.jpg', 'LYR-Sony-031122_193105.jpg', 'LYR-Sony-031122_193117.jpg', 'LYR-Sony-031122_193129.jpg', 'LYR-Sony-031122_193140.jpg', 'LYR-Sony-031122_193152.jpg', 'LYR-Sony-031122_193203.jpg', 'LYR-Sony-031122_193215.jpg', 'LYR-Sony-031122_193226.jpg', 'LYR-Sony-031122_193238.jpg', 'LYR-Sony-031122_193250.jpg', 'LYR-Sony-031122_193301.jpg', 'LYR-Sony-031122_193313.jpg', 'LYR-Sony-031122_193325.jpg', 'LYR-Sony-031122_193336.jpg', 'LYR-Sony-031122_193348.jpg', 'LYR-Sony-031122_193359.jpg', 'LYR-Sony-031122_193411.jpg', 'LYR-Sony-031122_193423.jpg', 'LYR-Sony-031122_193434.jpg', 'LYR-Sony-031122_193446.jpg', 'LYR-Sony-031122_193457.jpg', 'LYR-Sony-031122_193509.jpg', 'LYR-Sony-031122_193520.jpg', 'LYR-Sony-031122_193532.jpg', 'LYR-Sony-031122_193543.jpg', 'LYR-Sony-031122_193555.jpg', 'LYR-Sony-031122_193607.jpg', 'LYR-Sony-031122_193618.jpg', 'LYR-Sony-031122_193629.jpg', 'LYR-Sony-031122_193641.jpg', 'LYR-Sony-031122_193653.jpg', 'LYR-Sony-031122_193704.jpg', 'LYR-Sony-031122_193716.jpg', 'LYR-Sony-031122_193728.jpg', 'LYR-Sony-031122_193739.jpg', 'LYR-Sony-031122_193750.jpg', 'LYR-Sony-031122_193802.jpg', 'LYR-Sony-031122_193813.jpg', 'LYR-Sony-031122_193825.jpg', 'LYR-Sony-031122_193836.jpg', 'LYR-Sony-031122_193848.jpg', 'LYR-Sony-031122_193900.jpg', 'LYR-Sony-031122_193911.jpg', 'LYR-Sony-031122_193923.jpg', 'LYR-Sony-031122_193934.jpg', 'LYR-Sony-031122_193946.jpg', 'LYR-Sony-031122_193958.jpg', 'LYR-Sony-031122_194010.jpg', 'LYR-Sony-031122_194021.jpg', 'LYR-Sony-031122_194033.jpg', 'LYR-Sony-031122_194044.jpg', 'LYR-Sony-031122_194056.jpg', 'LYR-Sony-031122_194108.jpg', 'LYR-Sony-031122_194120.jpg', 'LYR-Sony-031122_194131.jpg', 'LYR-Sony-031122_194143.jpg', 'LYR-Sony-031122_194154.jpg', 'LYR-Sony-031122_194206.jpg', 'LYR-Sony-031122_194218.jpg', 'LYR-Sony-031122_194229.jpg', 'LYR-Sony-031122_194240.jpg', 'LYR-Sony-031122_194252.jpg', 'LYR-Sony-031122_194304.jpg', 'LYR-Sony-031122_194316.jpg', 'LYR-Sony-031122_194327.jpg', 'LYR-Sony-031122_194339.jpg', 'LYR-Sony-031122_194351.jpg', 'LYR-Sony-031122_194402.jpg', 'LYR-Sony-031122_194414.jpg', 'LYR-Sony-031122_194425.jpg', 'LYR-Sony-031122_194437.jpg', 'LYR-Sony-031122_194448.jpg', 'LYR-Sony-031122_194500.jpg', 'LYR-Sony-031122_194511.jpg', 'LYR-Sony-031122_194523.jpg', 'LYR-Sony-031122_194534.jpg', 'LYR-Sony-031122_194546.jpg', 'LYR-Sony-031122_194557.jpg', 'LYR-Sony-031122_194609.jpg', 'LYR-Sony-031122_194621.jpg', 'LYR-Sony-031122_194632.jpg', 'LYR-Sony-031122_194643.jpg', 'LYR-Sony-031122_194655.jpg', 'LYR-Sony-031122_194706.jpg', 'LYR-Sony-031122_194718.jpg', 'LYR-Sony-031122_194730.jpg', 'LYR-Sony-031122_194742.jpg', 'LYR-Sony-031122_194753.jpg', 'LYR-Sony-031122_194805.jpg', 'LYR-Sony-031122_194817.jpg', 'LYR-Sony-031122_194828.jpg', 'LYR-Sony-031122_194840.jpg', 'LYR-Sony-031122_194852.jpg', 'LYR-Sony-031122_194903.jpg', 'LYR-Sony-031122_194915.jpg', 'LYR-Sony-031122_194926.jpg', 'LYR-Sony-031122_194937.jpg', 'LYR-Sony-031122_194949.jpg', 'LYR-Sony-031122_195001.jpg', 'LYR-Sony-031122_195013.jpg', 'LYR-Sony-031122_195024.jpg', 'LYR-Sony-031122_195036.jpg', 'LYR-Sony-031122_195047.jpg', 'LYR-Sony-031122_195059.jpg', 'LYR-Sony-031122_195110.jpg', 'LYR-Sony-031122_195122.jpg', 'LYR-Sony-031122_195134.jpg', 'LYR-Sony-031122_195145.jpg', 'LYR-Sony-031122_195156.jpg', 'LYR-Sony-031122_195208.jpg', 'LYR-Sony-031122_195219.jpg', 'LYR-Sony-031122_195231.jpg', 'LYR-Sony-031122_195242.jpg', 'LYR-Sony-031122_195254.jpg', 'LYR-Sony-031122_195305.jpg', 'LYR-Sony-031122_195317.jpg', 'LYR-Sony-031122_195328.jpg', 'LYR-Sony-031122_195340.jpg', 'LYR-Sony-031122_195351.jpg', 'LYR-Sony-031122_195403.jpg', 'LYR-Sony-031122_195415.jpg', 'LYR-Sony-031122_195426.jpg', 'LYR-Sony-031122_195438.jpg', 'LYR-Sony-031122_195449.jpg', 'LYR-Sony-031122_195501.jpg', 'LYR-Sony-031122_195513.jpg', 'LYR-Sony-031122_195525.jpg', 'LYR-Sony-031122_195536.jpg', 'LYR-Sony-031122_195548.jpg', 'LYR-Sony-031122_195600.jpg', 'LYR-Sony-031122_195611.jpg', 'LYR-Sony-031122_195623.jpg', 'LYR-Sony-031122_195634.jpg', 'LYR-Sony-031122_195646.jpg', 'LYR-Sony-031122_195657.jpg', 'LYR-Sony-031122_195709.jpg', 'LYR-Sony-031122_195721.jpg', 'LYR-Sony-031122_195733.jpg', 'LYR-Sony-031122_195745.jpg', 'LYR-Sony-031122_195756.jpg', 'LYR-Sony-031122_195807.jpg', 'LYR-Sony-031122_195819.jpg', 'LYR-Sony-031122_195831.jpg', 'LYR-Sony-031122_195842.jpg', 'LYR-Sony-031122_195854.jpg', 'LYR-Sony-031122_195905.jpg', 'LYR-Sony-031122_195917.jpg', 'LYR-Sony-031122_195928.jpg', 'LYR-Sony-031122_195940.jpg', 'LYR-Sony-031122_195952.jpg', 'LYR-Sony-031122_200003.jpg', 'LYR-Sony-031122_200015.jpg', 'LYR-Sony-031122_200026.jpg', 'LYR-Sony-031122_200038.jpg', 'LYR-Sony-031122_200050.jpg', 'LYR-Sony-031122_200101.jpg', 'LYR-Sony-031122_200113.jpg', 'LYR-Sony-031122_200125.jpg', 'LYR-Sony-031122_200137.jpg', 'LYR-Sony-031122_200149.jpg', 'LYR-Sony-031122_200200.jpg', 'LYR-Sony-031122_200212.jpg', 'LYR-Sony-031122_200224.jpg', 'LYR-Sony-031122_200236.jpg', 'LYR-Sony-031122_200247.jpg', 'LYR-Sony-031122_200259.jpg', 'LYR-Sony-031122_200310.jpg', 'LYR-Sony-031122_200322.jpg', 'LYR-Sony-031122_200334.jpg', 'LYR-Sony-031122_200345.jpg', 'LYR-Sony-031122_200357.jpg', 'LYR-Sony-031122_200409.jpg', 'LYR-Sony-031122_200420.jpg', 'LYR-Sony-031122_200432.jpg', 'LYR-Sony-031122_200444.jpg', 'LYR-Sony-031122_200456.jpg', 'LYR-Sony-031122_200507.jpg', 'LYR-Sony-031122_200519.jpg', 'LYR-Sony-031122_200530.jpg', 'LYR-Sony-031122_200542.jpg', 'LYR-Sony-031122_200554.jpg', 'LYR-Sony-031122_200605.jpg', 'LYR-Sony-031122_200617.jpg', 'LYR-Sony-031122_200628.jpg', 'LYR-Sony-031122_200640.jpg', 'LYR-Sony-031122_200651.jpg', 'LYR-Sony-031122_200703.jpg', 'LYR-Sony-031122_200714.jpg', 'LYR-Sony-031122_200726.jpg', 'LYR-Sony-031122_200737.jpg', 'LYR-Sony-031122_200749.jpg', 'LYR-Sony-031122_200801.jpg', 'LYR-Sony-031122_200812.jpg', 'LYR-Sony-031122_200823.jpg', 'LYR-Sony-031122_200835.jpg', 'LYR-Sony-031122_200847.jpg', 'LYR-Sony-031122_200859.jpg', 'LYR-Sony-031122_200910.jpg', 'LYR-Sony-031122_200922.jpg', 'LYR-Sony-031122_200933.jpg', 'LYR-Sony-031122_200945.jpg', 'LYR-Sony-031122_200956.jpg', 'LYR-Sony-031122_201008.jpg', 'LYR-Sony-031122_201019.jpg', 'LYR-Sony-031122_201031.jpg', 'LYR-Sony-031122_201042.jpg', 'LYR-Sony-031122_201054.jpg', 'LYR-Sony-031122_201106.jpg', 'LYR-Sony-031122_201117.jpg', 'LYR-Sony-031122_201129.jpg', 'LYR-Sony-031122_201140.jpg', 'LYR-Sony-031122_201152.jpg', 'LYR-Sony-031122_201203.jpg', 'LYR-Sony-031122_201215.jpg', 'LYR-Sony-031122_201227.jpg', 'LYR-Sony-031122_201238.jpg', 'LYR-Sony-031122_201250.jpg', 'LYR-Sony-031122_201301.jpg', 'LYR-Sony-031122_201313.jpg', 'LYR-Sony-031122_201324.jpg', 'LYR-Sony-031122_201336.jpg', 'LYR-Sony-031122_201347.jpg', 'LYR-Sony-031122_201358.jpg', 'LYR-Sony-031122_201410.jpg', 'LYR-Sony-031122_201421.jpg', 'LYR-Sony-031122_201433.jpg', 'LYR-Sony-031122_201445.jpg', 'LYR-Sony-031122_201456.jpg', 'LYR-Sony-031122_201508.jpg', 'LYR-Sony-031122_201519.jpg', 'LYR-Sony-031122_201531.jpg', 'LYR-Sony-031122_201542.jpg', 'LYR-Sony-031122_201554.jpg', 'LYR-Sony-031122_201605.jpg', 'LYR-Sony-031122_201617.jpg', 'LYR-Sony-031122_201629.jpg', 'LYR-Sony-031122_201640.jpg', 'LYR-Sony-031122_201652.jpg', 'LYR-Sony-031122_201703.jpg', 'LYR-Sony-031122_201714.jpg', 'LYR-Sony-031122_201726.jpg', 'LYR-Sony-031122_201738.jpg', 'LYR-Sony-031122_201749.jpg', 'LYR-Sony-031122_201800.jpg', 'LYR-Sony-031122_201812.jpg', 'LYR-Sony-031122_201824.jpg', 'LYR-Sony-031122_201836.jpg', 'LYR-Sony-031122_201848.jpg', 'LYR-Sony-031122_201859.jpg', 'LYR-Sony-031122_201911.jpg', 'LYR-Sony-031122_201922.jpg', 'LYR-Sony-031122_201934.jpg', 'LYR-Sony-031122_201946.jpg', 'LYR-Sony-031122_201958.jpg', 'LYR-Sony-031122_202009.jpg', 'LYR-Sony-031122_202021.jpg', 'LYR-Sony-031122_202032.jpg', 'LYR-Sony-031122_202044.jpg', 'LYR-Sony-031122_202056.jpg', 'LYR-Sony-031122_202107.jpg', 'LYR-Sony-031122_202119.jpg', 'LYR-Sony-031122_202130.jpg', 'LYR-Sony-031122_202142.jpg', 'LYR-Sony-031122_202154.jpg', 'LYR-Sony-031122_202205.jpg', 'LYR-Sony-031122_202217.jpg', 'LYR-Sony-031122_202228.jpg', 'LYR-Sony-031122_202240.jpg', 'LYR-Sony-031122_202252.jpg', 'LYR-Sony-031122_202303.jpg', 'LYR-Sony-031122_202315.jpg', 'LYR-Sony-031122_202326.jpg', 'LYR-Sony-031122_202337.jpg', 'LYR-Sony-031122_202349.jpg', 'LYR-Sony-031122_202400.jpg', 'LYR-Sony-031122_202412.jpg', 'LYR-Sony-031122_202423.jpg', 'LYR-Sony-031122_202435.jpg', 'LYR-Sony-031122_202446.jpg', 'LYR-Sony-031122_202458.jpg', 'LYR-Sony-031122_202510.jpg', 'LYR-Sony-031122_202521.jpg', 'LYR-Sony-031122_202533.jpg', 'LYR-Sony-031122_202544.jpg', 'LYR-Sony-031122_202556.jpg', 'LYR-Sony-031122_202607.jpg', 'LYR-Sony-031122_202619.jpg', 'LYR-Sony-031122_202630.jpg', 'LYR-Sony-031122_202642.jpg', 'LYR-Sony-031122_202654.jpg', 'LYR-Sony-031122_202705.jpg', 'LYR-Sony-031122_202717.jpg', 'LYR-Sony-031122_202728.jpg', 'LYR-Sony-031122_202740.jpg', 'LYR-Sony-031122_202752.jpg', 'LYR-Sony-031122_202803.jpg', 'LYR-Sony-031122_202815.jpg', 'LYR-Sony-031122_202826.jpg', 'LYR-Sony-031122_202838.jpg', 'LYR-Sony-031122_202850.jpg', 'LYR-Sony-031122_202901.jpg', 'LYR-Sony-031122_202913.jpg', 'LYR-Sony-031122_202925.jpg', 'LYR-Sony-031122_202936.jpg', 'LYR-Sony-031122_202948.jpg', 'LYR-Sony-031122_202959.jpg', 'LYR-Sony-031122_203011.jpg', 'LYR-Sony-031122_203023.jpg', 'LYR-Sony-031122_203034.jpg', 'LYR-Sony-031122_203046.jpg', 'LYR-Sony-031122_203058.jpg', 'LYR-Sony-031122_203109.jpg', 'LYR-Sony-031122_203121.jpg', 'LYR-Sony-031122_203133.jpg', 'LYR-Sony-031122_203144.jpg', 'LYR-Sony-031122_203156.jpg', 'LYR-Sony-031122_203208.jpg', 'LYR-Sony-031122_203220.jpg', 'LYR-Sony-031122_203231.jpg', 'LYR-Sony-031122_203243.jpg', 'LYR-Sony-031122_203255.jpg', 'LYR-Sony-031122_203306.jpg', 'LYR-Sony-031122_203318.jpg', 'LYR-Sony-031122_203329.jpg', 'LYR-Sony-031122_203341.jpg', 'LYR-Sony-031122_203352.jpg', 'LYR-Sony-031122_203404.jpg', 'LYR-Sony-031122_203416.jpg', 'LYR-Sony-031122_203427.jpg', 'LYR-Sony-031122_203439.jpg', 'LYR-Sony-031122_203451.jpg', 'LYR-Sony-031122_203502.jpg', 'LYR-Sony-031122_203514.jpg', 'LYR-Sony-031122_203525.jpg', 'LYR-Sony-031122_203537.jpg', 'LYR-Sony-031122_203549.jpg', 'LYR-Sony-031122_203600.jpg', 'LYR-Sony-031122_203612.jpg', 'LYR-Sony-031122_203623.jpg', 'LYR-Sony-031122_203635.jpg', 'LYR-Sony-031122_203646.jpg', 'LYR-Sony-031122_203658.jpg', 'LYR-Sony-031122_203709.jpg', 'LYR-Sony-031122_203721.jpg', 'LYR-Sony-031122_203733.jpg', 'LYR-Sony-031122_203744.jpg', 'LYR-Sony-031122_203756.jpg', 'LYR-Sony-031122_203807.jpg', 'LYR-Sony-031122_203819.jpg', 'LYR-Sony-031122_203831.jpg', 'LYR-Sony-031122_203842.jpg', 'LYR-Sony-031122_203854.jpg', 'LYR-Sony-031122_203906.jpg', 'LYR-Sony-031122_203917.jpg', 'LYR-Sony-031122_203929.jpg', 'LYR-Sony-031122_203940.jpg', 'LYR-Sony-031122_203952.jpg', 'LYR-Sony-031122_204004.jpg', 'LYR-Sony-031122_204015.jpg', 'LYR-Sony-031122_204027.jpg', 'LYR-Sony-031122_204038.jpg', 'LYR-Sony-031122_204050.jpg', 'LYR-Sony-031122_204102.jpg', 'LYR-Sony-031122_204114.jpg', 'LYR-Sony-031122_204125.jpg', 'LYR-Sony-031122_204137.jpg', 'LYR-Sony-031122_204149.jpg', 'LYR-Sony-031122_204201.jpg', 'LYR-Sony-031122_204213.jpg', 'LYR-Sony-031122_204224.jpg', 'LYR-Sony-031122_204236.jpg', 'LYR-Sony-031122_204247.jpg', 'LYR-Sony-031122_204259.jpg', 'LYR-Sony-031122_204311.jpg', 'LYR-Sony-031122_204323.jpg', 'LYR-Sony-031122_204334.jpg', 'LYR-Sony-031122_204346.jpg', 'LYR-Sony-031122_204357.jpg', 'LYR-Sony-031122_204409.jpg', 'LYR-Sony-031122_204421.jpg', 'LYR-Sony-031122_204432.jpg', 'LYR-Sony-031122_204444.jpg', 'LYR-Sony-031122_204455.jpg', 'LYR-Sony-031122_204507.jpg', 'LYR-Sony-031122_204519.jpg', 'LYR-Sony-031122_204530.jpg', 'LYR-Sony-031122_204542.jpg', 'LYR-Sony-031122_204553.jpg', 'LYR-Sony-031122_204605.jpg', 'LYR-Sony-031122_204617.jpg', 'LYR-Sony-031122_204628.jpg', 'LYR-Sony-031122_204640.jpg', 'LYR-Sony-031122_204652.jpg', 'LYR-Sony-031122_204703.jpg', 'LYR-Sony-031122_204715.jpg', 'LYR-Sony-031122_204727.jpg', 'LYR-Sony-031122_204739.jpg', 'LYR-Sony-031122_204750.jpg', 'LYR-Sony-031122_204802.jpg', 'LYR-Sony-031122_204813.jpg', 'LYR-Sony-031122_204825.jpg', 'LYR-Sony-031122_204837.jpg', 'LYR-Sony-031122_204848.jpg', 'LYR-Sony-031122_204900.jpg', 'LYR-Sony-031122_204912.jpg', 'LYR-Sony-031122_204924.jpg', 'LYR-Sony-031122_204935.jpg', 'LYR-Sony-031122_204947.jpg', 'LYR-Sony-031122_204959.jpg', 'LYR-Sony-031122_205011.jpg', 'LYR-Sony-031122_205022.jpg', 'LYR-Sony-031122_205034.jpg', 'LYR-Sony-031122_205045.jpg', 'LYR-Sony-031122_205057.jpg', 'LYR-Sony-031122_205109.jpg', 'LYR-Sony-031122_205120.jpg', 'LYR-Sony-031122_205132.jpg', 'LYR-Sony-031122_205144.jpg', 'LYR-Sony-031122_205155.jpg', 'LYR-Sony-031122_205207.jpg', 'LYR-Sony-031122_205219.jpg', 'LYR-Sony-031122_205231.jpg', 'LYR-Sony-031122_205242.jpg', 'LYR-Sony-031122_205254.jpg', 'LYR-Sony-031122_205306.jpg', 'LYR-Sony-031122_205317.jpg', 'LYR-Sony-031122_205329.jpg', 'LYR-Sony-031122_205341.jpg', 'LYR-Sony-031122_205352.jpg', 'LYR-Sony-031122_205404.jpg', 'LYR-Sony-031122_205416.jpg', 'LYR-Sony-031122_205427.jpg', 'LYR-Sony-031122_205439.jpg', 'LYR-Sony-031122_205451.jpg', 'LYR-Sony-031122_205503.jpg', 'LYR-Sony-031122_205514.jpg', 'LYR-Sony-031122_205526.jpg', 'LYR-Sony-031122_205538.jpg', 'LYR-Sony-031122_205549.jpg', 'LYR-Sony-031122_205601.jpg', 'LYR-Sony-031122_205612.jpg', 'LYR-Sony-031122_205624.jpg', 'LYR-Sony-031122_205636.jpg', 'LYR-Sony-031122_205647.jpg', 'LYR-Sony-031122_205659.jpg', 'LYR-Sony-031122_205711.jpg', 'LYR-Sony-031122_205722.jpg', 'LYR-Sony-031122_205734.jpg', 'LYR-Sony-031122_205746.jpg', 'LYR-Sony-031122_205758.jpg', 'LYR-Sony-031122_205810.jpg', 'LYR-Sony-031122_205821.jpg', 'LYR-Sony-031122_205833.jpg', 'LYR-Sony-031122_205845.jpg', 'LYR-Sony-031122_205856.jpg', 'LYR-Sony-031122_205907.jpg', 'LYR-Sony-031122_205919.jpg', 'LYR-Sony-031122_205931.jpg', 'LYR-Sony-031122_205942.jpg', 'LYR-Sony-031122_205954.jpg', 'LYR-Sony-031122_210005.jpg', 'LYR-Sony-031122_210017.jpg', 'LYR-Sony-031122_210029.jpg', 'LYR-Sony-031122_210040.jpg', 'LYR-Sony-031122_210052.jpg', 'LYR-Sony-031122_210104.jpg', 'LYR-Sony-031122_210116.jpg', 'LYR-Sony-031122_210127.jpg', 'LYR-Sony-031122_210139.jpg', 'LYR-Sony-031122_210151.jpg', 'LYR-Sony-031122_210203.jpg', 'LYR-Sony-031122_210215.jpg', 'LYR-Sony-031122_210226.jpg', 'LYR-Sony-031122_210238.jpg', 'LYR-Sony-031122_210250.jpg', 'LYR-Sony-031122_210301.jpg', 'LYR-Sony-031122_210313.jpg', 'LYR-Sony-031122_210325.jpg', 'LYR-Sony-031122_210337.jpg', 'LYR-Sony-031122_210348.jpg', 'LYR-Sony-031122_210400.jpg', 'LYR-Sony-031122_210412.jpg', 'LYR-Sony-031122_210424.jpg', 'LYR-Sony-031122_210435.jpg', 'LYR-Sony-031122_210447.jpg', 'LYR-Sony-031122_210459.jpg', 'LYR-Sony-031122_210511.jpg', 'LYR-Sony-031122_210522.jpg', 'LYR-Sony-031122_210534.jpg', 'LYR-Sony-031122_210546.jpg', 'LYR-Sony-031122_210558.jpg', 'LYR-Sony-031122_210609.jpg', 'LYR-Sony-031122_210621.jpg', 'LYR-Sony-031122_210633.jpg', 'LYR-Sony-031122_210644.jpg', 'LYR-Sony-031122_210656.jpg', 'LYR-Sony-031122_210708.jpg', 'LYR-Sony-031122_210719.jpg', 'LYR-Sony-031122_210731.jpg', 'LYR-Sony-031122_210742.jpg', 'LYR-Sony-031122_210754.jpg', 'LYR-Sony-031122_210806.jpg', 'LYR-Sony-031122_210817.jpg', 'LYR-Sony-031122_210829.jpg', 'LYR-Sony-031122_210841.jpg', 'LYR-Sony-031122_210853.jpg', 'LYR-Sony-031122_210905.jpg', 'LYR-Sony-031122_210916.jpg', 'LYR-Sony-031122_210928.jpg', 'LYR-Sony-031122_210939.jpg', 'LYR-Sony-031122_210951.jpg', 'LYR-Sony-031122_211003.jpg', 'LYR-Sony-031122_211015.jpg', 'LYR-Sony-031122_211026.jpg', 'LYR-Sony-031122_211038.jpg', 'LYR-Sony-031122_211049.jpg', 'LYR-Sony-031122_211101.jpg', 'LYR-Sony-031122_211112.jpg', 'LYR-Sony-031122_211124.jpg', 'LYR-Sony-031122_211136.jpg', 'LYR-Sony-031122_211148.jpg', 'LYR-Sony-031122_211159.jpg', 'LYR-Sony-031122_211211.jpg', 'LYR-Sony-031122_211223.jpg', 'LYR-Sony-031122_211234.jpg', 'LYR-Sony-031122_211246.jpg', 'LYR-Sony-031122_211257.jpg', 'LYR-Sony-031122_211309.jpg', 'LYR-Sony-031122_211321.jpg', 'LYR-Sony-031122_211333.jpg', 'LYR-Sony-031122_211344.jpg', 'LYR-Sony-031122_211356.jpg', 'LYR-Sony-031122_211408.jpg', 'LYR-Sony-031122_211419.jpg', 'LYR-Sony-031122_211432.jpg', 'LYR-Sony-031122_211443.jpg', 'LYR-Sony-031122_211455.jpg', 'LYR-Sony-031122_211506.jpg', 'LYR-Sony-031122_211518.jpg', 'LYR-Sony-031122_211530.jpg', 'LYR-Sony-031122_211541.jpg', 'LYR-Sony-031122_211553.jpg', 'LYR-Sony-031122_211605.jpg', 'LYR-Sony-031122_211617.jpg', 'LYR-Sony-031122_211629.jpg', 'LYR-Sony-031122_211640.jpg', 'LYR-Sony-031122_211652.jpg', 'LYR-Sony-031122_211704.jpg', 'LYR-Sony-031122_211715.jpg', 'LYR-Sony-031122_211727.jpg', 'LYR-Sony-031122_211739.jpg', 'LYR-Sony-031122_211750.jpg', 'LYR-Sony-031122_211802.jpg', 'LYR-Sony-031122_211813.jpg', 'LYR-Sony-031122_211825.jpg', 'LYR-Sony-031122_211837.jpg', 'LYR-Sony-031122_211849.jpg', 'LYR-Sony-031122_211901.jpg', 'LYR-Sony-031122_211912.jpg', 'LYR-Sony-031122_211924.jpg', 'LYR-Sony-031122_211935.jpg', 'LYR-Sony-031122_211947.jpg', 'LYR-Sony-031122_211959.jpg', 'LYR-Sony-031122_212011.jpg', 'LYR-Sony-031122_212022.jpg', 'LYR-Sony-031122_212034.jpg', 'LYR-Sony-031122_212045.jpg', 'LYR-Sony-031122_212057.jpg', 'LYR-Sony-031122_212108.jpg', 'LYR-Sony-031122_212120.jpg', 'LYR-Sony-031122_212132.jpg', 'LYR-Sony-031122_212144.jpg', 'LYR-Sony-031122_212155.jpg', 'LYR-Sony-031122_212207.jpg', 'LYR-Sony-031122_212219.jpg', 'LYR-Sony-031122_212230.jpg', 'LYR-Sony-031122_212242.jpg', 'LYR-Sony-031122_212254.jpg', 'LYR-Sony-031122_212305.jpg', 'LYR-Sony-031122_212317.jpg', 'LYR-Sony-031122_212329.jpg', 'LYR-Sony-031122_212340.jpg', 'LYR-Sony-031122_212352.jpg', 'LYR-Sony-031122_212404.jpg', 'LYR-Sony-031122_212415.jpg', 'LYR-Sony-031122_212428.jpg', 'LYR-Sony-031122_212439.jpg', 'LYR-Sony-031122_212451.jpg', 'LYR-Sony-031122_212503.jpg', 'LYR-Sony-031122_212514.jpg', 'LYR-Sony-031122_212526.jpg', 'LYR-Sony-031122_212538.jpg', 'LYR-Sony-031122_212549.jpg', 'LYR-Sony-031122_212601.jpg', 'LYR-Sony-031122_212612.jpg', 'LYR-Sony-031122_212624.jpg', 'LYR-Sony-031122_212636.jpg', 'LYR-Sony-031122_212648.jpg', 'LYR-Sony-031122_212700.jpg', 'LYR-Sony-031122_212712.jpg', 'LYR-Sony-031122_212723.jpg', 'LYR-Sony-031122_212735.jpg', 'LYR-Sony-031122_212747.jpg', 'LYR-Sony-031122_212759.jpg', 'LYR-Sony-031122_212810.jpg', 'LYR-Sony-031122_212822.jpg', 'LYR-Sony-031122_212834.jpg', 'LYR-Sony-031122_212845.jpg', 'LYR-Sony-031122_212857.jpg', 'LYR-Sony-031122_212908.jpg', 'LYR-Sony-031122_212921.jpg', 'LYR-Sony-031122_212932.jpg', 'LYR-Sony-031122_212944.jpg', 'LYR-Sony-031122_212956.jpg', 'LYR-Sony-031122_213007.jpg', 'LYR-Sony-031122_213019.jpg', 'LYR-Sony-031122_213030.jpg', 'LYR-Sony-031122_213042.jpg', 'LYR-Sony-031122_213054.jpg', 'LYR-Sony-031122_213105.jpg', 'LYR-Sony-031122_213117.jpg', 'LYR-Sony-031122_213129.jpg', 'LYR-Sony-031122_213140.jpg', 'LYR-Sony-031122_213152.jpg', 'LYR-Sony-031122_213204.jpg', 'LYR-Sony-031122_213215.jpg', 'LYR-Sony-031122_213227.jpg', 'LYR-Sony-031122_213238.jpg', 'LYR-Sony-031122_213250.jpg', 'LYR-Sony-031122_213302.jpg', 'LYR-Sony-031122_213313.jpg', 'LYR-Sony-031122_213324.jpg', 'LYR-Sony-031122_213336.jpg', 'LYR-Sony-031122_213348.jpg', 'LYR-Sony-031122_213400.jpg', 'LYR-Sony-031122_213411.jpg', 'LYR-Sony-031122_213423.jpg', 'LYR-Sony-031122_213434.jpg', 'LYR-Sony-031122_213446.jpg', 'LYR-Sony-031122_213457.jpg', 'LYR-Sony-031122_213509.jpg', 'LYR-Sony-031122_213520.jpg', 'LYR-Sony-031122_213532.jpg', 'LYR-Sony-031122_213544.jpg', 'LYR-Sony-031122_213556.jpg', 'LYR-Sony-031122_213607.jpg', 'LYR-Sony-031122_213619.jpg', 'LYR-Sony-031122_213630.jpg', 'LYR-Sony-031122_213642.jpg', 'LYR-Sony-031122_213654.jpg', 'LYR-Sony-031122_213705.jpg', 'LYR-Sony-031122_213717.jpg', 'LYR-Sony-031122_213729.jpg', 'LYR-Sony-031122_213740.jpg', 'LYR-Sony-031122_213751.jpg', 'LYR-Sony-031122_213803.jpg', 'LYR-Sony-031122_213815.jpg', 'LYR-Sony-031122_213826.jpg', 'LYR-Sony-031122_213838.jpg', 'LYR-Sony-031122_213849.jpg', 'LYR-Sony-031122_213901.jpg', 'LYR-Sony-031122_213913.jpg', 'LYR-Sony-031122_213924.jpg', 'LYR-Sony-031122_213936.jpg', 'LYR-Sony-031122_213947.jpg', 'LYR-Sony-031122_213959.jpg', 'LYR-Sony-031122_214011.jpg', 'LYR-Sony-031122_214023.jpg', 'LYR-Sony-031122_214034.jpg', 'LYR-Sony-031122_214046.jpg', 'LYR-Sony-031122_214057.jpg', 'LYR-Sony-031122_214109.jpg', 'LYR-Sony-031122_214121.jpg', 'LYR-Sony-031122_214132.jpg', 'LYR-Sony-031122_214144.jpg', 'LYR-Sony-031122_214156.jpg', 'LYR-Sony-031122_214207.jpg', 'LYR-Sony-031122_214218.jpg', 'LYR-Sony-031122_214230.jpg', 'LYR-Sony-031122_214241.jpg', 'LYR-Sony-031122_214253.jpg', 'LYR-Sony-031122_214305.jpg', 'LYR-Sony-031122_214316.jpg', 'LYR-Sony-031122_214328.jpg', 'LYR-Sony-031122_214340.jpg', 'LYR-Sony-031122_214351.jpg', 'LYR-Sony-031122_214403.jpg', 'LYR-Sony-031122_214414.jpg', 'LYR-Sony-031122_214426.jpg', 'LYR-Sony-031122_214438.jpg', 'LYR-Sony-031122_214449.jpg', 'LYR-Sony-031122_214501.jpg', 'LYR-Sony-031122_214512.jpg', 'LYR-Sony-031122_214524.jpg', 'LYR-Sony-031122_214535.jpg', 'LYR-Sony-031122_214547.jpg', 'LYR-Sony-031122_214558.jpg', 'LYR-Sony-031122_214610.jpg', 'LYR-Sony-031122_214621.jpg', 'LYR-Sony-031122_214633.jpg', 'LYR-Sony-031122_214645.jpg', 'LYR-Sony-031122_214657.jpg', 'LYR-Sony-031122_214708.jpg', 'LYR-Sony-031122_214720.jpg', 'LYR-Sony-031122_214732.jpg', 'LYR-Sony-031122_214744.jpg', 'LYR-Sony-031122_214755.jpg', 'LYR-Sony-031122_214807.jpg', 'LYR-Sony-031122_214819.jpg', 'LYR-Sony-031122_214831.jpg', 'LYR-Sony-031122_214842.jpg', 'LYR-Sony-031122_214854.jpg', 'LYR-Sony-031122_214905.jpg', 'LYR-Sony-031122_214917.jpg', 'LYR-Sony-031122_214929.jpg', 'LYR-Sony-031122_214941.jpg', 'LYR-Sony-031122_214952.jpg', 'LYR-Sony-031122_215004.jpg', 'LYR-Sony-031122_215016.jpg', 'LYR-Sony-031122_215028.jpg', 'LYR-Sony-031122_215039.jpg', 'LYR-Sony-031122_215051.jpg', 'LYR-Sony-031122_215103.jpg', 'LYR-Sony-031122_215115.jpg', 'LYR-Sony-031122_215127.jpg', 'LYR-Sony-031122_215138.jpg', 'LYR-Sony-031122_215150.jpg', 'LYR-Sony-031122_215201.jpg', 'LYR-Sony-031122_215213.jpg', 'LYR-Sony-031122_215225.jpg', 'LYR-Sony-031122_215236.jpg', 'LYR-Sony-031122_215248.jpg', 'LYR-Sony-031122_215300.jpg', 'LYR-Sony-031122_215312.jpg', 'LYR-Sony-031122_215323.jpg', 'LYR-Sony-031122_215335.jpg', 'LYR-Sony-031122_215347.jpg', 'LYR-Sony-031122_215358.jpg', 'LYR-Sony-031122_215410.jpg', 'LYR-Sony-031122_215421.jpg', 'LYR-Sony-031122_215433.jpg', 'LYR-Sony-031122_215445.jpg', 'LYR-Sony-031122_215457.jpg', 'LYR-Sony-031122_215508.jpg', 'LYR-Sony-031122_215520.jpg', 'LYR-Sony-031122_215532.jpg', 'LYR-Sony-031122_215544.jpg', 'LYR-Sony-031122_215555.jpg', 'LYR-Sony-031122_215607.jpg', 'LYR-Sony-031122_215619.jpg', 'LYR-Sony-031122_215630.jpg', 'LYR-Sony-031122_215642.jpg', 'LYR-Sony-031122_215654.jpg', 'LYR-Sony-031122_215706.jpg', 'LYR-Sony-031122_215717.jpg', 'LYR-Sony-031122_215729.jpg', 'LYR-Sony-031122_215740.jpg', 'LYR-Sony-031122_215752.jpg', 'LYR-Sony-031122_215804.jpg', 'LYR-Sony-031122_215815.jpg', 'LYR-Sony-031122_215827.jpg', 'LYR-Sony-031122_215838.jpg', 'LYR-Sony-031122_215850.jpg', 'LYR-Sony-031122_215902.jpg', 'LYR-Sony-031122_215913.jpg', 'LYR-Sony-031122_215925.jpg', 'LYR-Sony-031122_215937.jpg', 'LYR-Sony-031122_215948.jpg', 'LYR-Sony-031122_220000.jpg', 'LYR-Sony-031122_220012.jpg', 'LYR-Sony-031122_220023.jpg', 'LYR-Sony-031122_220035.jpg', 'LYR-Sony-031122_220047.jpg', 'LYR-Sony-031122_220058.jpg', 'LYR-Sony-031122_220110.jpg', 'LYR-Sony-031122_220122.jpg', 'LYR-Sony-031122_220134.jpg', 'LYR-Sony-031122_220146.jpg', 'LYR-Sony-031122_220157.jpg', 'LYR-Sony-031122_220209.jpg', 'LYR-Sony-031122_220221.jpg', 'LYR-Sony-031122_220232.jpg', 'LYR-Sony-031122_220244.jpg', 'LYR-Sony-031122_220255.jpg', 'LYR-Sony-031122_220307.jpg', 'LYR-Sony-031122_220318.jpg', 'LYR-Sony-031122_220330.jpg', 'LYR-Sony-031122_220342.jpg', 'LYR-Sony-031122_220353.jpg', 'LYR-Sony-031122_220405.jpg', 'LYR-Sony-031122_220417.jpg', 'LYR-Sony-031122_220428.jpg', 'LYR-Sony-031122_220440.jpg', 'LYR-Sony-031122_220451.jpg', 'LYR-Sony-031122_220503.jpg', 'LYR-Sony-031122_220515.jpg', 'LYR-Sony-031122_220527.jpg', 'LYR-Sony-031122_220538.jpg', 'LYR-Sony-031122_220551.jpg', 'LYR-Sony-031122_220602.jpg', 'LYR-Sony-031122_220614.jpg', 'LYR-Sony-031122_220625.jpg', 'LYR-Sony-031122_220637.jpg', 'LYR-Sony-031122_220649.jpg', 'LYR-Sony-031122_220700.jpg', 'LYR-Sony-031122_220711.jpg', 'LYR-Sony-031122_220724.jpg', 'LYR-Sony-031122_220735.jpg', 'LYR-Sony-031122_220746.jpg', 'LYR-Sony-031122_220758.jpg', 'LYR-Sony-031122_220809.jpg', 'LYR-Sony-031122_220821.jpg', 'LYR-Sony-031122_220832.jpg', 'LYR-Sony-031122_220844.jpg', 'LYR-Sony-031122_220856.jpg', 'LYR-Sony-031122_220907.jpg', 'LYR-Sony-031122_220919.jpg', 'LYR-Sony-031122_220930.jpg', 'LYR-Sony-031122_220942.jpg', 'LYR-Sony-031122_220953.jpg', 'LYR-Sony-031122_221005.jpg', 'LYR-Sony-031122_221017.jpg', 'LYR-Sony-031122_221028.jpg', 'LYR-Sony-031122_221040.jpg', 'LYR-Sony-031122_221051.jpg', 'LYR-Sony-031122_221103.jpg', 'LYR-Sony-031122_221115.jpg', 'LYR-Sony-031122_221126.jpg', 'LYR-Sony-031122_221138.jpg', 'LYR-Sony-031122_221150.jpg', 'LYR-Sony-031122_221202.jpg', 'LYR-Sony-031122_221213.jpg', 'LYR-Sony-031122_221225.jpg', 'LYR-Sony-031122_221236.jpg', 'LYR-Sony-031122_221248.jpg', 'LYR-Sony-031122_221259.jpg', 'LYR-Sony-031122_221311.jpg', 'LYR-Sony-031122_221322.jpg', 'LYR-Sony-031122_221334.jpg', 'LYR-Sony-031122_221346.jpg', 'LYR-Sony-031122_221357.jpg', 'LYR-Sony-031122_221409.jpg', 'LYR-Sony-031122_221420.jpg', 'LYR-Sony-031122_221432.jpg', 'LYR-Sony-031122_221444.jpg', 'LYR-Sony-031122_221455.jpg', 'LYR-Sony-031122_221506.jpg', 'LYR-Sony-031122_221518.jpg', 'LYR-Sony-031122_221529.jpg', 'LYR-Sony-031122_221541.jpg', 'LYR-Sony-031122_221552.jpg', 'LYR-Sony-031122_221604.jpg', 'LYR-Sony-031122_221616.jpg', 'LYR-Sony-031122_221627.jpg', 'LYR-Sony-031122_221639.jpg', 'LYR-Sony-031122_221650.jpg', 'LYR-Sony-031122_221702.jpg', 'LYR-Sony-031122_221714.jpg', 'LYR-Sony-031122_221725.jpg', 'LYR-Sony-031122_221737.jpg', 'LYR-Sony-031122_221748.jpg', 'LYR-Sony-031122_221800.jpg', 'LYR-Sony-031122_221811.jpg', 'LYR-Sony-031122_221823.jpg', 'LYR-Sony-031122_221835.jpg', 'LYR-Sony-031122_221846.jpg', 'LYR-Sony-031122_221858.jpg', 'LYR-Sony-031122_221909.jpg', 'LYR-Sony-031122_221921.jpg', 'LYR-Sony-031122_221932.jpg', 'LYR-Sony-031122_221944.jpg', 'LYR-Sony-031122_221955.jpg', 'LYR-Sony-031122_222007.jpg', 'LYR-Sony-031122_222018.jpg', 'LYR-Sony-031122_222030.jpg', 'LYR-Sony-031122_222042.jpg', 'LYR-Sony-031122_222053.jpg', 'LYR-Sony-031122_222104.jpg', 'LYR-Sony-031122_222116.jpg', 'LYR-Sony-031122_222127.jpg', 'LYR-Sony-031122_222139.jpg', 'LYR-Sony-031122_222151.jpg', 'LYR-Sony-031122_222202.jpg', 'LYR-Sony-031122_222214.jpg', 'LYR-Sony-031122_222225.jpg', 'LYR-Sony-031122_222237.jpg', 'LYR-Sony-031122_222248.jpg', 'LYR-Sony-031122_222300.jpg', 'LYR-Sony-031122_222311.jpg', 'LYR-Sony-031122_222322.jpg', 'LYR-Sony-031122_222334.jpg', 'LYR-Sony-031122_222345.jpg', 'LYR-Sony-031122_222357.jpg', 'LYR-Sony-031122_222408.jpg', 'LYR-Sony-031122_222420.jpg', 'LYR-Sony-031122_222432.jpg', 'LYR-Sony-031122_222444.jpg', 'LYR-Sony-031122_222455.jpg', 'LYR-Sony-031122_222507.jpg', 'LYR-Sony-031122_222518.jpg', 'LYR-Sony-031122_222530.jpg', 'LYR-Sony-031122_222542.jpg', 'LYR-Sony-031122_222553.jpg', 'LYR-Sony-031122_222605.jpg', 'LYR-Sony-031122_222616.jpg', 'LYR-Sony-031122_222628.jpg', 'LYR-Sony-031122_222639.jpg', 'LYR-Sony-031122_222651.jpg', 'LYR-Sony-031122_222702.jpg', 'LYR-Sony-031122_222713.jpg', 'LYR-Sony-031122_222724.jpg', 'LYR-Sony-031122_222736.jpg', 'LYR-Sony-031122_222748.jpg', 'LYR-Sony-031122_222759.jpg', 'LYR-Sony-031122_222811.jpg', 'LYR-Sony-031122_222822.jpg', 'LYR-Sony-031122_222834.jpg', 'LYR-Sony-031122_222846.jpg', 'LYR-Sony-031122_222857.jpg', 'LYR-Sony-031122_222909.jpg', 'LYR-Sony-031122_222921.jpg', 'LYR-Sony-031122_222932.jpg', 'LYR-Sony-031122_222943.jpg', 'LYR-Sony-031122_222955.jpg', 'LYR-Sony-031122_223006.jpg', 'LYR-Sony-031122_223018.jpg', 'LYR-Sony-031122_223029.jpg', 'LYR-Sony-031122_223041.jpg', 'LYR-Sony-031122_223053.jpg', 'LYR-Sony-031122_223105.jpg', 'LYR-Sony-031122_223116.jpg', 'LYR-Sony-031122_223128.jpg', 'LYR-Sony-031122_223140.jpg', 'LYR-Sony-031122_223151.jpg', 'LYR-Sony-031122_223202.jpg', 'LYR-Sony-031122_223214.jpg', 'LYR-Sony-031122_223226.jpg', 'LYR-Sony-031122_223238.jpg', 'LYR-Sony-031122_223249.jpg', 'LYR-Sony-031122_223301.jpg', 'LYR-Sony-031122_223312.jpg', 'LYR-Sony-031122_223324.jpg', 'LYR-Sony-031122_223335.jpg', 'LYR-Sony-031122_223347.jpg', 'LYR-Sony-031122_223358.jpg', 'LYR-Sony-031122_223410.jpg', 'LYR-Sony-031122_223421.jpg', 'LYR-Sony-031122_223433.jpg', 'LYR-Sony-031122_223444.jpg', 'LYR-Sony-031122_223456.jpg', 'LYR-Sony-031122_223508.jpg', 'LYR-Sony-031122_223520.jpg', 'LYR-Sony-031122_223531.jpg', 'LYR-Sony-031122_223543.jpg', 'LYR-Sony-031122_223555.jpg', 'LYR-Sony-031122_223606.jpg', 'LYR-Sony-031122_223618.jpg', 'LYR-Sony-031122_223629.jpg', 'LYR-Sony-031122_223641.jpg', 'LYR-Sony-031122_223653.jpg', 'LYR-Sony-031122_223704.jpg', 'LYR-Sony-031122_223716.jpg', 'LYR-Sony-031122_223728.jpg', 'LYR-Sony-031122_223739.jpg', 'LYR-Sony-031122_223751.jpg', 'LYR-Sony-031122_223802.jpg', 'LYR-Sony-031122_223814.jpg', 'LYR-Sony-031122_223826.jpg', 'LYR-Sony-031122_223838.jpg', 'LYR-Sony-031122_223849.jpg', 'LYR-Sony-031122_223900.jpg', 'LYR-Sony-031122_223912.jpg', 'LYR-Sony-031122_223924.jpg', 'LYR-Sony-031122_223935.jpg', 'LYR-Sony-031122_223947.jpg', 'LYR-Sony-031122_223958.jpg', 'LYR-Sony-031122_224010.jpg', 'LYR-Sony-031122_224022.jpg', 'LYR-Sony-031122_224033.jpg', 'LYR-Sony-031122_224045.jpg', 'LYR-Sony-031122_224056.jpg', 'LYR-Sony-031122_224108.jpg', 'LYR-Sony-031122_224119.jpg', 'LYR-Sony-031122_224131.jpg', 'LYR-Sony-031122_224142.jpg', 'LYR-Sony-031122_224154.jpg', 'LYR-Sony-031122_224206.jpg', 'LYR-Sony-031122_224217.jpg', 'LYR-Sony-031122_224229.jpg', 'LYR-Sony-031122_224241.jpg', 'LYR-Sony-031122_224253.jpg', 'LYR-Sony-031122_224304.jpg', 'LYR-Sony-031122_224316.jpg', 'LYR-Sony-031122_224328.jpg', 'LYR-Sony-031122_224339.jpg', 'LYR-Sony-031122_224351.jpg', 'LYR-Sony-031122_224402.jpg', 'LYR-Sony-031122_224413.jpg', 'LYR-Sony-031122_224425.jpg', 'LYR-Sony-031122_224437.jpg', 'LYR-Sony-031122_224448.jpg', 'LYR-Sony-031122_224500.jpg', 'LYR-Sony-031122_224511.jpg', 'LYR-Sony-031122_224522.jpg', 'LYR-Sony-031122_224534.jpg', 'LYR-Sony-031122_224545.jpg', 'LYR-Sony-031122_224557.jpg', 'LYR-Sony-031122_224608.jpg', 'LYR-Sony-031122_224620.jpg', 'LYR-Sony-031122_224631.jpg', 'LYR-Sony-031122_224643.jpg', 'LYR-Sony-031122_224654.jpg', 'LYR-Sony-031122_224706.jpg', 'LYR-Sony-031122_224718.jpg', 'LYR-Sony-031122_224730.jpg', 'LYR-Sony-031122_224741.jpg', 'LYR-Sony-031122_224753.jpg', 'LYR-Sony-031122_224804.jpg', 'LYR-Sony-031122_224816.jpg', 'LYR-Sony-031122_224828.jpg', 'LYR-Sony-031122_224839.jpg', 'LYR-Sony-031122_224850.jpg', 'LYR-Sony-031122_224902.jpg', 'LYR-Sony-031122_224913.jpg', 'LYR-Sony-031122_224925.jpg', 'LYR-Sony-031122_224936.jpg', 'LYR-Sony-031122_224948.jpg', 'LYR-Sony-031122_224959.jpg', 'LYR-Sony-031122_225011.jpg', 'LYR-Sony-031122_225022.jpg', 'LYR-Sony-031122_225034.jpg', 'LYR-Sony-031122_225046.jpg', 'LYR-Sony-031122_225057.jpg', 'LYR-Sony-031122_225108.jpg', 'LYR-Sony-031122_225119.jpg', 'LYR-Sony-031122_225131.jpg', 'LYR-Sony-031122_225142.jpg', 'LYR-Sony-031122_225154.jpg', 'LYR-Sony-031122_225205.jpg', 'LYR-Sony-031122_225217.jpg', 'LYR-Sony-031122_225228.jpg', 'LYR-Sony-031122_225239.jpg', 'LYR-Sony-031122_225250.jpg', 'LYR-Sony-031122_225302.jpg', 'LYR-Sony-031122_225313.jpg', 'LYR-Sony-031122_225325.jpg', 'LYR-Sony-031122_225336.jpg', 'LYR-Sony-031122_225348.jpg', 'LYR-Sony-031122_225359.jpg', 'LYR-Sony-031122_225411.jpg', 'LYR-Sony-031122_225422.jpg', 'LYR-Sony-031122_225434.jpg', 'LYR-Sony-031122_225445.jpg', 'LYR-Sony-031122_225457.jpg', 'LYR-Sony-031122_225508.jpg', 'LYR-Sony-031122_225520.jpg', 'LYR-Sony-031122_225531.jpg', 'LYR-Sony-031122_225543.jpg', 'LYR-Sony-031122_225554.jpg', 'LYR-Sony-031122_225605.jpg', 'LYR-Sony-031122_225616.jpg', 'LYR-Sony-031122_225628.jpg', 'LYR-Sony-031122_225639.jpg', 'LYR-Sony-031122_225651.jpg', 'LYR-Sony-031122_225702.jpg', 'LYR-Sony-031122_225713.jpg', 'LYR-Sony-031122_225725.jpg', 'LYR-Sony-031122_225736.jpg', 'LYR-Sony-031122_225748.jpg', 'LYR-Sony-031122_225759.jpg', 'LYR-Sony-031122_225811.jpg', 'LYR-Sony-031122_225822.jpg', 'LYR-Sony-031122_225834.jpg', 'LYR-Sony-031122_225845.jpg', 'LYR-Sony-031122_225856.jpg', 'LYR-Sony-031122_225908.jpg', 'LYR-Sony-031122_225919.jpg', 'LYR-Sony-031122_225931.jpg', 'LYR-Sony-031122_225943.jpg', 'LYR-Sony-031122_225954.jpg', 'LYR-Sony-031122_230005.jpg', 'LYR-Sony-031122_230017.jpg', 'LYR-Sony-031122_230028.jpg', 'LYR-Sony-031122_230039.jpg', 'LYR-Sony-031122_230051.jpg', 'LYR-Sony-031122_230102.jpg', 'LYR-Sony-031122_230114.jpg', 'LYR-Sony-031122_230126.jpg', 'LYR-Sony-031122_230137.jpg', 'LYR-Sony-031122_230149.jpg', 'LYR-Sony-031122_230200.jpg', 'LYR-Sony-031122_230212.jpg', 'LYR-Sony-031122_230223.jpg', 'LYR-Sony-031122_230235.jpg', 'LYR-Sony-031122_230246.jpg', 'LYR-Sony-031122_230258.jpg', 'LYR-Sony-031122_230310.jpg', 'LYR-Sony-031122_230321.jpg', 'LYR-Sony-031122_230333.jpg', 'LYR-Sony-031122_230345.jpg', 'LYR-Sony-031122_230356.jpg', 'LYR-Sony-031122_230407.jpg', 'LYR-Sony-031122_230419.jpg', 'LYR-Sony-031122_230431.jpg', 'LYR-Sony-031122_230443.jpg', 'LYR-Sony-031122_230454.jpg', 'LYR-Sony-031122_230506.jpg', 'LYR-Sony-031122_230517.jpg', 'LYR-Sony-031122_230529.jpg', 'LYR-Sony-031122_230540.jpg', 'LYR-Sony-031122_230552.jpg', 'LYR-Sony-031122_230603.jpg', 'LYR-Sony-031122_230615.jpg', 'LYR-Sony-031122_230626.jpg', 'LYR-Sony-031122_230637.jpg', 'LYR-Sony-031122_230649.jpg', 'LYR-Sony-031122_230701.jpg', 'LYR-Sony-031122_230712.jpg', 'LYR-Sony-031122_230724.jpg', 'LYR-Sony-031122_230735.jpg', 'LYR-Sony-031122_230747.jpg', 'LYR-Sony-031122_230759.jpg', 'LYR-Sony-031122_230810.jpg', 'LYR-Sony-031122_230822.jpg', 'LYR-Sony-031122_230833.jpg', 'LYR-Sony-031122_230845.jpg', 'LYR-Sony-031122_230857.jpg', 'LYR-Sony-031122_230908.jpg', 'LYR-Sony-031122_230919.jpg', 'LYR-Sony-031122_230931.jpg', 'LYR-Sony-031122_230942.jpg', 'LYR-Sony-031122_230954.jpg', 'LYR-Sony-031122_231005.jpg', 'LYR-Sony-031122_231017.jpg', 'LYR-Sony-031122_231028.jpg', 'LYR-Sony-031122_231040.jpg', 'LYR-Sony-031122_231051.jpg', 'LYR-Sony-031122_231102.jpg', 'LYR-Sony-031122_231114.jpg', 'LYR-Sony-031122_231125.jpg', 'LYR-Sony-031122_231137.jpg', 'LYR-Sony-031122_231149.jpg', 'LYR-Sony-031122_231200.jpg', 'LYR-Sony-031122_231212.jpg', 'LYR-Sony-031122_231224.jpg', 'LYR-Sony-031122_231235.jpg', 'LYR-Sony-031122_231247.jpg', 'LYR-Sony-031122_231259.jpg', 'LYR-Sony-031122_231310.jpg', 'LYR-Sony-031122_231322.jpg', 'LYR-Sony-031122_231333.jpg', 'LYR-Sony-031122_231345.jpg', 'LYR-Sony-031122_231356.jpg', 'LYR-Sony-031122_231408.jpg', 'LYR-Sony-031122_231420.jpg', 'LYR-Sony-031122_231432.jpg', 'LYR-Sony-031122_231443.jpg', 'LYR-Sony-031122_231455.jpg', 'LYR-Sony-031122_231507.jpg', 'LYR-Sony-031122_231518.jpg', 'LYR-Sony-031122_231530.jpg', 'LYR-Sony-031122_231542.jpg', 'LYR-Sony-031122_231553.jpg', 'LYR-Sony-031122_231605.jpg', 'LYR-Sony-031122_231616.jpg', 'LYR-Sony-031122_231628.jpg', 'LYR-Sony-031122_231639.jpg', 'LYR-Sony-031122_231651.jpg', 'LYR-Sony-031122_231703.jpg', 'LYR-Sony-031122_231714.jpg', 'LYR-Sony-031122_231725.jpg', 'LYR-Sony-031122_231737.jpg', 'LYR-Sony-031122_231749.jpg', 'LYR-Sony-031122_231800.jpg', 'LYR-Sony-031122_231812.jpg', 'LYR-Sony-031122_231823.jpg', 'LYR-Sony-031122_231835.jpg', 'LYR-Sony-031122_231847.jpg', 'LYR-Sony-031122_231859.jpg', 'LYR-Sony-031122_231910.jpg', 'LYR-Sony-031122_231922.jpg', 'LYR-Sony-031122_231933.jpg', 'LYR-Sony-031122_231945.jpg', 'LYR-Sony-031122_231957.jpg', 'LYR-Sony-031122_232008.jpg', 'LYR-Sony-031122_232019.jpg', 'LYR-Sony-031122_232031.jpg', 'LYR-Sony-031122_232042.jpg', 'LYR-Sony-031122_232054.jpg', 'LYR-Sony-031122_232105.jpg', 'LYR-Sony-031122_232117.jpg', 'LYR-Sony-031122_232128.jpg', 'LYR-Sony-031122_232140.jpg', 'LYR-Sony-031122_232152.jpg', 'LYR-Sony-031122_232203.jpg', 'LYR-Sony-031122_232215.jpg', 'LYR-Sony-031122_232227.jpg', 'LYR-Sony-031122_232238.jpg', 'LYR-Sony-031122_232250.jpg', 'LYR-Sony-031122_232301.jpg', 'LYR-Sony-031122_232313.jpg', 'LYR-Sony-031122_232325.jpg', 'LYR-Sony-031122_232336.jpg', 'LYR-Sony-031122_232348.jpg', 'LYR-Sony-031122_232359.jpg', 'LYR-Sony-031122_232411.jpg', 'LYR-Sony-031122_232422.jpg', 'LYR-Sony-031122_232434.jpg', 'LYR-Sony-031122_232445.jpg', 'LYR-Sony-031122_232457.jpg', 'LYR-Sony-031122_232508.jpg', 'LYR-Sony-031122_232520.jpg', 'LYR-Sony-031122_232531.jpg', 'LYR-Sony-031122_232543.jpg', 'LYR-Sony-031122_232555.jpg', 'LYR-Sony-031122_232606.jpg', 'LYR-Sony-031122_232617.jpg', 'LYR-Sony-031122_232629.jpg', 'LYR-Sony-031122_232641.jpg', 'LYR-Sony-031122_232652.jpg', 'LYR-Sony-031122_232704.jpg', 'LYR-Sony-031122_232715.jpg', 'LYR-Sony-031122_232727.jpg', 'LYR-Sony-031122_232738.jpg', 'LYR-Sony-031122_232749.jpg', 'LYR-Sony-031122_232801.jpg', 'LYR-Sony-031122_232812.jpg', 'LYR-Sony-031122_232824.jpg', 'LYR-Sony-031122_232835.jpg', 'LYR-Sony-031122_232847.jpg', 'LYR-Sony-031122_232858.jpg', 'LYR-Sony-031122_232909.jpg', 'LYR-Sony-031122_232921.jpg', 'LYR-Sony-031122_232932.jpg', 'LYR-Sony-031122_232944.jpg', 'LYR-Sony-031122_232955.jpg', 'LYR-Sony-031122_233007.jpg', 'LYR-Sony-031122_233019.jpg', 'LYR-Sony-031122_233030.jpg', 'LYR-Sony-031122_233041.jpg', 'LYR-Sony-031122_233053.jpg', 'LYR-Sony-031122_233104.jpg', 'LYR-Sony-031122_233116.jpg', 'LYR-Sony-031122_233128.jpg', 'LYR-Sony-031122_233139.jpg', 'LYR-Sony-031122_233151.jpg', 'LYR-Sony-031122_233202.jpg', 'LYR-Sony-031122_233214.jpg', 'LYR-Sony-031122_233226.jpg', 'LYR-Sony-031122_233237.jpg', 'LYR-Sony-031122_233249.jpg', 'LYR-Sony-031122_233300.jpg', 'LYR-Sony-031122_233312.jpg', 'LYR-Sony-031122_233323.jpg', 'LYR-Sony-031122_233335.jpg', 'LYR-Sony-031122_233347.jpg', 'LYR-Sony-031122_233358.jpg', 'LYR-Sony-031122_233410.jpg', 'LYR-Sony-031122_233421.jpg', 'LYR-Sony-031122_233433.jpg', 'LYR-Sony-031122_233445.jpg', 'LYR-Sony-031122_233456.jpg', 'LYR-Sony-031122_233508.jpg', 'LYR-Sony-031122_233519.jpg', 'LYR-Sony-031122_233531.jpg', 'LYR-Sony-031122_233542.jpg', 'LYR-Sony-031122_233554.jpg', 'LYR-Sony-031122_233605.jpg', 'LYR-Sony-031122_233616.jpg', 'LYR-Sony-031122_233628.jpg', 'LYR-Sony-031122_233639.jpg', 'LYR-Sony-031122_233651.jpg', 'LYR-Sony-031122_233702.jpg', 'LYR-Sony-031122_233714.jpg', 'LYR-Sony-031122_233725.jpg', 'LYR-Sony-031122_233737.jpg', 'LYR-Sony-031122_233748.jpg', 'LYR-Sony-031122_233800.jpg', 'LYR-Sony-031122_233811.jpg', 'LYR-Sony-031122_233823.jpg', 'LYR-Sony-031122_233834.jpg', 'LYR-Sony-031122_233846.jpg', 'LYR-Sony-031122_233857.jpg', 'LYR-Sony-031122_233909.jpg', 'LYR-Sony-031122_233920.jpg', 'LYR-Sony-031122_233932.jpg', 'LYR-Sony-031122_233943.jpg', 'LYR-Sony-031122_233955.jpg', 'LYR-Sony-031122_234006.jpg', 'LYR-Sony-031122_234018.jpg', 'LYR-Sony-031122_234030.jpg', 'LYR-Sony-031122_234041.jpg', 'LYR-Sony-031122_234053.jpg', 'LYR-Sony-031122_234104.jpg', 'LYR-Sony-031122_234115.jpg', 'LYR-Sony-031122_234127.jpg', 'LYR-Sony-031122_234138.jpg', 'LYR-Sony-031122_234150.jpg', 'LYR-Sony-031122_234201.jpg', 'LYR-Sony-031122_234213.jpg', 'LYR-Sony-031122_234224.jpg', 'LYR-Sony-031122_234236.jpg', 'LYR-Sony-031122_234247.jpg', 'LYR-Sony-031122_234259.jpg', 'LYR-Sony-031122_234310.jpg', 'LYR-Sony-031122_234322.jpg', 'LYR-Sony-031122_234334.jpg', 'LYR-Sony-031122_234345.jpg', 'LYR-Sony-031122_234357.jpg', 'LYR-Sony-031122_234409.jpg', 'LYR-Sony-031122_234420.jpg', 'LYR-Sony-031122_234431.jpg', 'LYR-Sony-031122_234443.jpg', 'LYR-Sony-031122_234455.jpg', 'LYR-Sony-031122_234506.jpg', 'LYR-Sony-031122_234518.jpg', 'LYR-Sony-031122_234529.jpg', 'LYR-Sony-031122_234541.jpg', 'LYR-Sony-031122_234552.jpg', 'LYR-Sony-031122_234604.jpg', 'LYR-Sony-031122_234616.jpg', 'LYR-Sony-031122_234627.jpg', 'LYR-Sony-031122_234638.jpg', 'LYR-Sony-031122_234650.jpg', 'LYR-Sony-031122_234701.jpg', 'LYR-Sony-031122_234713.jpg', 'LYR-Sony-031122_234725.jpg', 'LYR-Sony-031122_234736.jpg', 'LYR-Sony-031122_234747.jpg', 'LYR-Sony-031122_234759.jpg', 'LYR-Sony-031122_234811.jpg', 'LYR-Sony-031122_234822.jpg', 'LYR-Sony-031122_234834.jpg', 'LYR-Sony-031122_234845.jpg', 'LYR-Sony-031122_234857.jpg', 'LYR-Sony-031122_234908.jpg', 'LYR-Sony-031122_234920.jpg', 'LYR-Sony-031122_234931.jpg', 'LYR-Sony-031122_234943.jpg', 'LYR-Sony-031122_234954.jpg', 'LYR-Sony-031122_235005.jpg', 'LYR-Sony-031122_235017.jpg', 'LYR-Sony-031122_235028.jpg', 'LYR-Sony-031122_235040.jpg', 'LYR-Sony-031122_235051.jpg', 'LYR-Sony-031122_235103.jpg', 'LYR-Sony-031122_235115.jpg', 'LYR-Sony-031122_235126.jpg', 'LYR-Sony-031122_235138.jpg', 'LYR-Sony-031122_235149.jpg', 'LYR-Sony-031122_235201.jpg', 'LYR-Sony-031122_235212.jpg', 'LYR-Sony-031122_235224.jpg', 'LYR-Sony-031122_235235.jpg', 'LYR-Sony-031122_235247.jpg', 'LYR-Sony-031122_235258.jpg', 'LYR-Sony-031122_235310.jpg', 'LYR-Sony-031122_235321.jpg', 'LYR-Sony-031122_235333.jpg', 'LYR-Sony-031122_235344.jpg', 'LYR-Sony-031122_235356.jpg', 'LYR-Sony-031122_235407.jpg', 'LYR-Sony-031122_235418.jpg', 'LYR-Sony-031122_235430.jpg', 'LYR-Sony-031122_235441.jpg', 'LYR-Sony-031122_235453.jpg', 'LYR-Sony-031122_235505.jpg', 'LYR-Sony-031122_235516.jpg', 'LYR-Sony-031122_235527.jpg', 'LYR-Sony-031122_235539.jpg', 'LYR-Sony-031122_235551.jpg', 'LYR-Sony-031122_235602.jpg', 'LYR-Sony-031122_235614.jpg', 'LYR-Sony-031122_235625.jpg', 'LYR-Sony-031122_235637.jpg', 'LYR-Sony-031122_235648.jpg', 'LYR-Sony-031122_235700.jpg', 'LYR-Sony-031122_235711.jpg', 'LYR-Sony-031122_235723.jpg', 'LYR-Sony-031122_235734.jpg', 'LYR-Sony-031122_235746.jpg', 'LYR-Sony-031122_235757.jpg', 'LYR-Sony-031122_235809.jpg', 'LYR-Sony-031122_235821.jpg', 'LYR-Sony-031122_235832.jpg', 'LYR-Sony-031122_235844.jpg', 'LYR-Sony-031122_235855.jpg', 'LYR-Sony-031122_235907.jpg', 'LYR-Sony-031122_235918.jpg', 'LYR-Sony-031122_235930.jpg', 'LYR-Sony-031122_235942.jpg', 'LYR-Sony-031122_235953.jpg']"
2022-12-21,08:22,09:18:02,no MISS,,"fat one, starts behind clouds, so likely earlier, FROGs moving together with the GHOSTs",Tim,both,False,True,286,\\birkeland.unis.no\KHO\MISS-1\2022\12\21,\\birkeland.unis.no\KHO\Sony\2022\12\21\Images,0,286,"LYR-Sony-211222_082210.jpg, LYR-Sony-211222_082222.jpg, LYR-Sony-211222_082233.jpg ... (286 total)",range: 08:22:00 - 09:18:02,[],"['LYR-Sony-211222_082210.jpg', 'LYR-Sony-211222_082222.jpg', 'LYR-Sony-211222_082233.jpg', 'LYR-Sony-211222_082245.jpg', 'LYR-Sony-211222_082257.jpg', 'LYR-Sony-211222_082308.jpg', 'LYR-Sony-211222_082320.jpg', 'LYR-Sony-211222_082332.jpg', 'LYR-Sony-211222_082344.jpg', 'LYR-Sony-211222_082355.jpg', 'LYR-Sony-211222_082407.jpg', 'LYR-Sony-211222_082419.jpg', 'LYR-Sony-211222_082430.jpg', 'LYR-Sony-211222_082442.jpg', 'LYR-Sony-211222_082454.jpg', 'LYR-Sony-211222_082505.jpg', 'LYR-Sony-211222_082517.jpg', 'LYR-Sony-211222_082529.jpg', 'LYR-Sony-211222_082540.jpg', 'LYR-Sony-211222_082552.jpg', 'LYR-Sony-211222_082603.jpg', 'LYR-Sony-211222_082615.jpg', 'LYR-Sony-211222_082627.jpg', 'LYR-Sony-211222_082638.jpg', 'LYR-Sony-211222_082650.jpg', 'LYR-Sony-211222_082702.jpg', 'LYR-Sony-211222_082714.jpg', 'LYR-Sony-211222_082726.jpg', 'LYR-Sony-211222_082738.jpg', 'LYR-Sony-211222_082749.jpg', 'LYR-Sony-211222_082801.jpg', 'LYR-Sony-211222_082813.jpg', 'LYR-Sony-211222_082825.jpg', 'LYR-Sony-211222_082837.jpg', 'LYR-Sony-211222_082848.jpg', 'LYR-Sony-211222_082900.jpg', 'LYR-Sony-211222_082912.jpg', 'LYR-Sony-211222_082924.jpg', 'LYR-Sony-211222_082935.jpg', 'LYR-Sony-211222_082947.jpg', 'LYR-Sony-211222_082959.jpg', 'LYR-Sony-211222_083010.jpg', 'LYR-Sony-211222_083022.jpg', 'LYR-Sony-211222_083034.jpg', 'LYR-Sony-211222_083045.jpg', 'LYR-Sony-211222_083057.jpg', 'LYR-Sony-211222_083109.jpg', 'LYR-Sony-211222_083121.jpg', 'LYR-Sony-211222_083133.jpg', 'LYR-Sony-211222_083144.jpg', 'LYR-Sony-211222_083156.jpg', 'LYR-Sony-211222_083207.jpg', 'LYR-Sony-211222_083219.jpg', 'LYR-Sony-211222_083231.jpg', 'LYR-Sony-211222_083242.jpg', 'LYR-Sony-211222_083254.jpg', 'LYR-Sony-211222_083306.jpg', 'LYR-Sony-211222_083318.jpg', 'LYR-Sony-211222_083329.jpg', 'LYR-Sony-211222_083341.jpg', 'LYR-Sony-211222_083353.jpg', 'LYR-Sony-211222_083405.jpg', 'LYR-Sony-211222_083416.jpg', 'LYR-Sony-211222_083427.jpg', 'LYR-Sony-211222_083439.jpg', 'LYR-Sony-211222_083450.jpg', 'LYR-Sony-211222_083502.jpg', 'LYR-Sony-211222_083514.jpg', 'LYR-Sony-211222_083525.jpg', 'LYR-Sony-211222_083537.jpg', 'LYR-Sony-211222_083548.jpg', 'LYR-Sony-211222_083600.jpg', 'LYR-Sony-211222_083612.jpg', 'LYR-Sony-211222_083623.jpg', 'LYR-Sony-211222_083635.jpg', 'LYR-Sony-211222_083646.jpg', 'LYR-Sony-211222_083658.jpg', 'LYR-Sony-211222_083710.jpg', 'LYR-Sony-211222_083721.jpg', 'LYR-Sony-211222_083733.jpg', 'LYR-Sony-211222_083745.jpg', 'LYR-Sony-211222_083756.jpg', 'LYR-Sony-211222_083808.jpg', 'LYR-Sony-211222_083819.jpg', 'LYR-Sony-211222_083831.jpg', 'LYR-Sony-211222_083842.jpg', 'LYR-Sony-211222_083854.jpg', 'LYR-Sony-211222_083905.jpg', 'LYR-Sony-211222_083917.jpg', 'LYR-Sony-211222_083929.jpg', 'LYR-Sony-211222_083941.jpg', 'LYR-Sony-211222_083953.jpg', 'LYR-Sony-211222_084005.jpg', 'LYR-Sony-211222_084016.jpg', 'LYR-Sony-211222_084028.jpg', 'LYR-Sony-211222_084040.jpg', 'LYR-Sony-211222_084051.jpg', 'LYR-Sony-211222_084103.jpg', 'LYR-Sony-211222_084115.jpg', 'LYR-Sony-211222_084126.jpg', 'LYR-Sony-211222_084138.jpg', 'LYR-Sony-211222_084150.jpg', 'LYR-Sony-211222_084202.jpg', 'LYR-Sony-211222_084214.jpg', 'LYR-Sony-211222_084226.jpg', 'LYR-Sony-211222_084237.jpg', 'LYR-Sony-211222_084249.jpg', 'LYR-Sony-211222_084301.jpg', 'LYR-Sony-211222_084312.jpg', 'LYR-Sony-211222_084324.jpg', 'LYR-Sony-211222_084336.jpg', 'LYR-Sony-211222_084348.jpg', 'LYR-Sony-211222_084400.jpg', 'LYR-Sony-211222_084412.jpg', 'LYR-Sony-211222_084424.jpg', 'LYR-Sony-211222_084435.jpg', 'LYR-Sony-211222_084447.jpg', 'LYR-Sony-211222_084458.jpg', 'LYR-Sony-211222_084510.jpg', 'LYR-Sony-211222_084522.jpg', 'LYR-Sony-211222_084534.jpg', 'LYR-Sony-211222_084546.jpg', 'LYR-Sony-211222_084558.jpg', 'LYR-Sony-211222_084610.jpg', 'LYR-Sony-211222_084622.jpg', 'LYR-Sony-211222_084633.jpg', 'LYR-Sony-211222_084646.jpg', 'LYR-Sony-211222_084658.jpg', 'LYR-Sony-211222_084710.jpg', 'LYR-Sony-211222_084721.jpg', 'LYR-Sony-211222_084733.jpg', 'LYR-Sony-211222_084745.jpg', 'LYR-Sony-211222_084756.jpg', 'LYR-Sony-211222_084808.jpg', 'LYR-Sony-211222_084820.jpg', 'LYR-Sony-211222_084831.jpg', 'LYR-Sony-211222_084843.jpg', 'LYR-Sony-211222_084855.jpg', 'LYR-Sony-211222_084906.jpg', 'LYR-Sony-211222_084918.jpg', 'LYR-Sony-211222_084930.jpg', 'LYR-Sony-211222_084942.jpg', 'LYR-Sony-211222_084954.jpg', 'LYR-Sony-211222_085006.jpg', 'LYR-Sony-211222_085018.jpg', 'LYR-Sony-211222_085029.jpg', 'LYR-Sony-211222_085040.jpg', 'LYR-Sony-211222_085052.jpg', 'LYR-Sony-211222_085104.jpg', 'LYR-Sony-211222_085115.jpg', 'LYR-Sony-211222_085127.jpg', 'LYR-Sony-211222_085139.jpg', 'LYR-Sony-211222_085151.jpg', 'LYR-Sony-211222_085202.jpg', 'LYR-Sony-211222_085214.jpg', 'LYR-Sony-211222_085226.jpg', 'LYR-Sony-211222_085238.jpg', 'LYR-Sony-211222_085249.jpg', 'LYR-Sony-211222_085301.jpg', 'LYR-Sony-211222_085313.jpg', 'LYR-Sony-211222_085325.jpg', 'LYR-Sony-211222_085336.jpg', 'LYR-Sony-211222_085348.jpg', 'LYR-Sony-211222_085359.jpg', 'LYR-Sony-211222_085411.jpg', 'LYR-Sony-211222_085422.jpg', 'LYR-Sony-211222_085434.jpg', 'LYR-Sony-211222_085446.jpg', 'LYR-Sony-211222_085458.jpg', 'LYR-Sony-211222_085509.jpg', 'LYR-Sony-211222_085521.jpg', 'LYR-Sony-211222_085533.jpg', 'LYR-Sony-211222_085545.jpg', 'LYR-Sony-211222_085557.jpg', 'LYR-Sony-211222_085608.jpg', 'LYR-Sony-211222_085620.jpg', 'LYR-Sony-211222_085632.jpg', 'LYR-Sony-211222_085644.jpg', 'LYR-Sony-211222_085656.jpg', 'LYR-Sony-211222_085708.jpg', 'LYR-Sony-211222_085719.jpg', 'LYR-Sony-211222_085731.jpg', 'LYR-Sony-211222_085743.jpg', 'LYR-Sony-211222_085754.jpg', 'LYR-Sony-211222_085806.jpg', 'LYR-Sony-211222_085818.jpg', 'LYR-Sony-211222_085830.jpg', 'LYR-Sony-211222_085842.jpg', 'LYR-Sony-211222_085853.jpg', 'LYR-Sony-211222_085905.jpg', 'LYR-Sony-211222_085917.jpg', 'LYR-Sony-211222_085929.jpg', 'LYR-Sony-211222_085940.jpg', 'LYR-Sony-211222_085952.jpg', 'LYR-Sony-211222_090004.jpg', 'LYR-Sony-211222_090016.jpg', 'LYR-Sony-211222_090027.jpg', 'LYR-Sony-211222_090039.jpg', 'LYR-Sony-211222_090051.jpg', 'LYR-Sony-211222_090103.jpg', 'LYR-Sony-211222_090115.jpg', 'LYR-Sony-211222_090127.jpg', 'LYR-Sony-211222_090139.jpg', 'LYR-Sony-211222_090150.jpg', 'LYR-Sony-211222_090202.jpg', 'LYR-Sony-211222_090214.jpg', 'LYR-Sony-211222_090226.jpg', 'LYR-Sony-211222_090238.jpg', 'LYR-Sony-211222_090250.jpg', 'LYR-Sony-211222_090302.jpg', 'LYR-Sony-211222_090314.jpg', 'LYR-Sony-211222_090326.jpg', 'LYR-Sony-211222_090338.jpg', 'LYR-Sony-211222_090350.jpg', 'LYR-Sony-211222_090401.jpg', 'LYR-Sony-211222_090414.jpg', 'LYR-Sony-211222_090425.jpg', 'LYR-Sony-211222_090437.jpg', 'LYR-Sony-211222_090449.jpg', 'LYR-Sony-211222_090500.jpg', 'LYR-Sony-211222_090512.jpg', 'LYR-Sony-211222_090524.jpg', 'LYR-Sony-211222_090536.jpg', 'LYR-Sony-211222_090547.jpg', 'LYR-Sony-211222_090559.jpg', 'LYR-Sony-211222_090611.jpg', 'LYR-Sony-211222_090623.jpg', 'LYR-Sony-211222_090635.jpg', 'LYR-Sony-211222_090647.jpg', 'LYR-Sony-211222_090659.jpg', 'LYR-Sony-211222_090711.jpg', 'LYR-Sony-211222_090722.jpg', 'LYR-Sony-211222_090734.jpg', 'LYR-Sony-211222_090746.jpg', 'LYR-Sony-211222_090758.jpg', 'LYR-Sony-211222_090810.jpg', 'LYR-Sony-211222_090821.jpg', 'LYR-Sony-211222_090833.jpg', 'LYR-Sony-211222_090846.jpg', 'LYR-Sony-211222_090857.jpg', 'LYR-Sony-211222_090909.jpg', 'LYR-Sony-211222_090921.jpg', 'LYR-Sony-211222_090932.jpg', 'LYR-Sony-211222_090944.jpg', 'LYR-Sony-211222_090956.jpg', 'LYR-Sony-211222_091007.jpg', 'LYR-Sony-211222_091019.jpg', 'LYR-Sony-211222_091031.jpg', 'LYR-Sony-211222_091043.jpg', 'LYR-Sony-211222_091055.jpg', 'LYR-Sony-211222_091106.jpg', 'LYR-Sony-211222_091118.jpg', 'LYR-Sony-211222_091130.jpg', 'LYR-Sony-211222_091142.jpg', 'LYR-Sony-211222_091154.jpg', 'LYR-Sony-211222_091206.jpg', 'LYR-Sony-211222_091218.jpg', 'LYR-Sony-211222_091230.jpg', 'LYR-Sony-211222_091242.jpg', 'LYR-Sony-211222_091253.jpg', 'LYR-Sony-211222_091305.jpg', 'LYR-Sony-211222_091317.jpg', 'LYR-Sony-211222_091329.jpg', 'LYR-Sony-211222_091340.jpg', 'LYR-Sony-211222_091353.jpg', 'LYR-Sony-211222_091404.jpg', 'LYR-Sony-211222_091416.jpg', 'LYR-Sony-211222_091428.jpg', 'LYR-Sony-211222_091440.jpg', 'LYR-Sony-211222_091452.jpg', 'LYR-Sony-211222_091504.jpg', 'LYR-Sony-211222_091516.jpg', 'LYR-Sony-211222_091528.jpg', 'LYR-Sony-211222_091540.jpg', 'LYR-Sony-211222_091553.jpg', 'LYR-Sony-211222_091605.jpg', 'LYR-Sony-211222_091616.jpg', 'LYR-Sony-211222_091628.jpg', 'LYR-Sony-211222_091639.jpg', 'LYR-Sony-211222_091651.jpg', 'LYR-Sony-211222_091703.jpg', 'LYR-Sony-211222_091715.jpg', 'LYR-Sony-211222_091727.jpg', 'LYR-Sony-211222_091739.jpg', 'LYR-Sony-211222_091750.jpg', 'LYR-Sony-211222_091802.jpg']"
2024-02-11,05:20,06:20,yes,,"fat one, published",Noora,both,True,False,61,\\birkeland.unis.no\KHO\MISS-1\2024\02\11,\\birkeland.unis.no\KHO\Sony\2024\02\11,61,0,"MISS-20240211-052000.pgm, MISS-20240211-052100.pgm, MISS-20240211-052200.pgm ... (61 total)",range: 05:20:00 - 06:20:00,"['MISS-20240211-052000.pgm', 'MISS-20240211-052100.pgm', 'MISS-20240211-052200.pgm', 'MISS-20240211-052300.pgm', 'MISS-20240211-052400.pgm', 'MISS-20240211-052500.pgm', 'MISS-20240211-052600.pgm', 'MISS-20240211-052700.pgm', 'MISS-20240211-052800.pgm', 'MISS-20240211-052900.pgm', 'MISS-20240211-053000.pgm', 'MISS-20240211-053100.pgm', 'MISS-20240211-053200.pgm', 'MISS-20240211-053300.pgm', 'MISS-20240211-053400.pgm', 'MISS-20240211-053500.pgm', 'MISS-20240211-053600.pgm', 'MISS-20240211-053700.pgm', 'MISS-20240211-053800.pgm', 'MISS-20240211-053900.pgm', 'MISS-20240211-054000.pgm', 'MISS-20240211-054100.pgm', 'MISS-20240211-054200.pgm', 'MISS-20240211-054300.pgm', 'MISS-20240211-054400.pgm', 'MISS-20240211-054500.pgm', 'MISS-20240211-054600.pgm', 'MISS-20240211-054700.pgm', 'MISS-20240211-054800.pgm', 'MISS-20240211-054900.pgm', 'MISS-20240211-055000.pgm', 'MISS-20240211-055100.pgm', 'MISS-20240211-055200.pgm', 'MISS-20240211-055300.pgm', 'MISS-20240211-055400.pgm', 'MISS-20240211-055500.pgm', 'MISS-20240211-055600.pgm', 'MISS-20240211-055700.pgm', 'MISS-20240211-055800.pgm', 'MISS-20240211-055900.pgm', 'MISS-20240211-060000.pgm', 'MISS-20240211-060100.pgm', 'MISS-20240211-060200.pgm', 'MISS-20240211-060300.pgm', 'MISS-20240211-060400.pgm', 'MISS-20240211-060500.pgm', 'MISS-20240211-060600.pgm', 'MISS-20240211-060700.pgm', 'MISS-20240211-060800.pgm', 'MISS-20240211-060900.pgm', 'MISS-20240211-061000.pgm', 'MISS-20240211-061100.pgm', 'MISS-20240211-061200.pgm', 'MISS-20240211-061300.pgm', 'MISS-20240211-061400.pgm', 'MISS-20240211-061500.pgm', 'MISS-20240211-061600.pgm', 'MISS-20240211-061700.pgm', 'MISS-20240211-061800.pgm', 'MISS-20240211-061900.pgm', 'MISS-20240211-062000.pgm']",[]
2024-12-05,?,?,?,08:54:30,,Noora,?,True,True,21,\\birkeland.unis.no\KHO\MISS-2\2024\12\05,\\birkeland.unis.no\KHO\Sony\2024\12\05,9,12,"MISS2-20241205-085330.png, MISS2-20241205-085345.png, MISS2-20241205-085400.png ... (21 total)",spectrum time: 08:54:30 (±1 min),"['MISS2-20241205-085330.png', 'MISS2-20241205-085345.png', 'MISS2-20241205-085400.png', 'MISS2-20241205-085415.png', 'MISS2-20241205-085430.png', 'MISS2-20241205-085445.png', 'MISS2-20241205-085500.png', 'MISS2-20241205-085515.png', 'MISS2-20241205-085530.png']","['LYR-Sony-20241205_085330.jpg', 'LYR-Sony-20241205_085340.jpg', 'LYR-Sony-20241205_085350.jpg', 'LYR-Sony-20241205_085400.jpg', 'LYR-Sony-20241205_085410.jpg', 'LYR-Sony-20241205_085420.jpg', 'LYR-Sony-20241205_085430.jpg', 'LYR-Sony-20241205_085440.jpg', 'LYR-Sony-20241205_085450.jpg', 'LYR-Sony-20241205_085500.jpg', 'LYR-Sony-20241205_085510.jpg', 'LYR-Sony-20241205_085520.jpg']"
2024-12-17,?,?,?,13:20:00,many FA rays during the event,Noora,?,True,True,21,\\birkeland.unis.no\KHO\MISS-2\2024\12\17,\\birkeland.unis.no\KHO\Sony\2024\12\17,9,12,"MISS2-20241217-131900.png, MISS2-20241217-131915.png, MISS2-20241217-131930.png ... (21 total)",spectrum time: 13:20:00 (±1 min),"['MISS2-20241217-131900.png', 'MISS2-20241217-131915.png', 'MISS2-20241217-131930.png', 'MISS2-20241217-131945.png', 'MISS2-20241217-132000.png', 'MISS2-20241217-132015.png', 'MISS2-20241217-132030.png', 'MISS2-20241217-132045.png', 'MISS2-20241217-132100.png']","['LYR-Sony-20241217_131900.jpg', 'LYR-Sony-20241217_131910.jpg', 'LYR-Sony-20241217_131930.jpg', 'LYR-Sony-20241217_131940.jpg', 'LYR-Sony-20241217_131950.jpg', 'LYR-Sony-20241217_132000.jpg', 'LYR-Sony-20241217_132010.jpg', 'LYR-Sony-20241217_132020.jpg', 'LYR-Sony-20241217_132030.jpg', 'LYR-Sony-20241217_132040.jpg', 'LYR-Sony-20241217_132050.jpg', 'LYR-Sony-20241217_132100.jpg']"
2024-12-20,?,?,?,09:12:00,may be too skinny for MISS,Noora,?,True,True,21,\\birkeland.unis.no\KHO\MISS-2\2024\12\20,\\birkeland.unis.no\KHO\Sony\2024\12\20,9,12,"MISS2-20241220-091100.png, MISS2-20241220-091115.png, MISS2-20241220-091130.png ... (21 total)",spectrum time: 09:12:00 (±1 min),"['MISS2-20241220-091100.png', 'MISS2-20241220-091115.png', 'MISS2-20241220-091130.png', 'MISS2-20241220-091145.png', 'MISS2-20241220-091200.png', 'MISS2-20241220-091215.png', 'MISS2-20241220-091230.png', 'MISS2-20241220-091245.png', 'MISS2-20241220-091300.png']","['LYR-Sony-20241220_091100.jpg', 'LYR-Sony-20241220_091110.jpg', 'LYR-Sony-20241220_091120.jpg', 'LYR-Sony-20241220_091130.jpg', 'LYR-Sony-20241220_091140.jpg', 'LYR-Sony-20241220_091150.jpg', 'LYR-Sony-20241220_091200.jpg', 'LYR-Sony-20241220_091210.jpg', 'LYR-Sony-20241220_091220.jpg', 'LYR-Sony-20241220_091240.jpg', 'LYR-Sony-20241220_091250.jpg', 'LYR-Sony-20241220_091300.jpg']"
2024-12-22,08:15,09:40,MISS/NIRAC2 @ 09:35-09:39,09:39:00,"fat one, off-meridian structures around 13UT & 21:03 to be checked!",Noora,?,True,True,21,\\birkeland.unis.no\KHO\MISS-2\2024\12\22,\\birkeland.unis.no\KHO\Sony\2024\12\22,9,12,"MISS2-20241222-093800.png, MISS2-20241222-093815.png, MISS2-20241222-093830.png ... (21 total)",spectrum time: 09:39:00 (±1 min),"['MISS2-20241222-093800.png', 'MISS2-20241222-093815.png', 'MISS2-20241222-093830.png', 'MISS2-20241222-093845.png', 'MISS2-20241222-093900.png', 'MISS2-20241222-093915.png', 'MISS2-20241222-093930.png', 'MISS2-20241222-093945.png', 'MISS2-20241222-094000.png']","['LYR-Sony-20241222_093800.jpg', 'LYR-Sony-20241222_093820.jpg', 'LYR-Sony-20241222_093830.jpg', 'LYR-Sony-20241222_093840.jpg', 'LYR-Sony-20241222_093850.jpg', 'LYR-Sony-20241222_093900.jpg', 'LYR-Sony-20241222_093910.jpg', 'LYR-Sony-20241222_093920.jpg', 'LYR-Sony-20241222_093930.jpg', 'LYR-Sony-20241222_093940.jpg', 'LYR-Sony-20241222_093950.jpg', 'LYR-Sony-20241222_094000.jpg']"
2024-12-30,12:30,12:49,?,,STEVE-like long-lasting arc,Noora,?,True,True,179,\\birkeland.unis.no\KHO\MISS-2\2024\12\30,\\birkeland.unis.no\KHO\Sony\2024\12\30,77,102,"MISS2-20241230-123000.png, MISS2-20241230-123015.png, MISS2-20241230-123030.png ... (179 total)",range: 12:30:00 - 12:49:00,"['MISS2-20241230-123000.png', 'MISS2-20241230-123015.png', 'MISS2-20241230-123030.png', 'MISS2-20241230-123045.png', 'MISS2-20241230-123100.png', 'MISS2-20241230-123115.png', 'MISS2-20241230-123130.png', 'MISS2-20241230-123145.png', 'MISS2-20241230-123200.png', 'MISS2-20241230-123215.png', 'MISS2-20241230-123230.png', 'MISS2-20241230-123245.png', 'MISS2-20241230-123300.png', 'MISS2-20241230-123315.png', 'MISS2-20241230-123330.png', 'MISS2-20241230-123345.png', 'MISS2-20241230-123400.png', 'MISS2-20241230-123415.png', 'MISS2-20241230-123430.png', 'MISS2-20241230-123445.png', 'MISS2-20241230-123500.png', 'MISS2-20241230-123515.png', 'MISS2-20241230-123530.png', 'MISS2-20241230-123545.png', 'MISS2-20241230-123600.png', 'MISS2-20241230-123615.png', 'MISS2-20241230-123630.png', 'MISS2-20241230-123645.png', 'MISS2-20241230-123700.png', 'MISS2-20241230-123715.png', 'MISS2-20241230-123730.png', 'MISS2-20241230-123745.png', 'MISS2-20241230-123800.png', 'MISS2-20241230-123815.png', 'MISS2-20241230-123830.png', 'MISS2-20241230-123845.png', 'MISS2-20241230-123900.png', 'MISS2-20241230-123915.png', 'MISS2-20241230-123930.png', 'MISS2-20241230-123945.png', 'MISS2-20241230-124000.png', 'MISS2-20241230-124015.png', 'MISS2-20241230-124030.png', 'MISS2-20241230-124045.png', 'MISS2-20241230-124100.png', 'MISS2-20241230-124115.png', 'MISS2-20241230-124130.png', 'MISS2-20241230-124145.png', 'MISS2-20241230-124200.png', 'MISS2-20241230-124215.png', 'MISS2-20241230-124230.png', 'MISS2-20241230-124245.png', 'MISS2-20241230-124300.png', 'MISS2-20241230-124315.png', 'MISS2-20241230-124330.png', 'MISS2-20241230-124345.png', 'MISS2-20241230-124400.png', 'MISS2-20241230-124415.png', 'MISS2-20241230-124430.png', 'MISS2-20241230-124445.png', 'MISS2-20241230-124500.png', 'MISS2-20241230-124515.png', 'MISS2-20241230-124530.png', 'MISS2-20241230-124545.png', 'MISS2-20241230-124600.png', 'MISS2-20241230-124615.png', 'MISS2-20241230-124630.png', 'MISS2-20241230-124645.png', 'MISS2-20241230-124700.png', 'MISS2-20241230-124715.png', 'MISS2-20241230-124730.png', 'MISS2-20241230-124745.png', 'MISS2-20241230-124800.png', 'MISS2-20241230-124815.png', 'MISS2-20241230-124830.png', 'MISS2-20241230-124845.png', 'MISS2-20241230-124900.png']","['LYR-Sony-20241230_123000.jpg', 'LYR-Sony-20241230_123010.jpg', 'LYR-Sony-20241230_123020.jpg', 'LYR-Sony-20241230_123030.jpg', 'LYR-Sony-20241230_123040.jpg', 'LYR-Sony-20241230_123050.jpg', 'LYR-Sony-20241230_123100.jpg', 'LYR-Sony-20241230_123110.jpg', 'LYR-Sony-20241230_123120.jpg', 'LYR-Sony-20241230_123130.jpg', 'LYR-Sony-20241230_123140.jpg', 'LYR-Sony-20241230_123150.jpg', 'LYR-Sony-20241230_123200.jpg', 'LYR-Sony-20241230_123220.jpg', 'LYR-Sony-20241230_123230.jpg', 'LYR-Sony-20241230_123240.jpg', 'LYR-Sony-20241230_123250.jpg', 'LYR-Sony-20241230_123300.jpg', 'LYR-Sony-20241230_123310.jpg', 'LYR-Sony-20241230_123320.jpg', 'LYR-Sony-20241230_123330.jpg', 'LYR-Sony-20241230_123340.jpg', 'LYR-Sony-20241230_123350.jpg', 'LYR-Sony-20241230_123400.jpg', 'LYR-Sony-20241230_123410.jpg', 'LYR-Sony-20241230_123430.jpg', 'LYR-Sony-20241230_123440.jpg', 'LYR-Sony-20241230_123500.jpg', 'LYR-Sony-20241230_123510.jpg', 'LYR-Sony-20241230_123520.jpg', 'LYR-Sony-20241230_123530.jpg', 'LYR-Sony-20241230_123540.jpg', 'LYR-Sony-20241230_123600.jpg', 'LYR-Sony-20241230_123610.jpg', 'LYR-Sony-20241230_123620.jpg', 'LYR-Sony-20241230_123630.jpg', 'LYR-Sony-20241230_123640.jpg', 'LYR-Sony-20241230_123650.jpg', 'LYR-Sony-20241230_123700.jpg', 'LYR-Sony-20241230_123710.jpg', 'LYR-Sony-20241230_123720.jpg', 'LYR-Sony-20241230_123740.jpg', 'LYR-Sony-20241230_123750.jpg', 'LYR-Sony-20241230_123800.jpg', 'LYR-Sony-20241230_123810.jpg', 'LYR-Sony-20241230_123820.jpg', 'LYR-Sony-20241230_123830.jpg', 'LYR-Sony-20241230_123850.jpg', 'LYR-Sony-20241230_123900.jpg', 'LYR-Sony-20241230_123910.jpg', 'LYR-Sony-20241230_123920.jpg', 'LYR-Sony-20241230_123940.jpg', 'LYR-Sony-20241230_123950.jpg', 'LYR-Sony-20241230_124010.jpg', 'LYR-Sony-20241230_124020.jpg', 'LYR-Sony-20241230_124030.jpg', 'LYR-Sony-20241230_124040.jpg', 'LYR-Sony-20241230_124050.jpg', 'LYR-Sony-20241230_124100.jpg', 'LYR-Sony-20241230_124110.jpg', 'LYR-Sony-20241230_124120.jpg', 'LYR-Sony-20241230_124130.jpg', 'LYR-Sony-20241230_124140.jpg', 'LYR-Sony-20241230_124150.jpg', 'LYR-Sony-20241230_124200.jpg', 'LYR-Sony-20241230_124210.jpg', 'LYR-Sony-20241230_124220.jpg', 'LYR-Sony-20241230_124230.jpg', 'LYR-Sony-20241230_124240.jpg', 'LYR-Sony-20241230_124250.jpg', 'LYR-Sony-20241230_124300.jpg', 'LYR-Sony-20241230_124310.jpg', 'LYR-Sony-20241230_124320.jpg', 'LYR-Sony-20241230_124330.jpg', 'LYR-Sony-20241230_124340.jpg', 'LYR-Sony-20241230_124350.jpg', 'LYR-Sony-20241230_124400.jpg', 'LYR-Sony-20241230_124410.jpg', 'LYR-Sony-20241230_124420.jpg', 'LYR-Sony-20241230_124440.jpg', 'LYR-Sony-20241230_124450.jpg', 'LYR-Sony-20241230_124500.jpg', 'LYR-Sony-20241230_124510.jpg', 'LYR-Sony-20241230_124530.jpg', 'LYR-Sony-20241230_124540.jpg', 'LYR-Sony-20241230_124550.jpg', 'LYR-Sony-20241230_124600.jpg', 'LYR-Sony-20241230_124610.jpg', 'LYR-Sony-20241230_124620.jpg', 'LYR-Sony-20241230_124630.jpg', 'LYR-Sony-20241230_124640.jpg', 'LYR-Sony-20241230_124650.jpg', 'LYR-Sony-20241230_124700.jpg', 'LYR-Sony-20241230_124710.jpg', 'LYR-Sony-20241230_124720.jpg', 'LYR-Sony-20241230_124730.jpg', 'LYR-Sony-20241230_124740.jpg', 'LYR-Sony-20241230_124800.jpg', 'LYR-Sony-20241230_124810.jpg', 'LYR-Sony-20241230_124820.jpg', 'LYR-Sony-20241230_124840.jpg', 'LYR-Sony-20241230_124850.jpg']"
2024-12-31,13:06,13:17,?,,Skibotn-like white fat arc,Noora,?,True,True,108,\\birkeland.unis.no\KHO\MISS-2\2024\12\31,\\birkeland.unis.no\KHO\Sony\2024\12\31,45,63,"MISS2-20241231-130600.png, MISS2-20241231-130615.png, MISS2-20241231-130630.png ... (108 total)",range: 13:06:00 - 13:17:00,"['MISS2-20241231-130600.png', 'MISS2-20241231-130615.png', 'MISS2-20241231-130630.png', 'MISS2-20241231-130645.png', 'MISS2-20241231-130700.png', 'MISS2-20241231-130715.png', 'MISS2-20241231-130730.png', 'MISS2-20241231-130745.png', 'MISS2-20241231-130800.png', 'MISS2-20241231-130815.png', 'MISS2-20241231-130830.png', 'MISS2-20241231-130845.png', 'MISS2-20241231-130900.png', 'MISS2-20241231-130915.png', 'MISS2-20241231-130930.png', 'MISS2-20241231-130945.png', 'MISS2-20241231-131000.png', 'MISS2-20241231-131015.png', 'MISS2-20241231-131030.png', 'MISS2-20241231-131045.png', 'MISS2-20241231-131100.png', 'MISS2-20241231-131115.png', 'MISS2-20241231-131130.png', 'MISS2-20241231-131145.png', 'MISS2-20241231-131200.png', 'MISS2-20241231-131215.png', 'MISS2-20241231-131230.png', 'MISS2-20241231-131245.png', 'MISS2-20241231-131300.png', 'MISS2-20241231-131315.png', 'MISS2-20241231-131330.png', 'MISS2-20241231-131345.png', 'MISS2-20241231-131400.png', 'MISS2-20241231-131415.png', 'MISS2-20241231-131430.png', 'MISS2-20241231-131445.png', 'MISS2-20241231-131500.png', 'MISS2-20241231-131515.png', 'MISS2-20241231-131530.png', 'MISS2-20241231-131545.png', 'MISS2-20241231-131600.png', 'MISS2-20241231-131615.png', 'MISS2-20241231-131630.png', 'MISS2-20241231-131645.png', 'MISS2-20241231-131700.png']","['LYR-Sony-20241231_130600.jpg', 'LYR-Sony-20241231_130610.jpg', 'LYR-Sony-20241231_130620.jpg', 'LYR-Sony-20241231_130630.jpg', 'LYR-Sony-20241231_130640.jpg', 'LYR-Sony-20241231_130650.jpg', 'LYR-Sony-20241231_130700.jpg', 'LYR-Sony-20241231_130710.jpg', 'LYR-Sony-20241231_130720.jpg', 'LYR-Sony-20241231_130730.jpg', 'LYR-Sony-20241231_130740.jpg', 'LYR-Sony-20241231_130800.jpg', 'LYR-Sony-20241231_130810.jpg', 'LYR-Sony-20241231_130820.jpg', 'LYR-Sony-20241231_130830.jpg', 'LYR-Sony-20241231_130840.jpg', 'LYR-Sony-20241231_130900.jpg', 'LYR-Sony-20241231_130910.jpg', 'LYR-Sony-20241231_130920.jpg', 'LYR-Sony-20241231_130930.jpg', 'LYR-Sony-20241231_130940.jpg', 'LYR-Sony-20241231_130950.jpg', 'LYR-Sony-20241231_131000.jpg', 'LYR-Sony-20241231_131010.jpg', 'LYR-Sony-20241231_131020.jpg', 'LYR-Sony-20241231_131030.jpg', 'LYR-Sony-20241231_131040.jpg', 'LYR-Sony-20241231_131050.jpg', 'LYR-Sony-20241231_131100.jpg', 'LYR-Sony-20241231_131110.jpg', 'LYR-Sony-20241231_131120.jpg', 'LYR-Sony-20241231_131130.jpg', 'LYR-Sony-20241231_131140.jpg', 'LYR-Sony-20241231_131150.jpg', 'LYR-Sony-20241231_131200.jpg', 'LYR-Sony-20241231_131220.jpg', 'LYR-Sony-20241231_131230.jpg', 'LYR-Sony-20241231_131240.jpg', 'LYR-Sony-20241231_131250.jpg', 'LYR-Sony-20241231_131300.jpg', 'LYR-Sony-20241231_131320.jpg', 'LYR-Sony-20241231_131330.jpg', 'LYR-Sony-20241231_131340.jpg', 'LYR-Sony-20241231_131350.jpg', 'LYR-Sony-20241231_131400.jpg', 'LYR-Sony-20241231_131410.jpg', 'LYR-Sony-20241231_131420.jpg', 'LYR-Sony-20241231_131430.jpg', 'LYR-Sony-20241231_131440.jpg', 'LYR-Sony-20241231_131450.jpg', 'LYR-Sony-20241231_131500.jpg', 'LYR-Sony-20241231_131510.jpg', 'LYR-Sony-20241231_131520.jpg', 'LYR-Sony-20241231_131530.jpg', 'LYR-Sony-20241231_131540.jpg', 'LYR-Sony-20241231_131550.jpg', 'LYR-Sony-20241231_131600.jpg', 'LYR-Sony-20241231_131610.jpg', 'LYR-Sony-20241231_131620.jpg', 'LYR-Sony-20241231_131630.jpg', 'LYR-Sony-20241231_131640.jpg', 'LYR-Sony-20241231_131650.jpg', 'LYR-Sony-20241231_131700.jpg']"
2025-01-01,07:07,08:40,?,,mostly off-meridian structures,Noora,both,True,True,873,\\birkeland.unis.no\KHO\MISS-2\2025\01\01,\\birkeland.unis.no\KHO\Sony\2025\01\01,373,500,"MISS2-20250101-070700.png, MISS2-20250101-070715.png, MISS2-20250101-070730.png ... (873 total)",range: 07:07:00 - 08:40:00,"['MISS2-20250101-070700.png', 'MISS2-20250101-070715.png', 'MISS2-20250101-070730.png', 'MISS2-20250101-070745.png', 'MISS2-20250101-070800.png', 'MISS2-20250101-070815.png', 'MISS2-20250101-070830.png', 'MISS2-20250101-070845.png', 'MISS2-20250101-070900.png', 'MISS2-20250101-070915.png', 'MISS2-20250101-070930.png', 'MISS2-20250101-070945.png', 'MISS2-20250101-071000.png', 'MISS2-20250101-071015.png', 'MISS2-20250101-071030.png', 'MISS2-20250101-071045.png', 'MISS2-20250101-071100.png', 'MISS2-20250101-071115.png', 'MISS2-20250101-071130.png', 'MISS2-20250101-071145.png', 'MISS2-20250101-071200.png', 'MISS2-20250101-071215.png', 'MISS2-20250101-071230.png', 'MISS2-20250101-071245.png', 'MISS2-20250101-071300.png', 'MISS2-20250101-071315.png', 'MISS2-20250101-071330.png', 'MISS2-20250101-071345.png', 'MISS2-20250101-071400.png', 'MISS2-20250101-071415.png', 'MISS2-20250101-071430.png', 'MISS2-20250101-071445.png', 'MISS2-20250101-071500.png', 'MISS2-20250101-071515.png', 'MISS2-20250101-071530.png', 'MISS2-20250101-071545.png', 'MISS2-20250101-071600.png', 'MISS2-20250101-071615.png', 'MISS2-20250101-071630.png', 'MISS2-20250101-071645.png', 'MISS2-20250101-071700.png', 'MISS2-20250101-071715.png', 'MISS2-20250101-071730.png', 'MISS2-20250101-071745.png', 'MISS2-20250101-071800.png', 'MISS2-20250101-071815.png', 'MISS2-20250101-071830.png', 'MISS2-20250101-071845.png', 'MISS2-20250101-071900.png', 'MISS2-20250101-071915.png', 'MISS2-20250101-071930.png', 'MISS2-20250101-071945.png', 'MISS2-20250101-072000.png', 'MISS2-20250101-072015.png', 'MISS2-20250101-072030.png', 'MISS2-20250101-072045.png', 'MISS2-20250101-072100.png', 'MISS2-20250101-072115.png', 'MISS2-20250101-072130.png', 'MISS2-20250101-072145.png', 'MISS2-20250101-072200.png', 'MISS2-20250101-072215.png', 'MISS2-20250101-072230.png', 'MISS2-20250101-072245.png', 'MISS2-20250101-072300.png', 'MISS2-20250101-072315.png', 'MISS2-20250101-072330.png', 'MISS2-20250101-072345.png', 'MISS2-20250101-072400.png', 'MISS2-20250101-072415.png', 'MISS2-20250101-072430.png', 'MISS2-20250101-072445.png', 'MISS2-20250101-072500.png', 'MISS2-20250101-072515.png', 'MISS2-20250101-072530.png', 'MISS2-20250101-072545.png', 'MISS2-20250101-072600.png', 'MISS2-20250101-072615.png', 'MISS2-20250101-072630.png', 'MISS2-20250101-072645.png', 'MISS2-20250101-072700.png', 'MISS2-20250101-072715.png', 'MISS2-20250101-072730.png', 'MISS2-20250101-072745.png', 'MISS2-20250101-072800.png', 'MISS2-20250101-072815.png', 'MISS2-20250101-072830.png', 'MISS2-20250101-072845.png', 'MISS2-20250101-072900.png', 'MISS2-20250101-072915.png', 'MISS2-20250101-072930.png', 'MISS2-20250101-072945.png', 'MISS2-20250101-073000.png', 'MISS2-20250101-073015.png', 'MISS2-20250101-073030.png', 'MISS2-20250101-073045.png', 'MISS2-20250101-073100.png', 'MISS2-20250101-073115.png', 'MISS2-20250101-073130.png', 'MISS2-20250101-073145.png', 'MISS2-20250101-073200.png', 'MISS2-20250101-073215.png', 'MISS2-20250101-073230.png', 'MISS2-20250101-073245.png', 'MISS2-20250101-073300.png', 'MISS2-20250101-073315.png', 'MISS2-20250101-073330.png', 'MISS2-20250101-073345.png', 'MISS2-20250101-073400.png', 'MISS2-20250101-073415.png', 'MISS2-20250101-073430.png', 'MISS2-20250101-073445.png', 'MISS2-20250101-073500.png', 'MISS2-20250101-073515.png', 'MISS2-20250101-073530.png', 'MISS2-20250101-073545.png', 'MISS2-20250101-073600.png', 'MISS2-20250101-073615.png', 'MISS2-20250101-073630.png', 'MISS2-20250101-073645.png', 'MISS2-20250101-073700.png', 'MISS2-20250101-073715.png', 'MISS2-20250101-073730.png', 'MISS2-20250101-073745.png', 'MISS2-20250101-073800.png', 'MISS2-20250101-073815.png', 'MISS2-20250101-073830.png', 'MISS2-20250101-073845.png', 'MISS2-20250101-073900.png', 'MISS2-20250101-073915.png', 'MISS2-20250101-073930.png', 'MISS2-20250101-073945.png', 'MISS2-20250101-074000.png', 'MISS2-20250101-074015.png', 'MISS2-20250101-074030.png', 'MISS2-20250101-074045.png', 'MISS2-20250101-074100.png', 'MISS2-20250101-074115.png', 'MISS2-20250101-074130.png', 'MISS2-20250101-074145.png', 'MISS2-20250101-074200.png', 'MISS2-20250101-074215.png', 'MISS2-20250101-074230.png', 'MISS2-20250101-074245.png', 'MISS2-20250101-074300.png', 'MISS2-20250101-074315.png', 'MISS2-20250101-074330.png', 'MISS2-20250101-074345.png', 'MISS2-20250101-074400.png', 'MISS2-20250101-074415.png', 'MISS2-20250101-074430.png', 'MISS2-20250101-074445.png', 'MISS2-20250101-074500.png', 'MISS2-20250101-074515.png', 'MISS2-20250101-074530.png', 'MISS2-20250101-074545.png', 'MISS2-20250101-074600.png', 'MISS2-20250101-074615.png', 'MISS2-20250101-074630.png', 'MISS2-20250101-074645.png', 'MISS2-20250101-074700.png', 'MISS2-20250101-074715.png', 'MISS2-20250101-074730.png', 'MISS2-20250101-074745.png', 'MISS2-20250101-074800.png', 'MISS2-20250101-074815.png', 'MISS2-20250101-074830.png', 'MISS2-20250101-074845.png', 'MISS2-20250101-074900.png', 'MISS2-20250101-074915.png', 'MISS2-20250101-074930.png', 'MISS2-20250101-074945.png', 'MISS2-20250101-075000.png', 'MISS2-20250101-075015.png', 'MISS2-20250101-075030.png', 'MISS2-20250101-075045.png', 'MISS2-20250101-075100.png', 'MISS2-20250101-075115.png', 'MISS2-20250101-075130.png', 'MISS2-20250101-075145.png', 'MISS2-20250101-075200.png', 'MISS2-20250101-075215.png', 'MISS2-20250101-075230.png', 'MISS2-20250101-075245.png', 'MISS2-20250101-075300.png', 'MISS2-20250101-075315.png', 'MISS2-20250101-075330.png', 'MISS2-20250101-075345.png', 'MISS2-20250101-075400.png', 'MISS2-20250101-075415.png', 'MISS2-20250101-075430.png', 'MISS2-20250101-075445.png', 'MISS2-20250101-075500.png', 'MISS2-20250101-075515.png', 'MISS2-20250101-075530.png', 'MISS2-20250101-075545.png', 'MISS2-20250101-075600.png', 'MISS2-20250101-075615.png', 'MISS2-20250101-075630.png', 'MISS2-20250101-075645.png', 'MISS2-20250101-075700.png', 'MISS2-20250101-075715.png', 'MISS2-20250101-075730.png', 'MISS2-20250101-075745.png', 'MISS2-20250101-075800.png', 'MISS2-20250101-075815.png', 'MISS2-20250101-075830.png', 'MISS2-20250101-075845.png', 'MISS2-20250101-075900.png', 'MISS2-20250101-075915.png', 'MISS2-20250101-075930.png', 'MISS2-20250101-075945.png', 'MISS2-20250101-080000.png', 'MISS2-20250101-080015.png', 'MISS2-20250101-080030.png', 'MISS2-20250101-080045.png', 'MISS2-20250101-080100.png', 'MISS2-20250101-080115.png', 'MISS2-20250101-080130.png', 'MISS2-20250101-080145.png', 'MISS2-20250101-080200.png', 'MISS2-20250101-080215.png', 'MISS2-20250101-080230.png', 'MISS2-20250101-080245.png', 'MISS2-20250101-080300.png', 'MISS2-20250101-080315.png', 'MISS2-20250101-080330.png', 'MISS2-20250101-080345.png', 'MISS2-20250101-080400.png', 'MISS2-20250101-080415.png', 'MISS2-20250101-080430.png', 'MISS2-20250101-080445.png', 'MISS2-20250101-080500.png', 'MISS2-20250101-080515.png', 'MISS2-20250101-080530.png', 'MISS2-20250101-080545.png', 'MISS2-20250101-080600.png', 'MISS2-20250101-080615.png', 'MISS2-20250101-080630.png', 'MISS2-20250101-080645.png', 'MISS2-20250101-080700.png', 'MISS2-20250101-080715.png', 'MISS2-20250101-080730.png', 'MISS2-20250101-080745.png', 'MISS2-20250101-080800.png', 'MISS2-20250101-080815.png', 'MISS2-20250101-080830.png', 'MISS2-20250101-080845.png', 'MISS2-20250101-080900.png', 'MISS2-20250101-080915.png', 'MISS2-20250101-080930.png', 'MISS2-20250101-080945.png', 'MISS2-20250101-081000.png', 'MISS2-20250101-081015.png', 'MISS2-20250101-081030.png', 'MISS2-20250101-081045.png', 'MISS2-20250101-081100.png', 'MISS2-20250101-081115.png', 'MISS2-20250101-081130.png', 'MISS2-20250101-081145.png', 'MISS2-20250101-081200.png', 'MISS2-20250101-081215.png', 'MISS2-20250101-081230.png', 'MISS2-20250101-081245.png', 'MISS2-20250101-081300.png', 'MISS2-20250101-081315.png', 'MISS2-20250101-081330.png', 'MISS2-20250101-081345.png', 'MISS2-20250101-081400.png', 'MISS2-20250101-081415.png', 'MISS2-20250101-081430.png', 'MISS2-20250101-081445.png', 'MISS2-20250101-081500.png', 'MISS2-20250101-081515.png', 'MISS2-20250101-081530.png', 'MISS2-20250101-081545.png', 'MISS2-20250101-081600.png', 'MISS2-20250101-081615.png', 'MISS2-20250101-081630.png', 'MISS2-20250101-081645.png', 'MISS2-20250101-081700.png', 'MISS2-20250101-081715.png', 'MISS2-20250101-081730.png', 'MISS2-20250101-081745.png', 'MISS2-20250101-081800.png', 'MISS2-20250101-081815.png', 'MISS2-20250101-081830.png', 'MISS2-20250101-081845.png', 'MISS2-20250101-081900.png', 'MISS2-20250101-081915.png', 'MISS2-20250101-081930.png', 'MISS2-20250101-081945.png', 'MISS2-20250101-082000.png', 'MISS2-20250101-082015.png', 'MISS2-20250101-082030.png', 'MISS2-20250101-082045.png', 'MISS2-20250101-082100.png', 'MISS2-20250101-082115.png', 'MISS2-20250101-082130.png', 'MISS2-20250101-082145.png', 'MISS2-20250101-082200.png', 'MISS2-20250101-082215.png', 'MISS2-20250101-082230.png', 'MISS2-20250101-082245.png', 'MISS2-20250101-082300.png', 'MISS2-20250101-082315.png', 'MISS2-20250101-082330.png', 'MISS2-20250101-082345.png', 'MISS2-20250101-082400.png', 'MISS2-20250101-082415.png', 'MISS2-20250101-082430.png', 'MISS2-20250101-082445.png', 'MISS2-20250101-082500.png', 'MISS2-20250101-082515.png', 'MISS2-20250101-082530.png', 'MISS2-20250101-082545.png', 'MISS2-20250101-082600.png', 'MISS2-20250101-082615.png', 'MISS2-20250101-082630.png', 'MISS2-20250101-082645.png', 'MISS2-20250101-082700.png', 'MISS2-20250101-082715.png', 'MISS2-20250101-082730.png', 'MISS2-20250101-082745.png', 'MISS2-20250101-082800.png', 'MISS2-20250101-082815.png', 'MISS2-20250101-082830.png', 'MISS2-20250101-082845.png', 'MISS2-20250101-082900.png', 'MISS2-20250101-082915.png', 'MISS2-20250101-082930.png', 'MISS2-20250101-082945.png', 'MISS2-20250101-083000.png', 'MISS2-20250101-083015.png', 'MISS2-20250101-083030.png', 'MISS2-20250101-083045.png', 'MISS2-20250101-083100.png', 'MISS2-20250101-083115.png', 'MISS2-20250101-083130.png', 'MISS2-20250101-083145.png', 'MISS2-20250101-083200.png', 'MISS2-20250101-083215.png', 'MISS2-20250101-083230.png', 'MISS2-20250101-083245.png', 'MISS2-20250101-083300.png', 'MISS2-20250101-083315.png', 'MISS2-20250101-083330.png', 'MISS2-20250101-083345.png', 'MISS2-20250101-083400.png', 'MISS2-20250101-083415.png', 'MISS2-20250101-083430.png', 'MISS2-20250101-083445.png', 'MISS2-20250101-083500.png', 'MISS2-20250101-083515.png', 'MISS2-20250101-083530.png', 'MISS2-20250101-083545.png', 'MISS2-20250101-083600.png', 'MISS2-20250101-083615.png', 'MISS2-20250101-083630.png', 'MISS2-20250101-083645.png', 'MISS2-20250101-083700.png', 'MISS2-20250101-083715.png', 'MISS2-20250101-083730.png', 'MISS2-20250101-083745.png', 'MISS2-20250101-083800.png', 'MISS2-20250101-083815.png', 'MISS2-20250101-083830.png', 'MISS2-20250101-083845.png', 'MISS2-20250101-083900.png', 'MISS2-20250101-083915.png', 'MISS2-20250101-083930.png', 'MISS2-20250101-083945.png', 'MISS2-20250101-084000.png']","['LYR-Sony-20250101_070700.jpg', 'LYR-Sony-20250101_070710.jpg', 'LYR-Sony-20250101_070720.jpg', 'LYR-Sony-20250101_070730.jpg', 'LYR-Sony-20250101_070740.jpg', 'LYR-Sony-20250101_070750.jpg', 'LYR-Sony-20250101_070800.jpg', 'LYR-Sony-20250101_070820.jpg', 'LYR-Sony-20250101_070830.jpg', 'LYR-Sony-20250101_070840.jpg', 'LYR-Sony-20250101_070850.jpg', 'LYR-Sony-20250101_070910.jpg', 'LYR-Sony-20250101_070930.jpg', 'LYR-Sony-20250101_070940.jpg', 'LYR-Sony-20250101_070950.jpg', 'LYR-Sony-20250101_071000.jpg', 'LYR-Sony-20250101_071010.jpg', 'LYR-Sony-20250101_071020.jpg', 'LYR-Sony-20250101_071030.jpg', 'LYR-Sony-20250101_071040.jpg', 'LYR-Sony-20250101_071050.jpg', 'LYR-Sony-20250101_071100.jpg', 'LYR-Sony-20250101_071110.jpg', 'LYR-Sony-20250101_071120.jpg', 'LYR-Sony-20250101_071130.jpg', 'LYR-Sony-20250101_071140.jpg', 'LYR-Sony-20250101_071150.jpg', 'LYR-Sony-20250101_071200.jpg', 'LYR-Sony-20250101_071210.jpg', 'LYR-Sony-20250101_071230.jpg', 'LYR-Sony-20250101_071250.jpg', 'LYR-Sony-20250101_071300.jpg', 'LYR-Sony-20250101_071310.jpg', 'LYR-Sony-20250101_071320.jpg', 'LYR-Sony-20250101_071330.jpg', 'LYR-Sony-20250101_071340.jpg', 'LYR-Sony-20250101_071400.jpg', 'LYR-Sony-20250101_071410.jpg', 'LYR-Sony-20250101_071420.jpg', 'LYR-Sony-20250101_071430.jpg', 'LYR-Sony-20250101_071440.jpg', 'LYR-Sony-20250101_071450.jpg', 'LYR-Sony-20250101_071500.jpg', 'LYR-Sony-20250101_071520.jpg', 'LYR-Sony-20250101_071530.jpg', 'LYR-Sony-20250101_071540.jpg', 'LYR-Sony-20250101_071600.jpg', 'LYR-Sony-20250101_071620.jpg', 'LYR-Sony-20250101_071630.jpg', 'LYR-Sony-20250101_071640.jpg', 'LYR-Sony-20250101_071650.jpg', 'LYR-Sony-20250101_071700.jpg', 'LYR-Sony-20250101_071710.jpg', 'LYR-Sony-20250101_071720.jpg', 'LYR-Sony-20250101_071730.jpg', 'LYR-Sony-20250101_071740.jpg', 'LYR-Sony-20250101_071750.jpg', 'LYR-Sony-20250101_071810.jpg', 'LYR-Sony-20250101_071820.jpg', 'LYR-Sony-20250101_071830.jpg', 'LYR-Sony-20250101_071840.jpg', 'LYR-Sony-20250101_071850.jpg', 'LYR-Sony-20250101_071900.jpg', 'LYR-Sony-20250101_071910.jpg', 'LYR-Sony-20250101_071930.jpg', 'LYR-Sony-20250101_071940.jpg', 'LYR-Sony-20250101_071950.jpg', 'LYR-Sony-20250101_072000.jpg', 'LYR-Sony-20250101_072010.jpg', 'LYR-Sony-20250101_072020.jpg', 'LYR-Sony-20250101_072030.jpg', 'LYR-Sony-20250101_072040.jpg', 'LYR-Sony-20250101_072050.jpg', 'LYR-Sony-20250101_072100.jpg', 'LYR-Sony-20250101_072110.jpg', 'LYR-Sony-20250101_072120.jpg', 'LYR-Sony-20250101_072140.jpg', 'LYR-Sony-20250101_072150.jpg', 'LYR-Sony-20250101_072200.jpg', 'LYR-Sony-20250101_072210.jpg', 'LYR-Sony-20250101_072220.jpg', 'LYR-Sony-20250101_072230.jpg', 'LYR-Sony-20250101_072240.jpg', 'LYR-Sony-20250101_072250.jpg', 'LYR-Sony-20250101_072300.jpg', 'LYR-Sony-20250101_072310.jpg', 'LYR-Sony-20250101_072320.jpg', 'LYR-Sony-20250101_072330.jpg', 'LYR-Sony-20250101_072340.jpg', 'LYR-Sony-20250101_072350.jpg', 'LYR-Sony-20250101_072400.jpg', 'LYR-Sony-20250101_072410.jpg', 'LYR-Sony-20250101_072430.jpg', 'LYR-Sony-20250101_072440.jpg', 'LYR-Sony-20250101_072500.jpg', 'LYR-Sony-20250101_072510.jpg', 'LYR-Sony-20250101_072520.jpg', 'LYR-Sony-20250101_072530.jpg', 'LYR-Sony-20250101_072540.jpg', 'LYR-Sony-20250101_072550.jpg', 'LYR-Sony-20250101_072600.jpg', 'LYR-Sony-20250101_072610.jpg', 'LYR-Sony-20250101_072620.jpg', 'LYR-Sony-20250101_072630.jpg', 'LYR-Sony-20250101_072640.jpg', 'LYR-Sony-20250101_072650.jpg', 'LYR-Sony-20250101_072700.jpg', 'LYR-Sony-20250101_072710.jpg', 'LYR-Sony-20250101_072720.jpg', 'LYR-Sony-20250101_072730.jpg', 'LYR-Sony-20250101_072740.jpg', 'LYR-Sony-20250101_072750.jpg', 'LYR-Sony-20250101_072800.jpg', 'LYR-Sony-20250101_072810.jpg', 'LYR-Sony-20250101_072820.jpg', 'LYR-Sony-20250101_072830.jpg', 'LYR-Sony-20250101_072840.jpg', 'LYR-Sony-20250101_072850.jpg', 'LYR-Sony-20250101_072910.jpg', 'LYR-Sony-20250101_072920.jpg', 'LYR-Sony-20250101_072930.jpg', 'LYR-Sony-20250101_072940.jpg', 'LYR-Sony-20250101_072950.jpg', 'LYR-Sony-20250101_073000.jpg', 'LYR-Sony-20250101_073010.jpg', 'LYR-Sony-20250101_073020.jpg', 'LYR-Sony-20250101_073030.jpg', 'LYR-Sony-20250101_073040.jpg', 'LYR-Sony-20250101_073100.jpg', 'LYR-Sony-20250101_073110.jpg', 'LYR-Sony-20250101_073120.jpg', 'LYR-Sony-20250101_073130.jpg', 'LYR-Sony-20250101_073140.jpg', 'LYR-Sony-20250101_073150.jpg', 'LYR-Sony-20250101_073200.jpg', 'LYR-Sony-20250101_073210.jpg', 'LYR-Sony-20250101_073220.jpg', 'LYR-Sony-20250101_073230.jpg', 'LYR-Sony-20250101_073240.jpg', 'LYR-Sony-20250101_073250.jpg', 'LYR-Sony-20250101_073300.jpg', 'LYR-Sony-20250101_073310.jpg', 'LYR-Sony-20250101_073320.jpg', 'LYR-Sony-20250101_073330.jpg', 'LYR-Sony-20250101_073340.jpg', 'LYR-Sony-20250101_073400.jpg', 'LYR-Sony-20250101_073410.jpg', 'LYR-Sony-20250101_073420.jpg', 'LYR-Sony-20250101_073440.jpg', 'LYR-Sony-20250101_073450.jpg', 'LYR-Sony-20250101_073500.jpg', 'LYR-Sony-20250101_073510.jpg', 'LYR-Sony-20250101_073520.jpg', 'LYR-Sony-20250101_073530.jpg', 'LYR-Sony-20250101_073540.jpg', 'LYR-Sony-20250101_073550.jpg', 'LYR-Sony-20250101_073600.jpg', 'LYR-Sony-20250101_073620.jpg', 'LYR-Sony-20250101_073630.jpg', 'LYR-Sony-20250101_073640.jpg', 'LYR-Sony-20250101_073650.jpg', 'LYR-Sony-20250101_073700.jpg', 'LYR-Sony-20250101_073710.jpg', 'LYR-Sony-20250101_073720.jpg', 'LYR-Sony-20250101_073730.jpg', 'LYR-Sony-20250101_073740.jpg', 'LYR-Sony-20250101_073750.jpg', 'LYR-Sony-20250101_073800.jpg', 'LYR-Sony-20250101_073810.jpg', 'LYR-Sony-20250101_073820.jpg', 'LYR-Sony-20250101_073830.jpg', 'LYR-Sony-20250101_073850.jpg', 'LYR-Sony-20250101_073910.jpg', 'LYR-Sony-20250101_073920.jpg', 'LYR-Sony-20250101_073940.jpg', 'LYR-Sony-20250101_073950.jpg', 'LYR-Sony-20250101_074000.jpg', 'LYR-Sony-20250101_074010.jpg', 'LYR-Sony-20250101_074020.jpg', 'LYR-Sony-20250101_074030.jpg', 'LYR-Sony-20250101_074040.jpg', 'LYR-Sony-20250101_074050.jpg', 'LYR-Sony-20250101_074100.jpg', 'LYR-Sony-20250101_074110.jpg', 'LYR-Sony-20250101_074120.jpg', 'LYR-Sony-20250101_074140.jpg', 'LYR-Sony-20250101_074150.jpg', 'LYR-Sony-20250101_074200.jpg', 'LYR-Sony-20250101_074210.jpg', 'LYR-Sony-20250101_074220.jpg', 'LYR-Sony-20250101_074230.jpg', 'LYR-Sony-20250101_074240.jpg', 'LYR-Sony-20250101_074300.jpg', 'LYR-Sony-20250101_074310.jpg', 'LYR-Sony-20250101_074320.jpg', 'LYR-Sony-20250101_074330.jpg', 'LYR-Sony-20250101_074340.jpg', 'LYR-Sony-20250101_074350.jpg', 'LYR-Sony-20250101_074400.jpg', 'LYR-Sony-20250101_074410.jpg', 'LYR-Sony-20250101_074420.jpg', 'LYR-Sony-20250101_074430.jpg', 'LYR-Sony-20250101_074450.jpg', 'LYR-Sony-20250101_074500.jpg', 'LYR-Sony-20250101_074510.jpg', 'LYR-Sony-20250101_074530.jpg', 'LYR-Sony-20250101_074540.jpg', 'LYR-Sony-20250101_074550.jpg', 'LYR-Sony-20250101_074600.jpg', 'LYR-Sony-20250101_074610.jpg', 'LYR-Sony-20250101_074620.jpg', 'LYR-Sony-20250101_074630.jpg', 'LYR-Sony-20250101_074640.jpg', 'LYR-Sony-20250101_074650.jpg', 'LYR-Sony-20250101_074700.jpg', 'LYR-Sony-20250101_074710.jpg', 'LYR-Sony-20250101_074720.jpg', 'LYR-Sony-20250101_074730.jpg', 'LYR-Sony-20250101_074740.jpg', 'LYR-Sony-20250101_074750.jpg', 'LYR-Sony-20250101_074810.jpg', 'LYR-Sony-20250101_074820.jpg', 'LYR-Sony-20250101_074830.jpg', 'LYR-Sony-20250101_074840.jpg', 'LYR-Sony-20250101_074850.jpg', 'LYR-Sony-20250101_074900.jpg', 'LYR-Sony-20250101_074910.jpg', 'LYR-Sony-20250101_074920.jpg', 'LYR-Sony-20250101_074940.jpg', 'LYR-Sony-20250101_074950.jpg', 'LYR-Sony-20250101_075000.jpg', 'LYR-Sony-20250101_075010.jpg', 'LYR-Sony-20250101_075020.jpg', 'LYR-Sony-20250101_075030.jpg', 'LYR-Sony-20250101_075040.jpg', 'LYR-Sony-20250101_075050.jpg', 'LYR-Sony-20250101_075100.jpg', 'LYR-Sony-20250101_075110.jpg', 'LYR-Sony-20250101_075120.jpg', 'LYR-Sony-20250101_075130.jpg', 'LYR-Sony-20250101_075140.jpg', 'LYR-Sony-20250101_075150.jpg', 'LYR-Sony-20250101_075200.jpg', 'LYR-Sony-20250101_075210.jpg', 'LYR-Sony-20250101_075220.jpg', 'LYR-Sony-20250101_075230.jpg', 'LYR-Sony-20250101_075250.jpg', 'LYR-Sony-20250101_075300.jpg', 'LYR-Sony-20250101_075310.jpg', 'LYR-Sony-20250101_075320.jpg', 'LYR-Sony-20250101_075330.jpg', 'LYR-Sony-20250101_075340.jpg', 'LYR-Sony-20250101_075350.jpg', 'LYR-Sony-20250101_075400.jpg', 'LYR-Sony-20250101_075420.jpg', 'LYR-Sony-20250101_075430.jpg', 'LYR-Sony-20250101_075440.jpg', 'LYR-Sony-20250101_075450.jpg', 'LYR-Sony-20250101_075510.jpg', 'LYR-Sony-20250101_075520.jpg', 'LYR-Sony-20250101_075530.jpg', 'LYR-Sony-20250101_075550.jpg', 'LYR-Sony-20250101_075610.jpg', 'LYR-Sony-20250101_075620.jpg', 'LYR-Sony-20250101_075630.jpg', 'LYR-Sony-20250101_075640.jpg', 'LYR-Sony-20250101_075650.jpg', 'LYR-Sony-20250101_075700.jpg', 'LYR-Sony-20250101_075710.jpg', 'LYR-Sony-20250101_075720.jpg', 'LYR-Sony-20250101_075730.jpg', 'LYR-Sony-20250101_075740.jpg', 'LYR-Sony-20250101_075750.jpg', 'LYR-Sony-20250101_075800.jpg', 'LYR-Sony-20250101_075810.jpg', 'LYR-Sony-20250101_075820.jpg', 'LYR-Sony-20250101_075830.jpg', 'LYR-Sony-20250101_075840.jpg', 'LYR-Sony-20250101_075850.jpg', 'LYR-Sony-20250101_075900.jpg', 'LYR-Sony-20250101_075910.jpg', 'LYR-Sony-20250101_075920.jpg', 'LYR-Sony-20250101_075930.jpg', 'LYR-Sony-20250101_075940.jpg', 'LYR-Sony-20250101_075950.jpg', 'LYR-Sony-20250101_080000.jpg', 'LYR-Sony-20250101_080010.jpg', 'LYR-Sony-20250101_080020.jpg', 'LYR-Sony-20250101_080030.jpg', 'LYR-Sony-20250101_080050.jpg', 'LYR-Sony-20250101_080100.jpg', 'LYR-Sony-20250101_080110.jpg', 'LYR-Sony-20250101_080120.jpg', 'LYR-Sony-20250101_080130.jpg', 'LYR-Sony-20250101_080140.jpg', 'LYR-Sony-20250101_080150.jpg', 'LYR-Sony-20250101_080200.jpg', 'LYR-Sony-20250101_080210.jpg', 'LYR-Sony-20250101_080220.jpg', 'LYR-Sony-20250101_080230.jpg', 'LYR-Sony-20250101_080240.jpg', 'LYR-Sony-20250101_080250.jpg', 'LYR-Sony-20250101_080300.jpg', 'LYR-Sony-20250101_080310.jpg', 'LYR-Sony-20250101_080320.jpg', 'LYR-Sony-20250101_080330.jpg', 'LYR-Sony-20250101_080340.jpg', 'LYR-Sony-20250101_080350.jpg', 'LYR-Sony-20250101_080400.jpg', 'LYR-Sony-20250101_080410.jpg', 'LYR-Sony-20250101_080420.jpg', 'LYR-Sony-20250101_080430.jpg', 'LYR-Sony-20250101_080440.jpg', 'LYR-Sony-20250101_080450.jpg', 'LYR-Sony-20250101_080500.jpg', 'LYR-Sony-20250101_080510.jpg', 'LYR-Sony-20250101_080520.jpg', 'LYR-Sony-20250101_080530.jpg', 'LYR-Sony-20250101_080540.jpg', 'LYR-Sony-20250101_080600.jpg', 'LYR-Sony-20250101_080610.jpg', 'LYR-Sony-20250101_080630.jpg', 'LYR-Sony-20250101_080640.jpg', 'LYR-Sony-20250101_080650.jpg', 'LYR-Sony-20250101_080710.jpg', 'LYR-Sony-20250101_080730.jpg', 'LYR-Sony-20250101_080740.jpg', 'LYR-Sony-20250101_080750.jpg', 'LYR-Sony-20250101_080810.jpg', 'LYR-Sony-20250101_080820.jpg', 'LYR-Sony-20250101_080840.jpg', 'LYR-Sony-20250101_080850.jpg', 'LYR-Sony-20250101_080900.jpg', 'LYR-Sony-20250101_080910.jpg', 'LYR-Sony-20250101_080920.jpg', 'LYR-Sony-20250101_080930.jpg', 'LYR-Sony-20250101_080940.jpg', 'LYR-Sony-20250101_081000.jpg', 'LYR-Sony-20250101_081010.jpg', 'LYR-Sony-20250101_081020.jpg', 'LYR-Sony-20250101_081030.jpg', 'LYR-Sony-20250101_081040.jpg', 'LYR-Sony-20250101_081050.jpg', 'LYR-Sony-20250101_081100.jpg', 'LYR-Sony-20250101_081110.jpg', 'LYR-Sony-20250101_081120.jpg', 'LYR-Sony-20250101_081130.jpg', 'LYR-Sony-20250101_081140.jpg', 'LYR-Sony-20250101_081150.jpg', 'LYR-Sony-20250101_081200.jpg', 'LYR-Sony-20250101_081210.jpg', 'LYR-Sony-20250101_081230.jpg', 'LYR-Sony-20250101_081240.jpg', 'LYR-Sony-20250101_081250.jpg', 'LYR-Sony-20250101_081300.jpg', 'LYR-Sony-20250101_081310.jpg', 'LYR-Sony-20250101_081320.jpg', 'LYR-Sony-20250101_081330.jpg', 'LYR-Sony-20250101_081340.jpg', 'LYR-Sony-20250101_081350.jpg', 'LYR-Sony-20250101_081400.jpg', 'LYR-Sony-20250101_081410.jpg', 'LYR-Sony-20250101_081420.jpg', 'LYR-Sony-20250101_081430.jpg', 'LYR-Sony-20250101_081440.jpg', 'LYR-Sony-20250101_081450.jpg', 'LYR-Sony-20250101_081500.jpg', 'LYR-Sony-20250101_081520.jpg', 'LYR-Sony-20250101_081530.jpg', 'LYR-Sony-20250101_081540.jpg', 'LYR-Sony-20250101_081550.jpg', 'LYR-Sony-20250101_081600.jpg', 'LYR-Sony-20250101_081610.jpg', 'LYR-Sony-20250101_081620.jpg', 'LYR-Sony-20250101_081630.jpg', 'LYR-Sony-20250101_081640.jpg', 'LYR-Sony-20250101_081650.jpg', 'LYR-Sony-20250101_081700.jpg', 'LYR-Sony-20250101_081710.jpg', 'LYR-Sony-20250101_081720.jpg', 'LYR-Sony-20250101_081730.jpg', 'LYR-Sony-20250101_081740.jpg', 'LYR-Sony-20250101_081750.jpg', 'LYR-Sony-20250101_081800.jpg', 'LYR-Sony-20250101_081810.jpg', 'LYR-Sony-20250101_081820.jpg', 'LYR-Sony-20250101_081830.jpg', 'LYR-Sony-20250101_081840.jpg', 'LYR-Sony-20250101_081850.jpg', 'LYR-Sony-20250101_081900.jpg', 'LYR-Sony-20250101_081910.jpg', 'LYR-Sony-20250101_081920.jpg', 'LYR-Sony-20250101_081930.jpg', 'LYR-Sony-20250101_081940.jpg', 'LYR-Sony-20250101_081950.jpg', 'LYR-Sony-20250101_082000.jpg', 'LYR-Sony-20250101_082010.jpg', 'LYR-Sony-20250101_082020.jpg', 'LYR-Sony-20250101_082030.jpg', 'LYR-Sony-20250101_082040.jpg', 'LYR-Sony-20250101_082050.jpg', 'LYR-Sony-20250101_082100.jpg', 'LYR-Sony-20250101_082110.jpg', 'LYR-Sony-20250101_082120.jpg', 'LYR-Sony-20250101_082130.jpg', 'LYR-Sony-20250101_082140.jpg', 'LYR-Sony-20250101_082150.jpg', 'LYR-Sony-20250101_082200.jpg', 'LYR-Sony-20250101_082210.jpg', 'LYR-Sony-20250101_082220.jpg', 'LYR-Sony-20250101_082230.jpg', 'LYR-Sony-20250101_082240.jpg', 'LYR-Sony-20250101_082250.jpg', 'LYR-Sony-20250101_082300.jpg', 'LYR-Sony-20250101_082310.jpg', 'LYR-Sony-20250101_082320.jpg', 'LYR-Sony-20250101_082330.jpg', 'LYR-Sony-20250101_082340.jpg', 'LYR-Sony-20250101_082400.jpg', 'LYR-Sony-20250101_082410.jpg', 'LYR-Sony-20250101_082420.jpg', 'LYR-Sony-20250101_082440.jpg', 'LYR-Sony-20250101_082450.jpg', 'LYR-Sony-20250101_082500.jpg', 'LYR-Sony-20250101_082510.jpg', 'LYR-Sony-20250101_082520.jpg', 'LYR-Sony-20250101_082530.jpg', 'LYR-Sony-20250101_082550.jpg', 'LYR-Sony-20250101_082610.jpg', 'LYR-Sony-20250101_082620.jpg', 'LYR-Sony-20250101_082640.jpg', 'LYR-Sony-20250101_082700.jpg', 'LYR-Sony-20250101_082710.jpg', 'LYR-Sony-20250101_082720.jpg', 'LYR-Sony-20250101_082730.jpg', 'LYR-Sony-20250101_082740.jpg', 'LYR-Sony-20250101_082750.jpg', 'LYR-Sony-20250101_082800.jpg', 'LYR-Sony-20250101_082810.jpg', 'LYR-Sony-20250101_082820.jpg', 'LYR-Sony-20250101_082830.jpg', 'LYR-Sony-20250101_082840.jpg', 'LYR-Sony-20250101_082900.jpg', 'LYR-Sony-20250101_082910.jpg', 'LYR-Sony-20250101_082920.jpg', 'LYR-Sony-20250101_082930.jpg', 'LYR-Sony-20250101_082940.jpg', 'LYR-Sony-20250101_082950.jpg', 'LYR-Sony-20250101_083000.jpg', 'LYR-Sony-20250101_083020.jpg', 'LYR-Sony-20250101_083030.jpg', 'LYR-Sony-20250101_083040.jpg', 'LYR-Sony-20250101_083100.jpg', 'LYR-Sony-20250101_083110.jpg', 'LYR-Sony-20250101_083130.jpg', 'LYR-Sony-20250101_083140.jpg', 'LYR-Sony-20250101_083150.jpg', 'LYR-Sony-20250101_083210.jpg', 'LYR-Sony-20250101_083220.jpg', 'LYR-Sony-20250101_083230.jpg', 'LYR-Sony-20250101_083240.jpg', 'LYR-Sony-20250101_083300.jpg', 'LYR-Sony-20250101_083310.jpg', 'LYR-Sony-20250101_083330.jpg', 'LYR-Sony-20250101_083350.jpg', 'LYR-Sony-20250101_083400.jpg', 'LYR-Sony-20250101_083420.jpg', 'LYR-Sony-20250101_083430.jpg', 'LYR-Sony-20250101_083440.jpg', 'LYR-Sony-20250101_083450.jpg', 'LYR-Sony-20250101_083510.jpg', 'LYR-Sony-20250101_083520.jpg', 'LYR-Sony-20250101_083530.jpg', 'LYR-Sony-20250101_083540.jpg', 'LYR-Sony-20250101_083550.jpg', 'LYR-Sony-20250101_083600.jpg', 'LYR-Sony-20250101_083610.jpg', 'LYR-Sony-20250101_083620.jpg', 'LYR-Sony-20250101_083630.jpg', 'LYR-Sony-20250101_083640.jpg', 'LYR-Sony-20250101_083650.jpg', 'LYR-Sony-20250101_083700.jpg', 'LYR-Sony-20250101_083710.jpg', 'LYR-Sony-20250101_083720.jpg', 'LYR-Sony-20250101_083730.jpg', 'LYR-Sony-20250101_083740.jpg', 'LYR-Sony-20250101_083750.jpg', 'LYR-Sony-20250101_083800.jpg', 'LYR-Sony-20250101_083810.jpg', 'LYR-Sony-20250101_083820.jpg', 'LYR-Sony-20250101_083830.jpg', 'LYR-Sony-20250101_083840.jpg', 'LYR-Sony-20250101_083850.jpg', 'LYR-Sony-20250101_083900.jpg', 'LYR-Sony-20250101_083910.jpg', 'LYR-Sony-20250101_083920.jpg', 'LYR-Sony-20250101_083930.jpg', 'LYR-Sony-20250101_083940.jpg', 'LYR-Sony-20250101_083950.jpg', 'LYR-Sony-20250101_084000.jpg']"
2025-02-01,02:43,05:39,05:58 UT,,"semi-fat one, many skinny off-meridian structures, some long froggies, potential proper GHOST @ 02:59",Noora,both,True,True,1639,\\birkeland.unis.no\KHO\MISS-2\2025\02\01,\\birkeland.unis.no\KHO\Sony\2025\02\01,705,934,"MISS2-20250201-024300.png, MISS2-20250201-024315.png, MISS2-20250201-024330.png ... (1639 total)",range: 02:43:00 - 05:39:00,"['MISS2-20250201-024300.png', 'MISS2-20250201-024315.png', 'MISS2-20250201-024330.png', 'MISS2-20250201-024345.png', 'MISS2-20250201-024400.png', 'MISS2-20250201-024415.png', 'MISS2-20250201-024430.png', 'MISS2-20250201-024445.png', 'MISS2-20250201-024500.png', 'MISS2-20250201-024515.png', 'MISS2-20250201-024530.png', 'MISS2-20250201-024545.png', 'MISS2-20250201-024600.png', 'MISS2-20250201-024615.png', 'MISS2-20250201-024630.png', 'MISS2-20250201-024645.png', 'MISS2-20250201-024700.png', 'MISS2-20250201-024715.png', 'MISS2-20250201-024730.png', 'MISS2-20250201-024745.png', 'MISS2-20250201-024800.png', 'MISS2-20250201-024815.png', 'MISS2-20250201-024830.png', 'MISS2-20250201-024845.png', 'MISS2-20250201-024900.png', 'MISS2-20250201-024915.png', 'MISS2-20250201-024930.png', 'MISS2-20250201-024945.png', 'MISS2-20250201-025000.png', 'MISS2-20250201-025015.png', 'MISS2-20250201-025030.png', 'MISS2-20250201-025045.png', 'MISS2-20250201-025100.png', 'MISS2-20250201-025115.png', 'MISS2-20250201-025130.png', 'MISS2-20250201-025145.png', 'MISS2-20250201-025200.png', 'MISS2-20250201-025215.png', 'MISS2-20250201-025230.png', 'MISS2-20250201-025245.png', 'MISS2-20250201-025300.png', 'MISS2-20250201-025315.png', 'MISS2-20250201-025330.png', 'MISS2-20250201-025345.png', 'MISS2-20250201-025400.png', 'MISS2-20250201-025415.png', 'MISS2-20250201-025430.png', 'MISS2-20250201-025445.png', 'MISS2-20250201-025500.png', 'MISS2-20250201-025515.png', 'MISS2-20250201-025530.png', 'MISS2-20250201-025545.png', 'MISS2-20250201-025600.png', 'MISS2-20250201-025615.png', 'MISS2-20250201-025630.png', 'MISS2-20250201-025645.png', 'MISS2-20250201-025700.png', 'MISS2-20250201-025715.png', 'MISS2-20250201-025730.png', 'MISS2-20250201-025745.png', 'MISS2-20250201-025800.png', 'MISS2-20250201-025815.png', 'MISS2-20250201-025830.png', 'MISS2-20250201-025845.png', 'MISS2-20250201-025900.png', 'MISS2-20250201-025915.png', 'MISS2-20250201-025930.png', 'MISS2-20250201-025945.png', 'MISS2-20250201-030000.png', 'MISS2-20250201-030015.png', 'MISS2-20250201-030030.png', 'MISS2-20250201-030045.png', 'MISS2-20250201-030100.png', 'MISS2-20250201-030115.png', 'MISS2-20250201-030130.png', 'MISS2-20250201-030145.png', 'MISS2-20250201-030200.png', 'MISS2-20250201-030215.png', 'MISS2-20250201-030230.png', 'MISS2-20250201-030245.png', 'MISS2-20250201-030300.png', 'MISS2-20250201-030315.png', 'MISS2-20250201-030330.png', 'MISS2-20250201-030345.png', 'MISS2-20250201-030400.png', 'MISS2-20250201-030415.png', 'MISS2-20250201-030430.png', 'MISS2-20250201-030445.png', 'MISS2-20250201-030500.png', 'MISS2-20250201-030515.png', 'MISS2-20250201-030530.png', 'MISS2-20250201-030545.png', 'MISS2-20250201-030600.png', 'MISS2-20250201-030615.png', 'MISS2-20250201-030630.png', 'MISS2-20250201-030645.png', 'MISS2-20250201-030700.png', 'MISS2-20250201-030715.png', 'MISS2-20250201-030730.png', 'MISS2-20250201-030745.png', 'MISS2-20250201-030800.png', 'MISS2-20250201-030815.png', 'MISS2-20250201-030830.png', 'MISS2-20250201-030845.png', 'MISS2-20250201-030900.png', 'MISS2-20250201-030915.png', 'MISS2-20250201-030930.png', 'MISS2-20250201-030945.png', 'MISS2-20250201-031000.png', 'MISS2-20250201-031015.png', 'MISS2-20250201-031030.png', 'MISS2-20250201-031045.png', 'MISS2-20250201-031100.png', 'MISS2-20250201-031115.png', 'MISS2-20250201-031130.png', 'MISS2-20250201-031145.png', 'MISS2-20250201-031200.png', 'MISS2-20250201-031215.png', 'MISS2-20250201-031230.png', 'MISS2-20250201-031245.png', 'MISS2-20250201-031300.png', 'MISS2-20250201-031315.png', 'MISS2-20250201-031330.png', 'MISS2-20250201-031345.png', 'MISS2-20250201-031400.png', 'MISS2-20250201-031415.png', 'MISS2-20250201-031430.png', 'MISS2-20250201-031445.png', 'MISS2-20250201-031500.png', 'MISS2-20250201-031515.png', 'MISS2-20250201-031530.png', 'MISS2-20250201-031545.png', 'MISS2-20250201-031600.png', 'MISS2-20250201-031615.png', 'MISS2-20250201-031630.png', 'MISS2-20250201-031645.png', 'MISS2-20250201-031700.png', 'MISS2-20250201-031715.png', 'MISS2-20250201-031730.png', 'MISS2-20250201-031745.png', 'MISS2-20250201-031800.png', 'MISS2-20250201-031815.png', 'MISS2-20250201-031830.png', 'MISS2-20250201-031845.png', 'MISS2-20250201-031900.png', 'MISS2-20250201-031915.png', 'MISS2-20250201-031930.png', 'MISS2-20250201-031945.png', 'MISS2-20250201-032000.png', 'MISS2-20250201-032015.png', 'MISS2-20250201-032030.png', 'MISS2-20250201-032045.png', 'MISS2-20250201-032100.png', 'MISS2-20250201-032115.png', 'MISS2-20250201-032130.png', 'MISS2-20250201-032145.png', 'MISS2-20250201-032200.png', 'MISS2-20250201-032215.png', 'MISS2-20250201-032230.png', 'MISS2-20250201-032245.png', 'MISS2-20250201-032300.png', 'MISS2-20250201-032315.png', 'MISS2-20250201-032330.png', 'MISS2-20250201-032345.png', 'MISS2-20250201-032400.png', 'MISS2-20250201-032415.png', 'MISS2-20250201-032430.png', 'MISS2-20250201-032445.png', 'MISS2-20250201-032500.png', 'MISS2-20250201-032515.png', 'MISS2-20250201-032530.png', 'MISS2-20250201-032545.png', 'MISS2-20250201-032600.png', 'MISS2-20250201-032615.png', 'MISS2-20250201-032630.png', 'MISS2-20250201-032645.png', 'MISS2-20250201-032700.png', 'MISS2-20250201-032715.png', 'MISS2-20250201-032730.png', 'MISS2-20250201-032745.png', 'MISS2-20250201-032800.png', 'MISS2-20250201-032815.png', 'MISS2-20250201-032830.png', 'MISS2-20250201-032845.png', 'MISS2-20250201-032900.png', 'MISS2-20250201-032915.png', 'MISS2-20250201-032930.png', 'MISS2-20250201-032945.png', 'MISS2-20250201-033000.png', 'MISS2-20250201-033015.png', 'MISS2-20250201-033030.png', 'MISS2-20250201-033045.png', 'MISS2-20250201-033100.png', 'MISS2-20250201-033115.png', 'MISS2-20250201-033130.png', 'MISS2-20250201-033145.png', 'MISS2-20250201-033200.png', 'MISS2-20250201-033215.png', 'MISS2-20250201-033230.png', 'MISS2-20250201-033245.png', 'MISS2-20250201-033300.png', 'MISS2-20250201-033315.png', 'MISS2-20250201-033330.png', 'MISS2-20250201-033345.png', 'MISS2-20250201-033400.png', 'MISS2-20250201-033415.png', 'MISS2-20250201-033430.png', 'MISS2-20250201-033445.png', 'MISS2-20250201-033500.png', 'MISS2-20250201-033515.png', 'MISS2-20250201-033530.png', 'MISS2-20250201-033545.png', 'MISS2-20250201-033600.png', 'MISS2-20250201-033615.png', 'MISS2-20250201-033630.png', 'MISS2-20250201-033645.png', 'MISS2-20250201-033700.png', 'MISS2-20250201-033715.png', 'MISS2-20250201-033730.png', 'MISS2-20250201-033745.png', 'MISS2-20250201-033800.png', 'MISS2-20250201-033815.png', 'MISS2-20250201-033830.png', 'MISS2-20250201-033845.png', 'MISS2-20250201-033900.png', 'MISS2-20250201-033915.png', 'MISS2-20250201-033930.png', 'MISS2-20250201-033945.png', 'MISS2-20250201-034000.png', 'MISS2-20250201-034015.png', 'MISS2-20250201-034030.png', 'MISS2-20250201-034045.png', 'MISS2-20250201-034100.png', 'MISS2-20250201-034115.png', 'MISS2-20250201-034130.png', 'MISS2-20250201-034145.png', 'MISS2-20250201-034200.png', 'MISS2-20250201-034215.png', 'MISS2-20250201-034230.png', 'MISS2-20250201-034245.png', 'MISS2-20250201-034300.png', 'MISS2-20250201-034315.png', 'MISS2-20250201-034330.png', 'MISS2-20250201-034345.png', 'MISS2-20250201-034400.png', 'MISS2-20250201-034415.png', 'MISS2-20250201-034430.png', 'MISS2-20250201-034445.png', 'MISS2-20250201-034500.png', 'MISS2-20250201-034515.png', 'MISS2-20250201-034530.png', 'MISS2-20250201-034545.png', 'MISS2-20250201-034600.png', 'MISS2-20250201-034615.png', 'MISS2-20250201-034630.png', 'MISS2-20250201-034645.png', 'MISS2-20250201-034700.png', 'MISS2-20250201-034715.png', 'MISS2-20250201-034730.png', 'MISS2-20250201-034745.png', 'MISS2-20250201-034800.png', 'MISS2-20250201-034815.png', 'MISS2-20250201-034830.png', 'MISS2-20250201-034845.png', 'MISS2-20250201-034900.png', 'MISS2-20250201-034915.png', 'MISS2-20250201-034930.png', 'MISS2-20250201-034945.png', 'MISS2-20250201-035000.png', 'MISS2-20250201-035015.png', 'MISS2-20250201-035030.png', 'MISS2-20250201-035045.png', 'MISS2-20250201-035100.png', 'MISS2-20250201-035115.png', 'MISS2-20250201-035130.png', 'MISS2-20250201-035145.png', 'MISS2-20250201-035200.png', 'MISS2-20250201-035215.png', 'MISS2-20250201-035230.png', 'MISS2-20250201-035245.png', 'MISS2-20250201-035300.png', 'MISS2-20250201-035315.png', 'MISS2-20250201-035330.png', 'MISS2-20250201-035345.png', 'MISS2-20250201-035400.png', 'MISS2-20250201-035415.png', 'MISS2-20250201-035430.png', 'MISS2-20250201-035445.png', 'MISS2-20250201-035500.png', 'MISS2-20250201-035515.png', 'MISS2-20250201-035530.png', 'MISS2-20250201-035545.png', 'MISS2-20250201-035600.png', 'MISS2-20250201-035615.png', 'MISS2-20250201-035630.png', 'MISS2-20250201-035645.png', 'MISS2-20250201-035700.png', 'MISS2-20250201-035715.png', 'MISS2-20250201-035730.png', 'MISS2-20250201-035745.png', 'MISS2-20250201-035800.png', 'MISS2-20250201-035815.png', 'MISS2-20250201-035830.png', 'MISS2-20250201-035845.png', 'MISS2-20250201-035900.png', 'MISS2-20250201-035915.png', 'MISS2-20250201-035930.png', 'MISS2-20250201-035945.png', 'MISS2-20250201-040000.png', 'MISS2-20250201-040015.png', 'MISS2-20250201-040030.png', 'MISS2-20250201-040045.png', 'MISS2-20250201-040100.png', 'MISS2-20250201-040115.png', 'MISS2-20250201-040130.png', 'MISS2-20250201-040145.png', 'MISS2-20250201-040200.png', 'MISS2-20250201-040215.png', 'MISS2-20250201-040230.png', 'MISS2-20250201-040245.png', 'MISS2-20250201-040300.png', 'MISS2-20250201-040315.png', 'MISS2-20250201-040330.png', 'MISS2-20250201-040345.png', 'MISS2-20250201-040400.png', 'MISS2-20250201-040415.png', 'MISS2-20250201-040430.png', 'MISS2-20250201-040445.png', 'MISS2-20250201-040500.png', 'MISS2-20250201-040515.png', 'MISS2-20250201-040530.png', 'MISS2-20250201-040545.png', 'MISS2-20250201-040600.png', 'MISS2-20250201-040615.png', 'MISS2-20250201-040630.png', 'MISS2-20250201-040645.png', 'MISS2-20250201-040700.png', 'MISS2-20250201-040715.png', 'MISS2-20250201-040730.png', 'MISS2-20250201-040745.png', 'MISS2-20250201-040800.png', 'MISS2-20250201-040815.png', 'MISS2-20250201-040830.png', 'MISS2-20250201-040845.png', 'MISS2-20250201-040900.png', 'MISS2-20250201-040915.png', 'MISS2-20250201-040930.png', 'MISS2-20250201-040945.png', 'MISS2-20250201-041000.png', 'MISS2-20250201-041015.png', 'MISS2-20250201-041030.png', 'MISS2-20250201-041045.png', 'MISS2-20250201-041100.png', 'MISS2-20250201-041115.png', 'MISS2-20250201-041130.png', 'MISS2-20250201-041145.png', 'MISS2-20250201-041200.png', 'MISS2-20250201-041215.png', 'MISS2-20250201-041230.png', 'MISS2-20250201-041245.png', 'MISS2-20250201-041300.png', 'MISS2-20250201-041315.png', 'MISS2-20250201-041330.png', 'MISS2-20250201-041345.png', 'MISS2-20250201-041400.png', 'MISS2-20250201-041415.png', 'MISS2-20250201-041430.png', 'MISS2-20250201-041445.png', 'MISS2-20250201-041500.png', 'MISS2-20250201-041515.png', 'MISS2-20250201-041530.png', 'MISS2-20250201-041545.png', 'MISS2-20250201-041600.png', 'MISS2-20250201-041615.png', 'MISS2-20250201-041630.png', 'MISS2-20250201-041645.png', 'MISS2-20250201-041700.png', 'MISS2-20250201-041715.png', 'MISS2-20250201-041730.png', 'MISS2-20250201-041745.png', 'MISS2-20250201-041800.png', 'MISS2-20250201-041815.png', 'MISS2-20250201-041830.png', 'MISS2-20250201-041845.png', 'MISS2-20250201-041900.png', 'MISS2-20250201-041915.png', 'MISS2-20250201-041930.png', 'MISS2-20250201-041945.png', 'MISS2-20250201-042000.png', 'MISS2-20250201-042015.png', 'MISS2-20250201-042030.png', 'MISS2-20250201-042045.png', 'MISS2-20250201-042100.png', 'MISS2-20250201-042115.png', 'MISS2-20250201-042130.png', 'MISS2-20250201-042145.png', 'MISS2-20250201-042200.png', 'MISS2-20250201-042215.png', 'MISS2-20250201-042230.png', 'MISS2-20250201-042245.png', 'MISS2-20250201-042300.png', 'MISS2-20250201-042315.png', 'MISS2-20250201-042330.png', 'MISS2-20250201-042345.png', 'MISS2-20250201-042400.png', 'MISS2-20250201-042415.png', 'MISS2-20250201-042430.png', 'MISS2-20250201-042445.png', 'MISS2-20250201-042500.png', 'MISS2-20250201-042515.png', 'MISS2-20250201-042530.png', 'MISS2-20250201-042545.png', 'MISS2-20250201-042600.png', 'MISS2-20250201-042615.png', 'MISS2-20250201-042630.png', 'MISS2-20250201-042645.png', 'MISS2-20250201-042700.png', 'MISS2-20250201-042715.png', 'MISS2-20250201-042730.png', 'MISS2-20250201-042745.png', 'MISS2-20250201-042800.png', 'MISS2-20250201-042815.png', 'MISS2-20250201-042830.png', 'MISS2-20250201-042845.png', 'MISS2-20250201-042900.png', 'MISS2-20250201-042915.png', 'MISS2-20250201-042930.png', 'MISS2-20250201-042945.png', 'MISS2-20250201-043000.png', 'MISS2-20250201-043015.png', 'MISS2-20250201-043030.png', 'MISS2-20250201-043045.png', 'MISS2-20250201-043100.png', 'MISS2-20250201-043115.png', 'MISS2-20250201-043130.png', 'MISS2-20250201-043145.png', 'MISS2-20250201-043200.png', 'MISS2-20250201-043215.png', 'MISS2-20250201-043230.png', 'MISS2-20250201-043245.png', 'MISS2-20250201-043300.png', 'MISS2-20250201-043315.png', 'MISS2-20250201-043330.png', 'MISS2-20250201-043345.png', 'MISS2-20250201-043400.png', 'MISS2-20250201-043415.png', 'MISS2-20250201-043430.png', 'MISS2-20250201-043445.png', 'MISS2-20250201-043500.png', 'MISS2-20250201-043515.png', 'MISS2-20250201-043530.png', 'MISS2-20250201-043545.png', 'MISS2-20250201-043600.png', 'MISS2-20250201-043615.png', 'MISS2-20250201-043630.png', 'MISS2-20250201-043645.png', 'MISS2-20250201-043700.png', 'MISS2-20250201-043715.png', 'MISS2-20250201-043730.png', 'MISS2-20250201-043745.png', 'MISS2-20250201-043800.png', 'MISS2-20250201-043815.png', 'MISS2-20250201-043830.png', 'MISS2-20250201-043845.png', 'MISS2-20250201-043900.png', 'MISS2-20250201-043915.png', 'MISS2-20250201-043930.png', 'MISS2-20250201-043945.png', 'MISS2-20250201-044000.png', 'MISS2-20250201-044015.png', 'MISS2-20250201-044030.png', 'MISS2-20250201-044045.png', 'MISS2-20250201-044100.png', 'MISS2-20250201-044115.png', 'MISS2-20250201-044130.png', 'MISS2-20250201-044145.png', 'MISS2-20250201-044200.png', 'MISS2-20250201-044215.png', 'MISS2-20250201-044230.png', 'MISS2-20250201-044245.png', 'MISS2-20250201-044300.png', 'MISS2-20250201-044315.png', 'MISS2-20250201-044330.png', 'MISS2-20250201-044345.png', 'MISS2-20250201-044400.png', 'MISS2-20250201-044415.png', 'MISS2-20250201-044430.png', 'MISS2-20250201-044445.png', 'MISS2-20250201-044500.png', 'MISS2-20250201-044515.png', 'MISS2-20250201-044530.png', 'MISS2-20250201-044545.png', 'MISS2-20250201-044600.png', 'MISS2-20250201-044615.png', 'MISS2-20250201-044630.png', 'MISS2-20250201-044645.png', 'MISS2-20250201-044700.png', 'MISS2-20250201-044715.png', 'MISS2-20250201-044730.png', 'MISS2-20250201-044745.png', 'MISS2-20250201-044800.png', 'MISS2-20250201-044815.png', 'MISS2-20250201-044830.png', 'MISS2-20250201-044845.png', 'MISS2-20250201-044900.png', 'MISS2-20250201-044915.png', 'MISS2-20250201-044930.png', 'MISS2-20250201-044945.png', 'MISS2-20250201-045000.png', 'MISS2-20250201-045015.png', 'MISS2-20250201-045030.png', 'MISS2-20250201-045045.png', 'MISS2-20250201-045100.png', 'MISS2-20250201-045115.png', 'MISS2-20250201-045130.png', 'MISS2-20250201-045145.png', 'MISS2-20250201-045200.png', 'MISS2-20250201-045215.png', 'MISS2-20250201-045230.png', 'MISS2-20250201-045245.png', 'MISS2-20250201-045300.png', 'MISS2-20250201-045315.png', 'MISS2-20250201-045330.png', 'MISS2-20250201-045345.png', 'MISS2-20250201-045400.png', 'MISS2-20250201-045415.png', 'MISS2-20250201-045430.png', 'MISS2-20250201-045445.png', 'MISS2-20250201-045500.png', 'MISS2-20250201-045515.png', 'MISS2-20250201-045530.png', 'MISS2-20250201-045545.png', 'MISS2-20250201-045600.png', 'MISS2-20250201-045615.png', 'MISS2-20250201-045630.png', 'MISS2-20250201-045645.png', 'MISS2-20250201-045700.png', 'MISS2-20250201-045715.png', 'MISS2-20250201-045730.png', 'MISS2-20250201-045745.png', 'MISS2-20250201-045800.png', 'MISS2-20250201-045815.png', 'MISS2-20250201-045830.png', 'MISS2-20250201-045845.png', 'MISS2-20250201-045900.png', 'MISS2-20250201-045915.png', 'MISS2-20250201-045930.png', 'MISS2-20250201-045945.png', 'MISS2-20250201-050000.png', 'MISS2-20250201-050015.png', 'MISS2-20250201-050030.png', 'MISS2-20250201-050045.png', 'MISS2-20250201-050100.png', 'MISS2-20250201-050115.png', 'MISS2-20250201-050130.png', 'MISS2-20250201-050145.png', 'MISS2-20250201-050200.png', 'MISS2-20250201-050215.png', 'MISS2-20250201-050230.png', 'MISS2-20250201-050245.png', 'MISS2-20250201-050300.png', 'MISS2-20250201-050315.png', 'MISS2-20250201-050330.png', 'MISS2-20250201-050345.png', 'MISS2-20250201-050400.png', 'MISS2-20250201-050415.png', 'MISS2-20250201-050430.png', 'MISS2-20250201-050445.png', 'MISS2-20250201-050500.png', 'MISS2-20250201-050515.png', 'MISS2-20250201-050530.png', 'MISS2-20250201-050545.png', 'MISS2-20250201-050600.png', 'MISS2-20250201-050615.png', 'MISS2-20250201-050630.png', 'MISS2-20250201-050645.png', 'MISS2-20250201-050700.png', 'MISS2-20250201-050715.png', 'MISS2-20250201-050730.png', 'MISS2-20250201-050745.png', 'MISS2-20250201-050800.png', 'MISS2-20250201-050815.png', 'MISS2-20250201-050830.png', 'MISS2-20250201-050845.png', 'MISS2-20250201-050900.png', 'MISS2-20250201-050915.png', 'MISS2-20250201-050930.png', 'MISS2-20250201-050945.png', 'MISS2-20250201-051000.png', 'MISS2-20250201-051015.png', 'MISS2-20250201-051030.png', 'MISS2-20250201-051045.png', 'MISS2-20250201-051100.png', 'MISS2-20250201-051115.png', 'MISS2-20250201-051130.png', 'MISS2-20250201-051145.png', 'MISS2-20250201-051200.png', 'MISS2-20250201-051215.png', 'MISS2-20250201-051230.png', 'MISS2-20250201-051245.png', 'MISS2-20250201-051300.png', 'MISS2-20250201-051315.png', 'MISS2-20250201-051330.png', 'MISS2-20250201-051345.png', 'MISS2-20250201-051400.png', 'MISS2-20250201-051415.png', 'MISS2-20250201-051430.png', 'MISS2-20250201-051445.png', 'MISS2-20250201-051500.png', 'MISS2-20250201-051515.png', 'MISS2-20250201-051530.png', 'MISS2-20250201-051545.png', 'MISS2-20250201-051600.png', 'MISS2-20250201-051615.png', 'MISS2-20250201-051630.png', 'MISS2-20250201-051645.png', 'MISS2-20250201-051700.png', 'MISS2-20250201-051715.png', 'MISS2-20250201-051730.png', 'MISS2-20250201-051745.png', 'MISS2-20250201-051800.png', 'MISS2-20250201-051815.png', 'MISS2-20250201-051830.png', 'MISS2-20250201-051845.png', 'MISS2-20250201-051900.png', 'MISS2-20250201-051915.png', 'MISS2-20250201-051930.png', 'MISS2-20250201-051945.png', 'MISS2-20250201-052000.png', 'MISS2-20250201-052015.png', 'MISS2-20250201-052030.png', 'MISS2-20250201-052045.png', 'MISS2-20250201-052100.png', 'MISS2-20250201-052115.png', 'MISS2-20250201-052130.png', 'MISS2-20250201-052145.png', 'MISS2-20250201-052200.png', 'MISS2-20250201-052215.png', 'MISS2-20250201-052230.png', 'MISS2-20250201-052245.png', 'MISS2-20250201-052300.png', 'MISS2-20250201-052315.png', 'MISS2-20250201-052330.png', 'MISS2-20250201-052345.png', 'MISS2-20250201-052400.png', 'MISS2-20250201-052415.png', 'MISS2-20250201-052430.png', 'MISS2-20250201-052445.png', 'MISS2-20250201-052500.png', 'MISS2-20250201-052515.png', 'MISS2-20250201-052530.png', 'MISS2-20250201-052545.png', 'MISS2-20250201-052600.png', 'MISS2-20250201-052615.png', 'MISS2-20250201-052630.png', 'MISS2-20250201-052645.png', 'MISS2-20250201-052700.png', 'MISS2-20250201-052715.png', 'MISS2-20250201-052730.png', 'MISS2-20250201-052745.png', 'MISS2-20250201-052800.png', 'MISS2-20250201-052815.png', 'MISS2-20250201-052830.png', 'MISS2-20250201-052845.png', 'MISS2-20250201-052900.png', 'MISS2-20250201-052915.png', 'MISS2-20250201-052930.png', 'MISS2-20250201-052945.png', 'MISS2-20250201-053000.png', 'MISS2-20250201-053015.png', 'MISS2-20250201-053030.png', 'MISS2-20250201-053045.png', 'MISS2-20250201-053100.png', 'MISS2-20250201-053115.png', 'MISS2-20250201-053130.png', 'MISS2-20250201-053145.png', 'MISS2-20250201-053200.png', 'MISS2-20250201-053215.png', 'MISS2-20250201-053230.png', 'MISS2-20250201-053245.png', 'MISS2-20250201-053300.png', 'MISS2-20250201-053315.png', 'MISS2-20250201-053330.png', 'MISS2-20250201-053345.png', 'MISS2-20250201-053400.png', 'MISS2-20250201-053415.png', 'MISS2-20250201-053430.png', 'MISS2-20250201-053445.png', 'MISS2-20250201-053500.png', 'MISS2-20250201-053515.png', 'MISS2-20250201-053530.png', 'MISS2-20250201-053545.png', 'MISS2-20250201-053600.png', 'MISS2-20250201-053615.png', 'MISS2-20250201-053630.png', 'MISS2-20250201-053645.png', 'MISS2-20250201-053700.png', 'MISS2-20250201-053715.png', 'MISS2-20250201-053730.png', 'MISS2-20250201-053745.png', 'MISS2-20250201-053800.png', 'MISS2-20250201-053815.png', 'MISS2-20250201-053830.png', 'MISS2-20250201-053845.png', 'MISS2-20250201-053900.png']","['LYR-Sony-20250201_024300.jpg', 'LYR-Sony-20250201_024310.jpg', 'LYR-Sony-20250201_024320.jpg', 'LYR-Sony-20250201_024330.jpg', 'LYR-Sony-20250201_024340.jpg', 'LYR-Sony-20250201_024350.jpg', 'LYR-Sony-20250201_024410.jpg', 'LYR-Sony-20250201_024420.jpg', 'LYR-Sony-20250201_024430.jpg', 'LYR-Sony-20250201_024440.jpg', 'LYR-Sony-20250201_024450.jpg', 'LYR-Sony-20250201_024510.jpg', 'LYR-Sony-20250201_024520.jpg', 'LYR-Sony-20250201_024530.jpg', 'LYR-Sony-20250201_024540.jpg', 'LYR-Sony-20250201_024550.jpg', 'LYR-Sony-20250201_024600.jpg', 'LYR-Sony-20250201_024610.jpg', 'LYR-Sony-20250201_024620.jpg', 'LYR-Sony-20250201_024630.jpg', 'LYR-Sony-20250201_024640.jpg', 'LYR-Sony-20250201_024650.jpg', 'LYR-Sony-20250201_024700.jpg', 'LYR-Sony-20250201_024710.jpg', 'LYR-Sony-20250201_024720.jpg', 'LYR-Sony-20250201_024730.jpg', 'LYR-Sony-20250201_024750.jpg', 'LYR-Sony-20250201_024800.jpg', 'LYR-Sony-20250201_024820.jpg', 'LYR-Sony-20250201_024830.jpg', 'LYR-Sony-20250201_024840.jpg', 'LYR-Sony-20250201_024850.jpg', 'LYR-Sony-20250201_024900.jpg', 'LYR-Sony-20250201_024910.jpg', 'LYR-Sony-20250201_024920.jpg', 'LYR-Sony-20250201_024930.jpg', 'LYR-Sony-20250201_024940.jpg', 'LYR-Sony-20250201_024950.jpg', 'LYR-Sony-20250201_025000.jpg', 'LYR-Sony-20250201_025010.jpg', 'LYR-Sony-20250201_025020.jpg', 'LYR-Sony-20250201_025040.jpg', 'LYR-Sony-20250201_025050.jpg', 'LYR-Sony-20250201_025100.jpg', 'LYR-Sony-20250201_025110.jpg', 'LYR-Sony-20250201_025120.jpg', 'LYR-Sony-20250201_025130.jpg', 'LYR-Sony-20250201_025140.jpg', 'LYR-Sony-20250201_025150.jpg', 'LYR-Sony-20250201_025210.jpg', 'LYR-Sony-20250201_025220.jpg', 'LYR-Sony-20250201_025230.jpg', 'LYR-Sony-20250201_025240.jpg', 'LYR-Sony-20250201_025250.jpg', 'LYR-Sony-20250201_025300.jpg', 'LYR-Sony-20250201_025310.jpg', 'LYR-Sony-20250201_025320.jpg', 'LYR-Sony-20250201_025330.jpg', 'LYR-Sony-20250201_025340.jpg', 'LYR-Sony-20250201_025350.jpg', 'LYR-Sony-20250201_025400.jpg', 'LYR-Sony-20250201_025410.jpg', 'LYR-Sony-20250201_025430.jpg', 'LYR-Sony-20250201_025440.jpg', 'LYR-Sony-20250201_025450.jpg', 'LYR-Sony-20250201_025500.jpg', 'LYR-Sony-20250201_025510.jpg', 'LYR-Sony-20250201_025520.jpg', 'LYR-Sony-20250201_025530.jpg', 'LYR-Sony-20250201_025540.jpg', 'LYR-Sony-20250201_025550.jpg', 'LYR-Sony-20250201_025610.jpg', 'LYR-Sony-20250201_025620.jpg', 'LYR-Sony-20250201_025630.jpg', 'LYR-Sony-20250201_025640.jpg', 'LYR-Sony-20250201_025650.jpg', 'LYR-Sony-20250201_025700.jpg', 'LYR-Sony-20250201_025710.jpg', 'LYR-Sony-20250201_025720.jpg', 'LYR-Sony-20250201_025730.jpg', 'LYR-Sony-20250201_025740.jpg', 'LYR-Sony-20250201_025750.jpg', 'LYR-Sony-20250201_025800.jpg', 'LYR-Sony-20250201_025810.jpg', 'LYR-Sony-20250201_025820.jpg', 'LYR-Sony-20250201_025830.jpg', 'LYR-Sony-20250201_025850.jpg', 'LYR-Sony-20250201_025900.jpg', 'LYR-Sony-20250201_025920.jpg', 'LYR-Sony-20250201_025930.jpg', 'LYR-Sony-20250201_025940.jpg', 'LYR-Sony-20250201_030000.jpg', 'LYR-Sony-20250201_030010.jpg', 'LYR-Sony-20250201_030020.jpg', 'LYR-Sony-20250201_030030.jpg', 'LYR-Sony-20250201_030040.jpg', 'LYR-Sony-20250201_030050.jpg', 'LYR-Sony-20250201_030100.jpg', 'LYR-Sony-20250201_030110.jpg', 'LYR-Sony-20250201_030120.jpg', 'LYR-Sony-20250201_030140.jpg', 'LYR-Sony-20250201_030150.jpg', 'LYR-Sony-20250201_030200.jpg', 'LYR-Sony-20250201_030210.jpg', 'LYR-Sony-20250201_030220.jpg', 'LYR-Sony-20250201_030230.jpg', 'LYR-Sony-20250201_030240.jpg', 'LYR-Sony-20250201_030250.jpg', 'LYR-Sony-20250201_030300.jpg', 'LYR-Sony-20250201_030310.jpg', 'LYR-Sony-20250201_030320.jpg', 'LYR-Sony-20250201_030330.jpg', 'LYR-Sony-20250201_030340.jpg', 'LYR-Sony-20250201_030400.jpg', 'LYR-Sony-20250201_030410.jpg', 'LYR-Sony-20250201_030420.jpg', 'LYR-Sony-20250201_030430.jpg', 'LYR-Sony-20250201_030450.jpg', 'LYR-Sony-20250201_030500.jpg', 'LYR-Sony-20250201_030510.jpg', 'LYR-Sony-20250201_030520.jpg', 'LYR-Sony-20250201_030530.jpg', 'LYR-Sony-20250201_030540.jpg', 'LYR-Sony-20250201_030550.jpg', 'LYR-Sony-20250201_030600.jpg', 'LYR-Sony-20250201_030610.jpg', 'LYR-Sony-20250201_030620.jpg', 'LYR-Sony-20250201_030630.jpg', 'LYR-Sony-20250201_030640.jpg', 'LYR-Sony-20250201_030700.jpg', 'LYR-Sony-20250201_030710.jpg', 'LYR-Sony-20250201_030720.jpg', 'LYR-Sony-20250201_030730.jpg', 'LYR-Sony-20250201_030740.jpg', 'LYR-Sony-20250201_030750.jpg', 'LYR-Sony-20250201_030800.jpg', 'LYR-Sony-20250201_030810.jpg', 'LYR-Sony-20250201_030820.jpg', 'LYR-Sony-20250201_030830.jpg', 'LYR-Sony-20250201_030840.jpg', 'LYR-Sony-20250201_030850.jpg', 'LYR-Sony-20250201_030900.jpg', 'LYR-Sony-20250201_030910.jpg', 'LYR-Sony-20250201_030930.jpg', 'LYR-Sony-20250201_030940.jpg', 'LYR-Sony-20250201_030950.jpg', 'LYR-Sony-20250201_031000.jpg', 'LYR-Sony-20250201_031010.jpg', 'LYR-Sony-20250201_031020.jpg', 'LYR-Sony-20250201_031030.jpg', 'LYR-Sony-20250201_031040.jpg', 'LYR-Sony-20250201_031050.jpg', 'LYR-Sony-20250201_031100.jpg', 'LYR-Sony-20250201_031110.jpg', 'LYR-Sony-20250201_031120.jpg', 'LYR-Sony-20250201_031130.jpg', 'LYR-Sony-20250201_031140.jpg', 'LYR-Sony-20250201_031150.jpg', 'LYR-Sony-20250201_031200.jpg', 'LYR-Sony-20250201_031210.jpg', 'LYR-Sony-20250201_031220.jpg', 'LYR-Sony-20250201_031230.jpg', 'LYR-Sony-20250201_031240.jpg', 'LYR-Sony-20250201_031250.jpg', 'LYR-Sony-20250201_031300.jpg', 'LYR-Sony-20250201_031310.jpg', 'LYR-Sony-20250201_031320.jpg', 'LYR-Sony-20250201_031330.jpg', 'LYR-Sony-20250201_031340.jpg', 'LYR-Sony-20250201_031350.jpg', 'LYR-Sony-20250201_031400.jpg', 'LYR-Sony-20250201_031420.jpg', 'LYR-Sony-20250201_031440.jpg', 'LYR-Sony-20250201_031450.jpg', 'LYR-Sony-20250201_031500.jpg', 'LYR-Sony-20250201_031510.jpg', 'LYR-Sony-20250201_031530.jpg', 'LYR-Sony-20250201_031540.jpg', 'LYR-Sony-20250201_031550.jpg', 'LYR-Sony-20250201_031600.jpg', 'LYR-Sony-20250201_031610.jpg', 'LYR-Sony-20250201_031620.jpg', 'LYR-Sony-20250201_031630.jpg', 'LYR-Sony-20250201_031640.jpg', 'LYR-Sony-20250201_031650.jpg', 'LYR-Sony-20250201_031700.jpg', 'LYR-Sony-20250201_031710.jpg', 'LYR-Sony-20250201_031730.jpg', 'LYR-Sony-20250201_031740.jpg', 'LYR-Sony-20250201_031750.jpg', 'LYR-Sony-20250201_031800.jpg', 'LYR-Sony-20250201_031810.jpg', 'LYR-Sony-20250201_031820.jpg', 'LYR-Sony-20250201_031830.jpg', 'LYR-Sony-20250201_031840.jpg', 'LYR-Sony-20250201_031850.jpg', 'LYR-Sony-20250201_031900.jpg', 'LYR-Sony-20250201_031910.jpg', 'LYR-Sony-20250201_031920.jpg', 'LYR-Sony-20250201_031930.jpg', 'LYR-Sony-20250201_031950.jpg', 'LYR-Sony-20250201_032000.jpg', 'LYR-Sony-20250201_032010.jpg', 'LYR-Sony-20250201_032020.jpg', 'LYR-Sony-20250201_032030.jpg', 'LYR-Sony-20250201_032040.jpg', 'LYR-Sony-20250201_032100.jpg', 'LYR-Sony-20250201_032110.jpg', 'LYR-Sony-20250201_032120.jpg', 'LYR-Sony-20250201_032130.jpg', 'LYR-Sony-20250201_032140.jpg', 'LYR-Sony-20250201_032150.jpg', 'LYR-Sony-20250201_032210.jpg', 'LYR-Sony-20250201_032220.jpg', 'LYR-Sony-20250201_032230.jpg', 'LYR-Sony-20250201_032240.jpg', 'LYR-Sony-20250201_032250.jpg', 'LYR-Sony-20250201_032300.jpg', 'LYR-Sony-20250201_032310.jpg', 'LYR-Sony-20250201_032320.jpg', 'LYR-Sony-20250201_032330.jpg', 'LYR-Sony-20250201_032340.jpg', 'LYR-Sony-20250201_032350.jpg', 'LYR-Sony-20250201_032400.jpg', 'LYR-Sony-20250201_032410.jpg', 'LYR-Sony-20250201_032420.jpg', 'LYR-Sony-20250201_032430.jpg', 'LYR-Sony-20250201_032440.jpg', 'LYR-Sony-20250201_032450.jpg', 'LYR-Sony-20250201_032510.jpg', 'LYR-Sony-20250201_032520.jpg', 'LYR-Sony-20250201_032530.jpg', 'LYR-Sony-20250201_032550.jpg', 'LYR-Sony-20250201_032600.jpg', 'LYR-Sony-20250201_032610.jpg', 'LYR-Sony-20250201_032620.jpg', 'LYR-Sony-20250201_032630.jpg', 'LYR-Sony-20250201_032640.jpg', 'LYR-Sony-20250201_032650.jpg', 'LYR-Sony-20250201_032700.jpg', 'LYR-Sony-20250201_032710.jpg', 'LYR-Sony-20250201_032720.jpg', 'LYR-Sony-20250201_032730.jpg', 'LYR-Sony-20250201_032740.jpg', 'LYR-Sony-20250201_032750.jpg', 'LYR-Sony-20250201_032800.jpg', 'LYR-Sony-20250201_032810.jpg', 'LYR-Sony-20250201_032820.jpg', 'LYR-Sony-20250201_032830.jpg', 'LYR-Sony-20250201_032840.jpg', 'LYR-Sony-20250201_032850.jpg', 'LYR-Sony-20250201_032900.jpg', 'LYR-Sony-20250201_032910.jpg', 'LYR-Sony-20250201_032930.jpg', 'LYR-Sony-20250201_032940.jpg', 'LYR-Sony-20250201_033000.jpg', 'LYR-Sony-20250201_033010.jpg', 'LYR-Sony-20250201_033020.jpg', 'LYR-Sony-20250201_033030.jpg', 'LYR-Sony-20250201_033050.jpg', 'LYR-Sony-20250201_033100.jpg', 'LYR-Sony-20250201_033110.jpg', 'LYR-Sony-20250201_033130.jpg', 'LYR-Sony-20250201_033150.jpg', 'LYR-Sony-20250201_033200.jpg', 'LYR-Sony-20250201_033220.jpg', 'LYR-Sony-20250201_033230.jpg', 'LYR-Sony-20250201_033240.jpg', 'LYR-Sony-20250201_033250.jpg', 'LYR-Sony-20250201_033300.jpg', 'LYR-Sony-20250201_033310.jpg', 'LYR-Sony-20250201_033320.jpg', 'LYR-Sony-20250201_033330.jpg', 'LYR-Sony-20250201_033340.jpg', 'LYR-Sony-20250201_033350.jpg', 'LYR-Sony-20250201_033400.jpg', 'LYR-Sony-20250201_033410.jpg', 'LYR-Sony-20250201_033420.jpg', 'LYR-Sony-20250201_033430.jpg', 'LYR-Sony-20250201_033450.jpg', 'LYR-Sony-20250201_033500.jpg', 'LYR-Sony-20250201_033510.jpg', 'LYR-Sony-20250201_033520.jpg', 'LYR-Sony-20250201_033530.jpg', 'LYR-Sony-20250201_033540.jpg', 'LYR-Sony-20250201_033550.jpg', 'LYR-Sony-20250201_033600.jpg', 'LYR-Sony-20250201_033610.jpg', 'LYR-Sony-20250201_033620.jpg', 'LYR-Sony-20250201_033630.jpg', 'LYR-Sony-20250201_033640.jpg', 'LYR-Sony-20250201_033650.jpg', 'LYR-Sony-20250201_033700.jpg', 'LYR-Sony-20250201_033710.jpg', 'LYR-Sony-20250201_033720.jpg', 'LYR-Sony-20250201_033740.jpg', 'LYR-Sony-20250201_033800.jpg', 'LYR-Sony-20250201_033810.jpg', 'LYR-Sony-20250201_033820.jpg', 'LYR-Sony-20250201_033830.jpg', 'LYR-Sony-20250201_033840.jpg', 'LYR-Sony-20250201_033850.jpg', 'LYR-Sony-20250201_033900.jpg', 'LYR-Sony-20250201_033910.jpg', 'LYR-Sony-20250201_033930.jpg', 'LYR-Sony-20250201_033940.jpg', 'LYR-Sony-20250201_033950.jpg', 'LYR-Sony-20250201_034000.jpg', 'LYR-Sony-20250201_034010.jpg', 'LYR-Sony-20250201_034020.jpg', 'LYR-Sony-20250201_034030.jpg', 'LYR-Sony-20250201_034040.jpg', 'LYR-Sony-20250201_034050.jpg', 'LYR-Sony-20250201_034100.jpg', 'LYR-Sony-20250201_034110.jpg', 'LYR-Sony-20250201_034120.jpg', 'LYR-Sony-20250201_034130.jpg', 'LYR-Sony-20250201_034140.jpg', 'LYR-Sony-20250201_034200.jpg', 'LYR-Sony-20250201_034210.jpg', 'LYR-Sony-20250201_034220.jpg', 'LYR-Sony-20250201_034230.jpg', 'LYR-Sony-20250201_034240.jpg', 'LYR-Sony-20250201_034250.jpg', 'LYR-Sony-20250201_034300.jpg', 'LYR-Sony-20250201_034310.jpg', 'LYR-Sony-20250201_034330.jpg', 'LYR-Sony-20250201_034340.jpg', 'LYR-Sony-20250201_034350.jpg', 'LYR-Sony-20250201_034400.jpg', 'LYR-Sony-20250201_034410.jpg', 'LYR-Sony-20250201_034420.jpg', 'LYR-Sony-20250201_034430.jpg', 'LYR-Sony-20250201_034440.jpg', 'LYR-Sony-20250201_034500.jpg', 'LYR-Sony-20250201_034510.jpg', 'LYR-Sony-20250201_034520.jpg', 'LYR-Sony-20250201_034530.jpg', 'LYR-Sony-20250201_034540.jpg', 'LYR-Sony-20250201_034550.jpg', 'LYR-Sony-20250201_034600.jpg', 'LYR-Sony-20250201_034610.jpg', 'LYR-Sony-20250201_034620.jpg', 'LYR-Sony-20250201_034630.jpg', 'LYR-Sony-20250201_034640.jpg', 'LYR-Sony-20250201_034650.jpg', 'LYR-Sony-20250201_034700.jpg', 'LYR-Sony-20250201_034710.jpg', 'LYR-Sony-20250201_034720.jpg', 'LYR-Sony-20250201_034730.jpg', 'LYR-Sony-20250201_034740.jpg', 'LYR-Sony-20250201_034750.jpg', 'LYR-Sony-20250201_034800.jpg', 'LYR-Sony-20250201_034820.jpg', 'LYR-Sony-20250201_034830.jpg', 'LYR-Sony-20250201_034840.jpg', 'LYR-Sony-20250201_034850.jpg', 'LYR-Sony-20250201_034900.jpg', 'LYR-Sony-20250201_034910.jpg', 'LYR-Sony-20250201_034930.jpg', 'LYR-Sony-20250201_034950.jpg', 'LYR-Sony-20250201_035000.jpg', 'LYR-Sony-20250201_035010.jpg', 'LYR-Sony-20250201_035020.jpg', 'LYR-Sony-20250201_035030.jpg', 'LYR-Sony-20250201_035040.jpg', 'LYR-Sony-20250201_035050.jpg', 'LYR-Sony-20250201_035100.jpg', 'LYR-Sony-20250201_035110.jpg', 'LYR-Sony-20250201_035120.jpg', 'LYR-Sony-20250201_035130.jpg', 'LYR-Sony-20250201_035140.jpg', 'LYR-Sony-20250201_035150.jpg', 'LYR-Sony-20250201_035200.jpg', 'LYR-Sony-20250201_035220.jpg', 'LYR-Sony-20250201_035240.jpg', 'LYR-Sony-20250201_035250.jpg', 'LYR-Sony-20250201_035300.jpg', 'LYR-Sony-20250201_035320.jpg', 'LYR-Sony-20250201_035330.jpg', 'LYR-Sony-20250201_035340.jpg', 'LYR-Sony-20250201_035350.jpg', 'LYR-Sony-20250201_035400.jpg', 'LYR-Sony-20250201_035410.jpg', 'LYR-Sony-20250201_035420.jpg', 'LYR-Sony-20250201_035430.jpg', 'LYR-Sony-20250201_035450.jpg', 'LYR-Sony-20250201_035500.jpg', 'LYR-Sony-20250201_035520.jpg', 'LYR-Sony-20250201_035530.jpg', 'LYR-Sony-20250201_035540.jpg', 'LYR-Sony-20250201_035600.jpg', 'LYR-Sony-20250201_035610.jpg', 'LYR-Sony-20250201_035620.jpg', 'LYR-Sony-20250201_035630.jpg', 'LYR-Sony-20250201_035640.jpg', 'LYR-Sony-20250201_035650.jpg', 'LYR-Sony-20250201_035700.jpg', 'LYR-Sony-20250201_035710.jpg', 'LYR-Sony-20250201_035730.jpg', 'LYR-Sony-20250201_035750.jpg', 'LYR-Sony-20250201_035800.jpg', 'LYR-Sony-20250201_035810.jpg', 'LYR-Sony-20250201_035820.jpg', 'LYR-Sony-20250201_035830.jpg', 'LYR-Sony-20250201_035840.jpg', 'LYR-Sony-20250201_035850.jpg', 'LYR-Sony-20250201_035910.jpg', 'LYR-Sony-20250201_035920.jpg', 'LYR-Sony-20250201_035930.jpg', 'LYR-Sony-20250201_035940.jpg', 'LYR-Sony-20250201_035950.jpg', 'LYR-Sony-20250201_040010.jpg', 'LYR-Sony-20250201_040020.jpg', 'LYR-Sony-20250201_040030.jpg', 'LYR-Sony-20250201_040040.jpg', 'LYR-Sony-20250201_040050.jpg', 'LYR-Sony-20250201_040100.jpg', 'LYR-Sony-20250201_040110.jpg', 'LYR-Sony-20250201_040120.jpg', 'LYR-Sony-20250201_040130.jpg', 'LYR-Sony-20250201_040140.jpg', 'LYR-Sony-20250201_040150.jpg', 'LYR-Sony-20250201_040200.jpg', 'LYR-Sony-20250201_040210.jpg', 'LYR-Sony-20250201_040230.jpg', 'LYR-Sony-20250201_040240.jpg', 'LYR-Sony-20250201_040250.jpg', 'LYR-Sony-20250201_040300.jpg', 'LYR-Sony-20250201_040310.jpg', 'LYR-Sony-20250201_040320.jpg', 'LYR-Sony-20250201_040330.jpg', 'LYR-Sony-20250201_040350.jpg', 'LYR-Sony-20250201_040410.jpg', 'LYR-Sony-20250201_040430.jpg', 'LYR-Sony-20250201_040450.jpg', 'LYR-Sony-20250201_040500.jpg', 'LYR-Sony-20250201_040510.jpg', 'LYR-Sony-20250201_040520.jpg', 'LYR-Sony-20250201_040530.jpg', 'LYR-Sony-20250201_040540.jpg', 'LYR-Sony-20250201_040550.jpg', 'LYR-Sony-20250201_040600.jpg', 'LYR-Sony-20250201_040610.jpg', 'LYR-Sony-20250201_040620.jpg', 'LYR-Sony-20250201_040630.jpg', 'LYR-Sony-20250201_040640.jpg', 'LYR-Sony-20250201_040700.jpg', 'LYR-Sony-20250201_040720.jpg', 'LYR-Sony-20250201_040730.jpg', 'LYR-Sony-20250201_040740.jpg', 'LYR-Sony-20250201_040750.jpg', 'LYR-Sony-20250201_040800.jpg', 'LYR-Sony-20250201_040810.jpg', 'LYR-Sony-20250201_040820.jpg', 'LYR-Sony-20250201_040840.jpg', 'LYR-Sony-20250201_040900.jpg', 'LYR-Sony-20250201_040920.jpg', 'LYR-Sony-20250201_040930.jpg', 'LYR-Sony-20250201_040940.jpg', 'LYR-Sony-20250201_040950.jpg', 'LYR-Sony-20250201_041000.jpg', 'LYR-Sony-20250201_041010.jpg', 'LYR-Sony-20250201_041020.jpg', 'LYR-Sony-20250201_041040.jpg', 'LYR-Sony-20250201_041050.jpg', 'LYR-Sony-20250201_041110.jpg', 'LYR-Sony-20250201_041120.jpg', 'LYR-Sony-20250201_041130.jpg', 'LYR-Sony-20250201_041140.jpg', 'LYR-Sony-20250201_041150.jpg', 'LYR-Sony-20250201_041200.jpg', 'LYR-Sony-20250201_041210.jpg', 'LYR-Sony-20250201_041220.jpg', 'LYR-Sony-20250201_041230.jpg', 'LYR-Sony-20250201_041240.jpg', 'LYR-Sony-20250201_041250.jpg', 'LYR-Sony-20250201_041300.jpg', 'LYR-Sony-20250201_041310.jpg', 'LYR-Sony-20250201_041330.jpg', 'LYR-Sony-20250201_041350.jpg', 'LYR-Sony-20250201_041400.jpg', 'LYR-Sony-20250201_041410.jpg', 'LYR-Sony-20250201_041420.jpg', 'LYR-Sony-20250201_041430.jpg', 'LYR-Sony-20250201_041440.jpg', 'LYR-Sony-20250201_041450.jpg', 'LYR-Sony-20250201_041500.jpg', 'LYR-Sony-20250201_041520.jpg', 'LYR-Sony-20250201_041530.jpg', 'LYR-Sony-20250201_041540.jpg', 'LYR-Sony-20250201_041550.jpg', 'LYR-Sony-20250201_041600.jpg', 'LYR-Sony-20250201_041610.jpg', 'LYR-Sony-20250201_041620.jpg', 'LYR-Sony-20250201_041630.jpg', 'LYR-Sony-20250201_041640.jpg', 'LYR-Sony-20250201_041650.jpg', 'LYR-Sony-20250201_041700.jpg', 'LYR-Sony-20250201_041710.jpg', 'LYR-Sony-20250201_041720.jpg', 'LYR-Sony-20250201_041730.jpg', 'LYR-Sony-20250201_041740.jpg', 'LYR-Sony-20250201_041750.jpg', 'LYR-Sony-20250201_041800.jpg', 'LYR-Sony-20250201_041820.jpg', 'LYR-Sony-20250201_041830.jpg', 'LYR-Sony-20250201_041840.jpg', 'LYR-Sony-20250201_041900.jpg', 'LYR-Sony-20250201_041910.jpg', 'LYR-Sony-20250201_041920.jpg', 'LYR-Sony-20250201_041930.jpg', 'LYR-Sony-20250201_041940.jpg', 'LYR-Sony-20250201_041950.jpg', 'LYR-Sony-20250201_042000.jpg', 'LYR-Sony-20250201_042010.jpg', 'LYR-Sony-20250201_042020.jpg', 'LYR-Sony-20250201_042040.jpg', 'LYR-Sony-20250201_042050.jpg', 'LYR-Sony-20250201_042100.jpg', 'LYR-Sony-20250201_042110.jpg', 'LYR-Sony-20250201_042120.jpg', 'LYR-Sony-20250201_042130.jpg', 'LYR-Sony-20250201_042150.jpg', 'LYR-Sony-20250201_042200.jpg', 'LYR-Sony-20250201_042210.jpg', 'LYR-Sony-20250201_042220.jpg', 'LYR-Sony-20250201_042230.jpg', 'LYR-Sony-20250201_042240.jpg', 'LYR-Sony-20250201_042300.jpg', 'LYR-Sony-20250201_042310.jpg', 'LYR-Sony-20250201_042320.jpg', 'LYR-Sony-20250201_042340.jpg', 'LYR-Sony-20250201_042350.jpg', 'LYR-Sony-20250201_042400.jpg', 'LYR-Sony-20250201_042410.jpg', 'LYR-Sony-20250201_042420.jpg', 'LYR-Sony-20250201_042430.jpg', 'LYR-Sony-20250201_042450.jpg', 'LYR-Sony-20250201_042500.jpg', 'LYR-Sony-20250201_042520.jpg', 'LYR-Sony-20250201_042530.jpg', 'LYR-Sony-20250201_042540.jpg', 'LYR-Sony-20250201_042550.jpg', 'LYR-Sony-20250201_042600.jpg', 'LYR-Sony-20250201_042610.jpg', 'LYR-Sony-20250201_042620.jpg', 'LYR-Sony-20250201_042640.jpg', 'LYR-Sony-20250201_042650.jpg', 'LYR-Sony-20250201_042710.jpg', 'LYR-Sony-20250201_042720.jpg', 'LYR-Sony-20250201_042730.jpg', 'LYR-Sony-20250201_042740.jpg', 'LYR-Sony-20250201_042750.jpg', 'LYR-Sony-20250201_042800.jpg', 'LYR-Sony-20250201_042810.jpg', 'LYR-Sony-20250201_042820.jpg', 'LYR-Sony-20250201_042830.jpg', 'LYR-Sony-20250201_042840.jpg', 'LYR-Sony-20250201_042850.jpg', 'LYR-Sony-20250201_042900.jpg', 'LYR-Sony-20250201_042910.jpg', 'LYR-Sony-20250201_042920.jpg', 'LYR-Sony-20250201_042930.jpg', 'LYR-Sony-20250201_042940.jpg', 'LYR-Sony-20250201_042950.jpg', 'LYR-Sony-20250201_043000.jpg', 'LYR-Sony-20250201_043010.jpg', 'LYR-Sony-20250201_043020.jpg', 'LYR-Sony-20250201_043030.jpg', 'LYR-Sony-20250201_043040.jpg', 'LYR-Sony-20250201_043100.jpg', 'LYR-Sony-20250201_043110.jpg', 'LYR-Sony-20250201_043130.jpg', 'LYR-Sony-20250201_043140.jpg', 'LYR-Sony-20250201_043200.jpg', 'LYR-Sony-20250201_043210.jpg', 'LYR-Sony-20250201_043220.jpg', 'LYR-Sony-20250201_043230.jpg', 'LYR-Sony-20250201_043240.jpg', 'LYR-Sony-20250201_043250.jpg', 'LYR-Sony-20250201_043300.jpg', 'LYR-Sony-20250201_043320.jpg', 'LYR-Sony-20250201_043330.jpg', 'LYR-Sony-20250201_043340.jpg', 'LYR-Sony-20250201_043350.jpg', 'LYR-Sony-20250201_043400.jpg', 'LYR-Sony-20250201_043410.jpg', 'LYR-Sony-20250201_043420.jpg', 'LYR-Sony-20250201_043430.jpg', 'LYR-Sony-20250201_043440.jpg', 'LYR-Sony-20250201_043450.jpg', 'LYR-Sony-20250201_043500.jpg', 'LYR-Sony-20250201_043520.jpg', 'LYR-Sony-20250201_043530.jpg', 'LYR-Sony-20250201_043540.jpg', 'LYR-Sony-20250201_043550.jpg', 'LYR-Sony-20250201_043600.jpg', 'LYR-Sony-20250201_043620.jpg', 'LYR-Sony-20250201_043630.jpg', 'LYR-Sony-20250201_043640.jpg', 'LYR-Sony-20250201_043650.jpg', 'LYR-Sony-20250201_043700.jpg', 'LYR-Sony-20250201_043710.jpg', 'LYR-Sony-20250201_043730.jpg', 'LYR-Sony-20250201_043740.jpg', 'LYR-Sony-20250201_043750.jpg', 'LYR-Sony-20250201_043800.jpg', 'LYR-Sony-20250201_043810.jpg', 'LYR-Sony-20250201_043820.jpg', 'LYR-Sony-20250201_043830.jpg', 'LYR-Sony-20250201_043840.jpg', 'LYR-Sony-20250201_043850.jpg', 'LYR-Sony-20250201_043910.jpg', 'LYR-Sony-20250201_043920.jpg', 'LYR-Sony-20250201_043930.jpg', 'LYR-Sony-20250201_043940.jpg', 'LYR-Sony-20250201_043950.jpg', 'LYR-Sony-20250201_044000.jpg', 'LYR-Sony-20250201_044010.jpg', 'LYR-Sony-20250201_044020.jpg', 'LYR-Sony-20250201_044030.jpg', 'LYR-Sony-20250201_044040.jpg', 'LYR-Sony-20250201_044050.jpg', 'LYR-Sony-20250201_044100.jpg', 'LYR-Sony-20250201_044110.jpg', 'LYR-Sony-20250201_044120.jpg', 'LYR-Sony-20250201_044130.jpg', 'LYR-Sony-20250201_044140.jpg', 'LYR-Sony-20250201_044150.jpg', 'LYR-Sony-20250201_044200.jpg', 'LYR-Sony-20250201_044210.jpg', 'LYR-Sony-20250201_044220.jpg', 'LYR-Sony-20250201_044230.jpg', 'LYR-Sony-20250201_044240.jpg', 'LYR-Sony-20250201_044300.jpg', 'LYR-Sony-20250201_044310.jpg', 'LYR-Sony-20250201_044320.jpg', 'LYR-Sony-20250201_044330.jpg', 'LYR-Sony-20250201_044340.jpg', 'LYR-Sony-20250201_044350.jpg', 'LYR-Sony-20250201_044400.jpg', 'LYR-Sony-20250201_044410.jpg', 'LYR-Sony-20250201_044420.jpg', 'LYR-Sony-20250201_044430.jpg', 'LYR-Sony-20250201_044440.jpg', 'LYR-Sony-20250201_044450.jpg', 'LYR-Sony-20250201_044500.jpg', 'LYR-Sony-20250201_044510.jpg', 'LYR-Sony-20250201_044520.jpg', 'LYR-Sony-20250201_044530.jpg', 'LYR-Sony-20250201_044550.jpg', 'LYR-Sony-20250201_044600.jpg', 'LYR-Sony-20250201_044620.jpg', 'LYR-Sony-20250201_044630.jpg', 'LYR-Sony-20250201_044640.jpg', 'LYR-Sony-20250201_044650.jpg', 'LYR-Sony-20250201_044700.jpg', 'LYR-Sony-20250201_044710.jpg', 'LYR-Sony-20250201_044720.jpg', 'LYR-Sony-20250201_044730.jpg', 'LYR-Sony-20250201_044750.jpg', 'LYR-Sony-20250201_044800.jpg', 'LYR-Sony-20250201_044810.jpg', 'LYR-Sony-20250201_044820.jpg', 'LYR-Sony-20250201_044830.jpg', 'LYR-Sony-20250201_044850.jpg', 'LYR-Sony-20250201_044900.jpg', 'LYR-Sony-20250201_044910.jpg', 'LYR-Sony-20250201_044920.jpg', 'LYR-Sony-20250201_044930.jpg', 'LYR-Sony-20250201_044940.jpg', 'LYR-Sony-20250201_044950.jpg', 'LYR-Sony-20250201_045000.jpg', 'LYR-Sony-20250201_045010.jpg', 'LYR-Sony-20250201_045020.jpg', 'LYR-Sony-20250201_045040.jpg', 'LYR-Sony-20250201_045050.jpg', 'LYR-Sony-20250201_045100.jpg', 'LYR-Sony-20250201_045110.jpg', 'LYR-Sony-20250201_045120.jpg', 'LYR-Sony-20250201_045130.jpg', 'LYR-Sony-20250201_045140.jpg', 'LYR-Sony-20250201_045150.jpg', 'LYR-Sony-20250201_045200.jpg', 'LYR-Sony-20250201_045210.jpg', 'LYR-Sony-20250201_045220.jpg', 'LYR-Sony-20250201_045230.jpg', 'LYR-Sony-20250201_045240.jpg', 'LYR-Sony-20250201_045250.jpg', 'LYR-Sony-20250201_045300.jpg', 'LYR-Sony-20250201_045310.jpg', 'LYR-Sony-20250201_045320.jpg', 'LYR-Sony-20250201_045330.jpg', 'LYR-Sony-20250201_045340.jpg', 'LYR-Sony-20250201_045350.jpg', 'LYR-Sony-20250201_045400.jpg', 'LYR-Sony-20250201_045410.jpg', 'LYR-Sony-20250201_045430.jpg', 'LYR-Sony-20250201_045440.jpg', 'LYR-Sony-20250201_045450.jpg', 'LYR-Sony-20250201_045500.jpg', 'LYR-Sony-20250201_045510.jpg', 'LYR-Sony-20250201_045520.jpg', 'LYR-Sony-20250201_045530.jpg', 'LYR-Sony-20250201_045540.jpg', 'LYR-Sony-20250201_045550.jpg', 'LYR-Sony-20250201_045600.jpg', 'LYR-Sony-20250201_045610.jpg', 'LYR-Sony-20250201_045630.jpg', 'LYR-Sony-20250201_045640.jpg', 'LYR-Sony-20250201_045650.jpg', 'LYR-Sony-20250201_045710.jpg', 'LYR-Sony-20250201_045720.jpg', 'LYR-Sony-20250201_045740.jpg', 'LYR-Sony-20250201_045750.jpg', 'LYR-Sony-20250201_045800.jpg', 'LYR-Sony-20250201_045820.jpg', 'LYR-Sony-20250201_045830.jpg', 'LYR-Sony-20250201_045840.jpg', 'LYR-Sony-20250201_045850.jpg', 'LYR-Sony-20250201_045900.jpg', 'LYR-Sony-20250201_045910.jpg', 'LYR-Sony-20250201_045920.jpg', 'LYR-Sony-20250201_045930.jpg', 'LYR-Sony-20250201_045940.jpg', 'LYR-Sony-20250201_050000.jpg', 'LYR-Sony-20250201_050010.jpg', 'LYR-Sony-20250201_050030.jpg', 'LYR-Sony-20250201_050040.jpg', 'LYR-Sony-20250201_050050.jpg', 'LYR-Sony-20250201_050100.jpg', 'LYR-Sony-20250201_050110.jpg', 'LYR-Sony-20250201_050120.jpg', 'LYR-Sony-20250201_050130.jpg', 'LYR-Sony-20250201_050140.jpg', 'LYR-Sony-20250201_050150.jpg', 'LYR-Sony-20250201_050200.jpg', 'LYR-Sony-20250201_050210.jpg', 'LYR-Sony-20250201_050220.jpg', 'LYR-Sony-20250201_050230.jpg', 'LYR-Sony-20250201_050240.jpg', 'LYR-Sony-20250201_050250.jpg', 'LYR-Sony-20250201_050300.jpg', 'LYR-Sony-20250201_050310.jpg', 'LYR-Sony-20250201_050320.jpg', 'LYR-Sony-20250201_050330.jpg', 'LYR-Sony-20250201_050340.jpg', 'LYR-Sony-20250201_050400.jpg', 'LYR-Sony-20250201_050410.jpg', 'LYR-Sony-20250201_050420.jpg', 'LYR-Sony-20250201_050430.jpg', 'LYR-Sony-20250201_050440.jpg', 'LYR-Sony-20250201_050450.jpg', 'LYR-Sony-20250201_050500.jpg', 'LYR-Sony-20250201_050510.jpg', 'LYR-Sony-20250201_050520.jpg', 'LYR-Sony-20250201_050530.jpg', 'LYR-Sony-20250201_050540.jpg', 'LYR-Sony-20250201_050600.jpg', 'LYR-Sony-20250201_050610.jpg', 'LYR-Sony-20250201_050620.jpg', 'LYR-Sony-20250201_050640.jpg', 'LYR-Sony-20250201_050650.jpg', 'LYR-Sony-20250201_050700.jpg', 'LYR-Sony-20250201_050710.jpg', 'LYR-Sony-20250201_050720.jpg', 'LYR-Sony-20250201_050730.jpg', 'LYR-Sony-20250201_050740.jpg', 'LYR-Sony-20250201_050750.jpg', 'LYR-Sony-20250201_050800.jpg', 'LYR-Sony-20250201_050810.jpg', 'LYR-Sony-20250201_050820.jpg', 'LYR-Sony-20250201_050830.jpg', 'LYR-Sony-20250201_050840.jpg', 'LYR-Sony-20250201_050850.jpg', 'LYR-Sony-20250201_050900.jpg', 'LYR-Sony-20250201_050910.jpg', 'LYR-Sony-20250201_050920.jpg', 'LYR-Sony-20250201_050930.jpg', 'LYR-Sony-20250201_050940.jpg', 'LYR-Sony-20250201_050950.jpg', 'LYR-Sony-20250201_051000.jpg', 'LYR-Sony-20250201_051010.jpg', 'LYR-Sony-20250201_051020.jpg', 'LYR-Sony-20250201_051030.jpg', 'LYR-Sony-20250201_051040.jpg', 'LYR-Sony-20250201_051050.jpg', 'LYR-Sony-20250201_051100.jpg', 'LYR-Sony-20250201_051110.jpg', 'LYR-Sony-20250201_051120.jpg', 'LYR-Sony-20250201_051130.jpg', 'LYR-Sony-20250201_051140.jpg', 'LYR-Sony-20250201_051200.jpg', 'LYR-Sony-20250201_051210.jpg', 'LYR-Sony-20250201_051220.jpg', 'LYR-Sony-20250201_051230.jpg', 'LYR-Sony-20250201_051240.jpg', 'LYR-Sony-20250201_051250.jpg', 'LYR-Sony-20250201_051300.jpg', 'LYR-Sony-20250201_051310.jpg', 'LYR-Sony-20250201_051320.jpg', 'LYR-Sony-20250201_051330.jpg', 'LYR-Sony-20250201_051340.jpg', 'LYR-Sony-20250201_051350.jpg', 'LYR-Sony-20250201_051410.jpg', 'LYR-Sony-20250201_051420.jpg', 'LYR-Sony-20250201_051430.jpg', 'LYR-Sony-20250201_051440.jpg', 'LYR-Sony-20250201_051450.jpg', 'LYR-Sony-20250201_051500.jpg', 'LYR-Sony-20250201_051520.jpg', 'LYR-Sony-20250201_051530.jpg', 'LYR-Sony-20250201_051540.jpg', 'LYR-Sony-20250201_051550.jpg', 'LYR-Sony-20250201_051600.jpg', 'LYR-Sony-20250201_051610.jpg', 'LYR-Sony-20250201_051620.jpg', 'LYR-Sony-20250201_051630.jpg', 'LYR-Sony-20250201_051650.jpg', 'LYR-Sony-20250201_051700.jpg', 'LYR-Sony-20250201_051710.jpg', 'LYR-Sony-20250201_051720.jpg', 'LYR-Sony-20250201_051730.jpg', 'LYR-Sony-20250201_051740.jpg', 'LYR-Sony-20250201_051750.jpg', 'LYR-Sony-20250201_051800.jpg', 'LYR-Sony-20250201_051810.jpg', 'LYR-Sony-20250201_051820.jpg', 'LYR-Sony-20250201_051840.jpg', 'LYR-Sony-20250201_051850.jpg', 'LYR-Sony-20250201_051900.jpg', 'LYR-Sony-20250201_051910.jpg', 'LYR-Sony-20250201_051920.jpg', 'LYR-Sony-20250201_051930.jpg', 'LYR-Sony-20250201_051940.jpg', 'LYR-Sony-20250201_051950.jpg', 'LYR-Sony-20250201_052000.jpg', 'LYR-Sony-20250201_052020.jpg', 'LYR-Sony-20250201_052030.jpg', 'LYR-Sony-20250201_052040.jpg', 'LYR-Sony-20250201_052100.jpg', 'LYR-Sony-20250201_052110.jpg', 'LYR-Sony-20250201_052120.jpg', 'LYR-Sony-20250201_052130.jpg', 'LYR-Sony-20250201_052150.jpg', 'LYR-Sony-20250201_052200.jpg', 'LYR-Sony-20250201_052210.jpg', 'LYR-Sony-20250201_052220.jpg', 'LYR-Sony-20250201_052240.jpg', 'LYR-Sony-20250201_052250.jpg', 'LYR-Sony-20250201_052300.jpg', 'LYR-Sony-20250201_052320.jpg', 'LYR-Sony-20250201_052340.jpg', 'LYR-Sony-20250201_052350.jpg', 'LYR-Sony-20250201_052400.jpg', 'LYR-Sony-20250201_052410.jpg', 'LYR-Sony-20250201_052420.jpg', 'LYR-Sony-20250201_052430.jpg', 'LYR-Sony-20250201_052440.jpg', 'LYR-Sony-20250201_052450.jpg', 'LYR-Sony-20250201_052500.jpg', 'LYR-Sony-20250201_052510.jpg', 'LYR-Sony-20250201_052520.jpg', 'LYR-Sony-20250201_052530.jpg', 'LYR-Sony-20250201_052540.jpg', 'LYR-Sony-20250201_052550.jpg', 'LYR-Sony-20250201_052600.jpg', 'LYR-Sony-20250201_052620.jpg', 'LYR-Sony-20250201_052630.jpg', 'LYR-Sony-20250201_052650.jpg', 'LYR-Sony-20250201_052700.jpg', 'LYR-Sony-20250201_052710.jpg', 'LYR-Sony-20250201_052720.jpg', 'LYR-Sony-20250201_052730.jpg', 'LYR-Sony-20250201_052740.jpg', 'LYR-Sony-20250201_052750.jpg', 'LYR-Sony-20250201_052800.jpg', 'LYR-Sony-20250201_052810.jpg', 'LYR-Sony-20250201_052820.jpg', 'LYR-Sony-20250201_052830.jpg', 'LYR-Sony-20250201_052840.jpg', 'LYR-Sony-20250201_052850.jpg', 'LYR-Sony-20250201_052900.jpg', 'LYR-Sony-20250201_052910.jpg', 'LYR-Sony-20250201_052920.jpg', 'LYR-Sony-20250201_052930.jpg', 'LYR-Sony-20250201_052940.jpg', 'LYR-Sony-20250201_052950.jpg', 'LYR-Sony-20250201_053010.jpg', 'LYR-Sony-20250201_053030.jpg', 'LYR-Sony-20250201_053040.jpg', 'LYR-Sony-20250201_053050.jpg', 'LYR-Sony-20250201_053100.jpg', 'LYR-Sony-20250201_053110.jpg', 'LYR-Sony-20250201_053120.jpg', 'LYR-Sony-20250201_053140.jpg', 'LYR-Sony-20250201_053150.jpg', 'LYR-Sony-20250201_053210.jpg', 'LYR-Sony-20250201_053230.jpg', 'LYR-Sony-20250201_053240.jpg', 'LYR-Sony-20250201_053250.jpg', 'LYR-Sony-20250201_053310.jpg', 'LYR-Sony-20250201_053320.jpg', 'LYR-Sony-20250201_053330.jpg', 'LYR-Sony-20250201_053340.jpg', 'LYR-Sony-20250201_053350.jpg', 'LYR-Sony-20250201_053400.jpg', 'LYR-Sony-20250201_053410.jpg', 'LYR-Sony-20250201_053420.jpg', 'LYR-Sony-20250201_053430.jpg', 'LYR-Sony-20250201_053450.jpg', 'LYR-Sony-20250201_053500.jpg', 'LYR-Sony-20250201_053520.jpg', 'LYR-Sony-20250201_053530.jpg', 'LYR-Sony-20250201_053540.jpg', 'LYR-Sony-20250201_053550.jpg', 'LYR-Sony-20250201_053600.jpg', 'LYR-Sony-20250201_053610.jpg', 'LYR-Sony-20250201_053620.jpg', 'LYR-Sony-20250201_053630.jpg', 'LYR-Sony-20250201_053640.jpg', 'LYR-Sony-20250201_053650.jpg', 'LYR-Sony-20250201_053700.jpg', 'LYR-Sony-20250201_053710.jpg', 'LYR-Sony-20250201_053720.jpg', 'LYR-Sony-20250201_053730.jpg', 'LYR-Sony-20250201_053740.jpg', 'LYR-Sony-20250201_053750.jpg', 'LYR-Sony-20250201_053800.jpg', 'LYR-Sony-20250201_053810.jpg', 'LYR-Sony-20250201_053830.jpg', 'LYR-Sony-20250201_053850.jpg', 'LYR-Sony-20250201_053900.jpg']"
2025-03-26,00:37:33,?,"no, so therefore a fake one perhaps",,"Skibotn, field-aligned thin white structure",Noora,GHOST  ???,False,False,0,\\birkeland.unis.no\KHO\MISS-2\2025\03\26,\\birkeland.unis.no\KHO\Sony\2025\03\26,0,0,,from: 00:37:33,[],[]
2025-03-27,00:46,01:14,no,,IRF Kiruna,Noora / Gabriel,GHOST,False,False,0,\\birkeland.unis.no\KHO\MISS-2\2025\03\27,\\birkeland.unis.no\KHO\Sony\2025\03\27,0,0,,range: 00:46:00 - 01:14:00,[],[]
